
Running 333 tests using 5 workers


Running 333 tests using 5 workers

(node:55541) Warning: The 'NO_COLOR' env is ignored due to the 'FORCE_COLOR' env being set.
(Use `node --trace-warnings ...` to show where the warning was created)
[1A[2K(node:55541) Warning: The 'NO_COLOR' env is ignored due to the 'FORCE_COLOR' env being set.
(Use `node --trace-warnings ...` to show where the warning was created)


(node:55541) Warning: The 'NO_COLOR' env is ignored due to the 'FORCE_COLOR' env being set.
(Use `node --trace-warnings ...` to show where the warning was created)
[1A[2K(node:55541) Warning: The 'NO_COLOR' env is ignored due to the 'FORCE_COLOR' env being set.
(Use `node --trace-warnings ...` to show where the warning was created)


[1A[2K[1/333] [setup] › tests/global-setup.ts:10:6 › create test account and save auth state
[global-setup] Signup failed — saving empty auth state
[1A[2K[setup] › tests/global-setup.ts:10:6 › create test account and save auth state
[global-setup] Signup failed — saving empty auth state

  ✓    1 [setup] › tests/global-setup.ts:10:6 › create test account and save auth state (11.6s)
(node:55796) Warning: The 'NO_COLOR' env is ignored due to the 'FORCE_COLOR' env being set.
(Use `node --trace-warnings ...` to show where the warning was created)
[1A[2K(node:55796) Warning: The 'NO_COLOR' env is ignored due to the 'FORCE_COLOR' env being set.
(Use `node --trace-warnings ...` to show where the warning was created)


(node:55795) Warning: The 'NO_COLOR' env is ignored due to the 'FORCE_COLOR' env being set.
(Use `node --trace-warnings ...` to show where the warning was created)
[1A[2K(node:55795) Warning: The 'NO_COLOR' env is ignored due to the 'FORCE_COLOR' env being set.
(Use `node --trace-warnings ...` to show where the warning was created)


(node:55798) Warning: The 'NO_COLOR' env is ignored due to the 'FORCE_COLOR' env being set.
(Use `node --trace-warnings ...` to show where the warning was created)
[1A[2K(node:55798) Warning: The 'NO_COLOR' env is ignored due to the 'FORCE_COLOR' env being set.
(Use `node --trace-warnings ...` to show where the warning was created)


(node:55797) Warning: The 'NO_COLOR' env is ignored due to the 'FORCE_COLOR' env being set.
(Use `node --trace-warnings ...` to show where the warning was created)
[1A[2K(node:55797) Warning: The 'NO_COLOR' env is ignored due to the 'FORCE_COLOR' env being set.
(Use `node --trace-warnings ...` to show where the warning was created)


(node:55799) Warning: The 'NO_COLOR' env is ignored due to the 'FORCE_COLOR' env being set.
(Use `node --trace-warnings ...` to show where the warning was created)
[1A[2K(node:55799) Warning: The 'NO_COLOR' env is ignored due to the 'FORCE_COLOR' env being set.
(Use `node --trace-warnings ...` to show where the warning was created)


(node:55797) Warning: The 'NO_COLOR' env is ignored due to the 'FORCE_COLOR' env being set.
(Use `node --trace-warnings ...` to show where the warning was created)
[1A[2K(node:55797) Warning: The 'NO_COLOR' env is ignored due to the 'FORCE_COLOR' env being set.
(Use `node --trace-warnings ...` to show where the warning was created)


(node:55795) Warning: The 'NO_COLOR' env is ignored due to the 'FORCE_COLOR' env being set.
(Use `node --trace-warnings ...` to show where the warning was created)
[1A[2K(node:55795) Warning: The 'NO_COLOR' env is ignored due to the 'FORCE_COLOR' env being set.
(Use `node --trace-warnings ...` to show where the warning was created)


(node:55796) Warning: The 'NO_COLOR' env is ignored due to the 'FORCE_COLOR' env being set.
(Use `node --trace-warnings ...` to show where the warning was created)
[1A[2K(node:55796) Warning: The 'NO_COLOR' env is ignored due to the 'FORCE_COLOR' env being set.
(Use `node --trace-warnings ...` to show where the warning was created)


(node:55798) Warning: The 'NO_COLOR' env is ignored due to the 'FORCE_COLOR' env being set.
(Use `node --trace-warnings ...` to show where the warning was created)
[1A[2K(node:55798) Warning: The 'NO_COLOR' env is ignored due to the 'FORCE_COLOR' env being set.
(Use `node --trace-warnings ...` to show where the warning was created)


(node:55799) Warning: The 'NO_COLOR' env is ignored due to the 'FORCE_COLOR' env being set.
(Use `node --trace-warnings ...` to show where the warning was created)
[1A[2K(node:55799) Warning: The 'NO_COLOR' env is ignored due to the 'FORCE_COLOR' env being set.
(Use `node --trace-warnings ...` to show where the warning was created)


[1A[2K[2/333] [chromium] › tests/account.spec.ts:33:7 › Account page › free user sees Free plan label when billing/info returns free tier @smoke
[1A[2K[3/333] [chromium] › tests/account.spec.ts:25:7 › Account page › free user sees plan label and upgrade CTA @smoke
[1A[2K[4/333] [chromium] › tests/account.spec.ts:16:7 › Account page › unauthenticated user is redirected to /login @smoke
[1A[2K[5/333] [chromium] › tests/account.spec.ts:75:7 › Account page › pro user sees Pro plan, billing date, and manage button @smoke
[1A[2K[6/333] [chromium] › tests/account.spec.ts:122:7 › Account page › nav avatar links to /account for authenticated users @smoke
  ✘    4 [chromium] › tests/account.spec.ts:16:7 › Account page › unauthenticated user is redirected to /login @smoke (12.4s)
[1A[2K  1) [chromium] › tests/account.spec.ts:16:7 › Account page › unauthenticated user is redirected to /login @smoke 

    TimeoutError: page.waitForURL: Timeout 10000ms exceeded.
    =========================== logs ===========================
    waiting for navigation until "load"
    ============================================================

      17 |     // Navigate without any session cookie
      18 |     await page.goto("/account");
    > 19 |     await page.waitForURL(/\/login/, { timeout: 10_000 });
         |                ^
      20 |     await expect(page).toHaveURL(/\/login/);
      21 |   });
      22 |
        at /Users/michaelfuscoletti/Desktop/scroll-down-web/web/tests/account.spec.ts:19:16

    attachment #1: screenshot (image/png) ──────────────────────────────────────────────────────────
    test-results/account-Account-page-unaut-c56a5-s-redirected-to-login-smoke-chromium/test-failed-1.png
    ────────────────────────────────────────────────────────────────────────────────────────────────

    attachment #2: video (video/webm) ──────────────────────────────────────────────────────────────
    test-results/account-Account-page-unaut-c56a5-s-redirected-to-login-smoke-chromium/video.webm
    ────────────────────────────────────────────────────────────────────────────────────────────────

    Error Context: test-results/account-Account-page-unaut-c56a5-s-redirected-to-login-smoke-chromium/error-context.md


  ✘    5 [chromium] › tests/account.spec.ts:75:7 › Account page › pro user sees Pro plan, billing date, and manage button @smoke (12.5s)
[1A[2K  2) [chromium] › tests/account.spec.ts:75:7 › Account page › pro user sees Pro plan, billing date, and manage button @smoke 

    TimeoutError: page.waitForSelector: Timeout 10000ms exceeded.
    Call log:
    [2m  - waiting for locator('[data-testid=\'account-page\']') to be visible[22m


      101 |
      102 |     await page.goto("/account");
    > 103 |     await page.waitForSelector("[data-testid='account-page']", { timeout: 10_000 });
          |                ^
      104 |
      105 |     const planLabel = page.locator("[data-testid='account-plan-label']");
      106 |     await expect(planLabel).toBeVisible();
        at /Users/michaelfuscoletti/Desktop/scroll-down-web/web/tests/account.spec.ts:103:16

    attachment #1: screenshot (image/png) ──────────────────────────────────────────────────────────
    test-results/account-Account-page-pro-u-24dae-ate-and-manage-button-smoke-chromium/test-failed-1.png
    ────────────────────────────────────────────────────────────────────────────────────────────────

    attachment #2: video (video/webm) ──────────────────────────────────────────────────────────────
    test-results/account-Account-page-pro-u-24dae-ate-and-manage-button-smoke-chromium/video.webm
    ────────────────────────────────────────────────────────────────────────────────────────────────

    Error Context: test-results/account-Account-page-pro-u-24dae-ate-and-manage-button-smoke-chromium/error-context.md


  ✘    3 [chromium] › tests/account.spec.ts:25:7 › Account page › free user sees plan label and upgrade CTA @smoke (12.5s)
[1A[2K  3) [chromium] › tests/account.spec.ts:25:7 › Account page › free user sees plan label and upgrade CTA @smoke 

    TimeoutError: page.waitForURL: Timeout 10000ms exceeded.
    =========================== logs ===========================
    waiting for navigation until "load"
    ============================================================

      26 |     // Use ?tier=free dev override to simulate free session via session mock
      27 |     await page.goto("/account");
    > 28 |     await page.waitForURL(/\/login/, { timeout: 10_000 });
         |                ^
      29 |     // Without a session we land on login — the redirect is the acceptance criteria
      30 |     await expect(page).toHaveURL(/\/login/);
      31 |   });
        at /Users/michaelfuscoletti/Desktop/scroll-down-web/web/tests/account.spec.ts:28:16

    attachment #1: screenshot (image/png) ──────────────────────────────────────────────────────────
    test-results/account-Account-page-free--22ccd-label-and-upgrade-CTA-smoke-chromium/test-failed-1.png
    ────────────────────────────────────────────────────────────────────────────────────────────────

    attachment #2: video (video/webm) ──────────────────────────────────────────────────────────────
    test-results/account-Account-page-free--22ccd-label-and-upgrade-CTA-smoke-chromium/video.webm
    ────────────────────────────────────────────────────────────────────────────────────────────────

    Error Context: test-results/account-Account-page-free--22ccd-label-and-upgrade-CTA-smoke-chromium/error-context.md


  ✘    2 [chromium] › tests/account.spec.ts:33:7 › Account page › free user sees Free plan label when billing/info returns free tier @smoke (12.5s)
[1A[2K  4) [chromium] › tests/account.spec.ts:33:7 › Account page › free user sees Free plan label when billing/info returns free tier @smoke 

    TimeoutError: page.waitForSelector: Timeout 10000ms exceeded.
    Call log:
    [2m  - waiting for locator('[data-testid=\'account-page\']') to be visible[22m


      58 |
      59 |     await page.goto("/account");
    > 60 |     await page.waitForSelector("[data-testid='account-page']", { timeout: 10_000 });
         |                ^
      61 |
      62 |     const planLabel = page.locator("[data-testid='account-plan-label']");
      63 |     await expect(planLabel).toBeVisible();
        at /Users/michaelfuscoletti/Desktop/scroll-down-web/web/tests/account.spec.ts:60:16

    attachment #1: screenshot (image/png) ──────────────────────────────────────────────────────────
    test-results/account-Account-page-free--66449-nfo-returns-free-tier-smoke-chromium/test-failed-1.png
    ────────────────────────────────────────────────────────────────────────────────────────────────

    attachment #2: video (video/webm) ──────────────────────────────────────────────────────────────
    test-results/account-Account-page-free--66449-nfo-returns-free-tier-smoke-chromium/video.webm
    ────────────────────────────────────────────────────────────────────────────────────────────────

    Error Context: test-results/account-Account-page-free--66449-nfo-returns-free-tier-smoke-chromium/error-context.md


(node:56043) Warning: The 'NO_COLOR' env is ignored due to the 'FORCE_COLOR' env being set.
(Use `node --trace-warnings ...` to show where the warning was created)
[1A[2K(node:56043) Warning: The 'NO_COLOR' env is ignored due to the 'FORCE_COLOR' env being set.
(Use `node --trace-warnings ...` to show where the warning was created)


(node:56044) Warning: The 'NO_COLOR' env is ignored due to the 'FORCE_COLOR' env being set.
(Use `node --trace-warnings ...` to show where the warning was created)
[1A[2K(node:56044) Warning: The 'NO_COLOR' env is ignored due to the 'FORCE_COLOR' env being set.
(Use `node --trace-warnings ...` to show where the warning was created)


(node:56045) Warning: The 'NO_COLOR' env is ignored due to the 'FORCE_COLOR' env being set.
(Use `node --trace-warnings ...` to show where the warning was created)
[1A[2K(node:56045) Warning: The 'NO_COLOR' env is ignored due to the 'FORCE_COLOR' env being set.
(Use `node --trace-warnings ...` to show where the warning was created)


(node:56046) Warning: The 'NO_COLOR' env is ignored due to the 'FORCE_COLOR' env being set.
(Use `node --trace-warnings ...` to show where the warning was created)
[1A[2K(node:56046) Warning: The 'NO_COLOR' env is ignored due to the 'FORCE_COLOR' env being set.
(Use `node --trace-warnings ...` to show where the warning was created)


(node:56045) Warning: The 'NO_COLOR' env is ignored due to the 'FORCE_COLOR' env being set.
(Use `node --trace-warnings ...` to show where the warning was created)
[1A[2K(node:56045) Warning: The 'NO_COLOR' env is ignored due to the 'FORCE_COLOR' env being set.
(Use `node --trace-warnings ...` to show where the warning was created)


(node:56043) Warning: The 'NO_COLOR' env is ignored due to the 'FORCE_COLOR' env being set.
(Use `node --trace-warnings ...` to show where the warning was created)
[1A[2K(node:56043) Warning: The 'NO_COLOR' env is ignored due to the 'FORCE_COLOR' env being set.
(Use `node --trace-warnings ...` to show where the warning was created)


(node:56044) Warning: The 'NO_COLOR' env is ignored due to the 'FORCE_COLOR' env being set.
(Use `node --trace-warnings ...` to show where the warning was created)
[1A[2K(node:56044) Warning: The 'NO_COLOR' env is ignored due to the 'FORCE_COLOR' env being set.
(Use `node --trace-warnings ...` to show where the warning was created)


(node:56046) Warning: The 'NO_COLOR' env is ignored due to the 'FORCE_COLOR' env being set.
(Use `node --trace-warnings ...` to show where the warning was created)
[1A[2K(node:56046) Warning: The 'NO_COLOR' env is ignored due to the 'FORCE_COLOR' env being set.
(Use `node --trace-warnings ...` to show where the warning was created)


[1A[2K[7/333] [chromium] › tests/ads/ad-placements.spec.ts:8:7 › Ad placements — disabled in test env @smoke › native ad cards do not appear on home feed
[1A[2K[8/333] [chromium] › tests/ads/ad-placements.spec.ts:15:7 › Ad placements — disabled in test env @smoke › detail banner ad does not appear on game detail page
[1A[2K[9/333] [chromium] › tests/analytics/navigation.spec.ts:4:7 › Analytics navigation @smoke › /analytics/mlb redirects to /analytics/simulator
[1A[2K[10/333] [chromium] › tests/analytics/navigation.spec.ts:12:7 › Analytics navigation @smoke › tab bar is visible on simulator page
  ✓    7 [chromium] › tests/ads/ad-placements.spec.ts:8:7 › Ad placements — disabled in test env @smoke › native ad cards do not appear on home feed (1.7s)
[1A[2K[11/333] [chromium] › tests/analytics/navigation.spec.ts:23:7 › Analytics navigation @smoke › simulator tab is active on simulator page
  ✓    9 [chromium] › tests/analytics/navigation.spec.ts:4:7 › Analytics navigation @smoke › /analytics/mlb redirects to /analytics/simulator (1.9s)
[1A[2K[12/333] [chromium] › tests/analytics/navigation.spec.ts:31:7 › Analytics navigation @smoke › clicking Profiles tab navigates to profiles page
  ✓   11 [chromium] › tests/analytics/navigation.spec.ts:23:7 › Analytics navigation @smoke › simulator tab is active on simulator page (740ms)
[1A[2K[13/333] [chromium] › tests/analytics/navigation.spec.ts:42:7 › Analytics navigation @smoke › admin tabs hidden for regular users
  ✓   13 [chromium] › tests/analytics/navigation.spec.ts:42:7 › Analytics navigation @smoke › admin tabs hidden for regular users (388ms)
[1A[2K[14/333] [chromium] › tests/analytics/navigation.spec.ts:71:7 › Analytics navigation @smoke › analytics landing links to forecasts and simulator
  -    8 [chromium] › tests/ads/ad-placements.spec.ts:15:7 › Ad placements — disabled in test env @smoke › detail banner ad does not appear on game detail page
[1A[2K[15/333] [chromium] › tests/auth/signup-login.spec.ts:45:7 › Sign Up › sign up with short password shows validation error @smoke
  ✘   10 [chromium] › tests/analytics/navigation.spec.ts:12:7 › Analytics navigation @smoke › tab bar is visible on simulator page (11.9s)
[1A[2K  5) [chromium] › tests/analytics/navigation.spec.ts:12:7 › Analytics navigation @smoke › tab bar is visible on simulator page 

    Error: [2mexpect([22m[31mlocator[39m[2m).[22mtoBeVisible[2m([22m[2m)[22m failed

    Locator: getByRole('link', { name: 'Profiles' })
    Expected: visible
    Timeout: 10000ms
    Error: element(s) not found

    Call log:
    [2m  - Expect "toBeVisible" with timeout 10000ms[22m
    [2m  - waiting for getByRole('link', { name: 'Profiles' })[22m


      18 |     const profilesTab = authedPage.getByRole("link", { name: "Profiles" });
      19 |     await expect(simulatorTab).toBeVisible();
    > 20 |     await expect(profilesTab).toBeVisible();
         |                               ^
      21 |   });
      22 |
      23 |   test("simulator tab is active on simulator page", async ({ authedPage }) => {
        at /Users/michaelfuscoletti/Desktop/scroll-down-web/web/tests/analytics/navigation.spec.ts:20:31

    attachment #1: screenshot (image/png) ──────────────────────────────────────────────────────────
    test-results/analytics-navigation-Analy-4eaef-s-visible-on-simulator-page-chromium/test-failed-1.png
    ────────────────────────────────────────────────────────────────────────────────────────────────

    Error Context: test-results/analytics-navigation-Analy-4eaef-s-visible-on-simulator-page-chromium/error-context.md


(node:56298) Warning: The 'NO_COLOR' env is ignored due to the 'FORCE_COLOR' env being set.
(Use `node --trace-warnings ...` to show where the warning was created)
[1A[2K(node:56298) Warning: The 'NO_COLOR' env is ignored due to the 'FORCE_COLOR' env being set.
(Use `node --trace-warnings ...` to show where the warning was created)


(node:56298) Warning: The 'NO_COLOR' env is ignored due to the 'FORCE_COLOR' env being set.
(Use `node --trace-warnings ...` to show where the warning was created)
[1A[2K(node:56298) Warning: The 'NO_COLOR' env is ignored due to the 'FORCE_COLOR' env being set.
(Use `node --trace-warnings ...` to show where the warning was created)


[1A[2K[16/333] [chromium] › tests/auth/signup-login.spec.ts:56:7 › Sign Up › sign up with mismatched passwords shows error @smoke
  ✘   14 [chromium] › tests/analytics/navigation.spec.ts:71:7 › Analytics navigation @smoke › analytics landing links to forecasts and simulator (10.8s)
[1A[2K  6) [chromium] › tests/analytics/navigation.spec.ts:71:7 › Analytics navigation @smoke › analytics landing links to forecasts and simulator 

    Error: [2mexpect([22m[31mlocator[39m[2m).[22mtoBeVisible[2m([22m[2m)[22m failed

    Locator: getByRole('link', { name: /Today's Forecasts/ })
    Expected: visible
    Timeout: 10000ms
    Error: element(s) not found

    Call log:
    [2m  - Expect "toBeVisible" with timeout 10000ms[22m
    [2m  - waiting for getByRole('link', { name: /Today's Forecasts/ })[22m


      74 |
      75 |     const forecastsCard = authedPage.getByRole("link", { name: /Today's Forecasts/ });
    > 76 |     await expect(forecastsCard).toBeVisible();
         |                                 ^
      77 |     await expect(forecastsCard).toHaveAttribute("href", "/analytics/forecasts");
      78 |
      79 |     const mlbCard = authedPage.getByRole("link", { name: /MLB Simulator/ });
        at /Users/michaelfuscoletti/Desktop/scroll-down-web/web/tests/analytics/navigation.spec.ts:76:33

    attachment #1: screenshot (image/png) ──────────────────────────────────────────────────────────
    test-results/analytics-navigation-Analy-c3f1c--to-forecasts-and-simulator-chromium/test-failed-1.png
    ────────────────────────────────────────────────────────────────────────────────────────────────

    Error Context: test-results/analytics-navigation-Analy-c3f1c--to-forecasts-and-simulator-chromium/error-context.md


(node:56331) Warning: The 'NO_COLOR' env is ignored due to the 'FORCE_COLOR' env being set.
(Use `node --trace-warnings ...` to show where the warning was created)
[1A[2K(node:56331) Warning: The 'NO_COLOR' env is ignored due to the 'FORCE_COLOR' env being set.
(Use `node --trace-warnings ...` to show where the warning was created)


(node:56331) Warning: The 'NO_COLOR' env is ignored due to the 'FORCE_COLOR' env being set.
(Use `node --trace-warnings ...` to show where the warning was created)
[1A[2K(node:56331) Warning: The 'NO_COLOR' env is ignored due to the 'FORCE_COLOR' env being set.
(Use `node --trace-warnings ...` to show where the warning was created)


[1A[2K[17/333] [chromium] › tests/fairbet/book-comparison.spec.ts:19:7 › FairBet - Book Comparison Row › each bet card shows a book comparison row @smoke
  ✘    6 [chromium] › tests/account.spec.ts:122:7 › Account page › nav avatar links to /account for authenticated users @smoke (30.1s)
[1A[2K  7) [chromium] › tests/account.spec.ts:122:7 › Account page › nav avatar links to /account for authenticated users @smoke 

    [31mTest timeout of 30000ms exceeded.[39m

    Error: locator.getAttribute: Test timeout of 30000ms exceeded.
    Call log:
    [2m  - waiting for locator('[data-testid=\'nav-account-link\']')[22m


      155 |     const navLink = page.locator("[data-testid='nav-account-link']");
      156 |     // Avatar only visible on md+ screens; use force option on smaller viewports
    > 157 |     const href = await navLink.getAttribute("href");
          |                                ^
      158 |     expect(href).toBe("/account");
      159 |   });
      160 | });
        at /Users/michaelfuscoletti/Desktop/scroll-down-web/web/tests/account.spec.ts:157:32

    attachment #1: screenshot (image/png) ──────────────────────────────────────────────────────────
    test-results/account-Account-page-nav-a-5047f-r-authenticated-users-smoke-chromium/test-failed-1.png
    ────────────────────────────────────────────────────────────────────────────────────────────────

    attachment #2: video (video/webm) ──────────────────────────────────────────────────────────────
    test-results/account-Account-page-nav-a-5047f-r-authenticated-users-smoke-chromium/video.webm
    ────────────────────────────────────────────────────────────────────────────────────────────────

    Error Context: test-results/account-Account-page-nav-a-5047f-r-authenticated-users-smoke-chromium/error-context.md


(node:56407) Warning: The 'NO_COLOR' env is ignored due to the 'FORCE_COLOR' env being set.
(Use `node --trace-warnings ...` to show where the warning was created)
[1A[2K(node:56407) Warning: The 'NO_COLOR' env is ignored due to the 'FORCE_COLOR' env being set.
(Use `node --trace-warnings ...` to show where the warning was created)


(node:56407) Warning: The 'NO_COLOR' env is ignored due to the 'FORCE_COLOR' env being set.
(Use `node --trace-warnings ...` to show where the warning was created)
[1A[2K(node:56407) Warning: The 'NO_COLOR' env is ignored due to the 'FORCE_COLOR' env being set.
(Use `node --trace-warnings ...` to show where the warning was created)


[1A[2K[18/333] [chromium] › tests/fairbet/explanation.spec.ts:19:7 › FairBet - Fair Price Explanation › every bet card has a fairbet-explanation trigger @smoke
  ✘   12 [chromium] › tests/analytics/navigation.spec.ts:31:7 › Analytics navigation @smoke › clicking Profiles tab navigates to profiles page (30.0s)
[1A[2K  8) [chromium] › tests/analytics/navigation.spec.ts:31:7 › Analytics navigation @smoke › clicking Profiles tab navigates to profiles page 

    [31mTest timeout of 30000ms exceeded.[39m

    Error: locator.click: Target page, context or browser has been closed
    Call log:
    [2m  - waiting for getByRole('link', { name: 'Profiles' })[22m


      35 |     await waitForLoad(authedPage);
      36 |
    > 37 |     await authedPage.getByRole("link", { name: "Profiles" }).click();
         |                                                              ^
      38 |     await authedPage.waitForURL("/analytics/profiles", { timeout: 10_000 });
      39 |     expect(authedPage.url()).toContain("/analytics/profiles");
      40 |   });
        at /Users/michaelfuscoletti/Desktop/scroll-down-web/web/tests/analytics/navigation.spec.ts:37:62

    attachment #1: screenshot (image/png) ──────────────────────────────────────────────────────────
    test-results/analytics-navigation-Analy-68a3a--navigates-to-profiles-page-chromium/test-failed-1.png
    ────────────────────────────────────────────────────────────────────────────────────────────────

    Error Context: test-results/analytics-navigation-Analy-68a3a--navigates-to-profiles-page-chromium/error-context.md


(node:56655) Warning: The 'NO_COLOR' env is ignored due to the 'FORCE_COLOR' env being set.
(Use `node --trace-warnings ...` to show where the warning was created)
[1A[2K(node:56655) Warning: The 'NO_COLOR' env is ignored due to the 'FORCE_COLOR' env being set.
(Use `node --trace-warnings ...` to show where the warning was created)


(node:56655) Warning: The 'NO_COLOR' env is ignored due to the 'FORCE_COLOR' env being set.
(Use `node --trace-warnings ...` to show where the warning was created)
[1A[2K(node:56655) Warning: The 'NO_COLOR' env is ignored due to the 'FORCE_COLOR' env being set.
(Use `node --trace-warnings ...` to show where the warning was created)


[1A[2K[19/333] [chromium] › tests/fairbet/odds.spec.ts:9:7 › FairBet Page - Odds › page loads and shows FairBet heading @smoke
  ✓   19 [chromium] › tests/fairbet/odds.spec.ts:9:7 › FairBet Page - Odds › page loads and shows FairBet heading @smoke (892ms)
[1A[2K[20/333] [chromium] › tests/fairbet/odds.spec.ts:33:7 › FairBet Page - Odds › skeleton placeholders shown during initial fetch @smoke
  ✓   20 [chromium] › tests/fairbet/odds.spec.ts:33:7 › FairBet Page - Odds › skeleton placeholders shown during initial fetch @smoke (1.1s)
[1A[2K[21/333] [chromium] › tests/fairbet/odds.spec.ts:59:7 › FairBet Page - Odds › empty state renders with intentional messaging and no console errors @smoke
  -   17 [chromium] › tests/fairbet/book-comparison.spec.ts:19:7 › FairBet - Book Comparison Row › each bet card shows a book comparison row @smoke
[1A[2K[22/333] [chromium] › tests/fairbet/odds.spec.ts:92:7 › FairBet Page - Odds › "How it works" button opens explainer @smoke
  ✘   15 [chromium] › tests/auth/signup-login.spec.ts:45:7 › Sign Up › sign up with short password shows validation error @smoke (30.1s)
[1A[2K  9) [chromium] › tests/auth/signup-login.spec.ts:45:7 › Sign Up › sign up with short password shows validation error @smoke 

    [31mTest timeout of 30000ms exceeded.[39m

    Error: locator.fill: Test timeout of 30000ms exceeded.
    Call log:
    [2m  - waiting for getByPlaceholder('Re-enter password')[22m


      48 |     await page.getByPlaceholder('you@example.com').fill(email);
      49 |     await page.getByPlaceholder('Min 8 characters').fill('short');
    > 50 |     await page.getByPlaceholder('Re-enter password').fill('short');
         |                                                      ^
      51 |     await page.locator('form button[type="submit"]').click();
      52 |
      53 |     await expect(page.getByText('Password must be at least 8 characters')).toBeVisible();
        at /Users/michaelfuscoletti/Desktop/scroll-down-web/web/tests/auth/signup-login.spec.ts:50:54

    attachment #1: screenshot (image/png) ──────────────────────────────────────────────────────────
    test-results/auth-signup-login-Sign-Up--e3e26-hows-validation-error-smoke-chromium/test-failed-1.png
    ────────────────────────────────────────────────────────────────────────────────────────────────

    attachment #2: video (video/webm) ──────────────────────────────────────────────────────────────
    test-results/auth-signup-login-Sign-Up--e3e26-hows-validation-error-smoke-chromium/video.webm
    ────────────────────────────────────────────────────────────────────────────────────────────────

    Error Context: test-results/auth-signup-login-Sign-Up--e3e26-hows-validation-error-smoke-chromium/error-context.md


(node:56746) Warning: The 'NO_COLOR' env is ignored due to the 'FORCE_COLOR' env being set.
(Use `node --trace-warnings ...` to show where the warning was created)
[1A[2K(node:56746) Warning: The 'NO_COLOR' env is ignored due to the 'FORCE_COLOR' env being set.
(Use `node --trace-warnings ...` to show where the warning was created)


(node:56746) Warning: The 'NO_COLOR' env is ignored due to the 'FORCE_COLOR' env being set.
(Use `node --trace-warnings ...` to show where the warning was created)
[1A[2K(node:56746) Warning: The 'NO_COLOR' env is ignored due to the 'FORCE_COLOR' env being set.
(Use `node --trace-warnings ...` to show where the warning was created)


[1A[2K[23/333] [chromium] › tests/fairbet/phase9.spec.ts:34:7 › Phase 9 FairBet Pro E2E › line movement: pro sees arrow and direction on at least one card @smoke
  -   18 [chromium] › tests/fairbet/explanation.spec.ts:19:7 › FairBet - Fair Price Explanation › every bet card has a fairbet-explanation trigger @smoke
[1A[2K[24/333] [chromium] › tests/fairbet/phase9.spec.ts:121:7 › Phase 9 FairBet Pro E2E › CLV: logged bet appears in /settings/my-bets with correct columns @smoke
  ✘   16 [chromium] › tests/auth/signup-login.spec.ts:56:7 › Sign Up › sign up with mismatched passwords shows error @smoke (30.5s)
[1A[2K  10) [chromium] › tests/auth/signup-login.spec.ts:56:7 › Sign Up › sign up with mismatched passwords shows error @smoke 

    [31mTest timeout of 30000ms exceeded.[39m

    Error: locator.fill: Test timeout of 30000ms exceeded.
    Call log:
    [2m  - waiting for getByPlaceholder('Re-enter password')[22m


      59 |     await page.getByPlaceholder('you@example.com').fill(email);
      60 |     await page.getByPlaceholder('Min 8 characters').fill('ValidPass123!');
    > 61 |     await page.getByPlaceholder('Re-enter password').fill('DifferentPass456!');
         |                                                      ^
      62 |     await page.locator('form button[type="submit"]').click();
      63 |
      64 |     await expect(page.getByText("Passwords don't match")).toBeVisible();
        at /Users/michaelfuscoletti/Desktop/scroll-down-web/web/tests/auth/signup-login.spec.ts:61:54

    attachment #1: screenshot (image/png) ──────────────────────────────────────────────────────────
    test-results/auth-signup-login-Sign-Up--d9fec-passwords-shows-error-smoke-chromium/test-failed-1.png
    ────────────────────────────────────────────────────────────────────────────────────────────────

    attachment #2: video (video/webm) ──────────────────────────────────────────────────────────────
    test-results/auth-signup-login-Sign-Up--d9fec-passwords-shows-error-smoke-chromium/video.webm
    ────────────────────────────────────────────────────────────────────────────────────────────────

    Error Context: test-results/auth-signup-login-Sign-Up--d9fec-passwords-shows-error-smoke-chromium/error-context.md


(node:56873) Warning: The 'NO_COLOR' env is ignored due to the 'FORCE_COLOR' env being set.
(Use `node --trace-warnings ...` to show where the warning was created)
[1A[2K(node:56873) Warning: The 'NO_COLOR' env is ignored due to the 'FORCE_COLOR' env being set.
(Use `node --trace-warnings ...` to show where the warning was created)


(node:56873) Warning: The 'NO_COLOR' env is ignored due to the 'FORCE_COLOR' env being set.
(Use `node --trace-warnings ...` to show where the warning was created)
[1A[2K(node:56873) Warning: The 'NO_COLOR' env is ignored due to the 'FORCE_COLOR' env being set.
(Use `node --trace-warnings ...` to show where the warning was created)


[1A[2K[25/333] [chromium] › tests/fairbet/phase9.spec.ts:284:7 › Phase 9 FairBet Pro E2E › CLV dashboard: free user is shown upgrade copy, not the dashboard @smoke
  ✘   22 [chromium] › tests/fairbet/odds.spec.ts:92:7 › FairBet Page - Odds › "How it works" button opens explainer @smoke (11.9s)
[1A[2K  11) [chromium] › tests/fairbet/odds.spec.ts:92:7 › FairBet Page - Odds › "How it works" button opens explainer @smoke 

    Error: [2mexpect([22m[31mlocator[39m[2m).[22mtoBeVisible[2m([22m[2m)[22m failed

    Locator: getByRole('heading', { name: 'How FairBet Works' })
    Expected: visible
    Timeout: 10000ms
    Error: element(s) not found

    Call log:
    [2m  - Expect "toBeVisible" with timeout 10000ms[22m
    [2m  - waiting for getByRole('heading', { name: 'How FairBet Works' })[22m


       97 |     await expect(
       98 |       page.getByRole("heading", { name: "How FairBet Works" })
    >  99 |     ).toBeVisible();
          |       ^
      100 |   });
      101 |
      102 |   test("bet cards render after loading or empty state shown", async ({ page }) => {
        at /Users/michaelfuscoletti/Desktop/scroll-down-web/web/tests/fairbet/odds.spec.ts:99:7

    attachment #1: screenshot (image/png) ──────────────────────────────────────────────────────────
    test-results/fairbet-odds-FairBet-Page--ef4b7-utton-opens-explainer-smoke-chromium/test-failed-1.png
    ────────────────────────────────────────────────────────────────────────────────────────────────

    attachment #2: video (video/webm) ──────────────────────────────────────────────────────────────
    test-results/fairbet-odds-FairBet-Page--ef4b7-utton-opens-explainer-smoke-chromium/video.webm
    ────────────────────────────────────────────────────────────────────────────────────────────────

    Error Context: test-results/fairbet-odds-FairBet-Page--ef4b7-utton-opens-explainer-smoke-chromium/error-context.md


(node:56926) Warning: The 'NO_COLOR' env is ignored due to the 'FORCE_COLOR' env being set.
(Use `node --trace-warnings ...` to show where the warning was created)
[1A[2K(node:56926) Warning: The 'NO_COLOR' env is ignored due to the 'FORCE_COLOR' env being set.
(Use `node --trace-warnings ...` to show where the warning was created)


(node:56926) Warning: The 'NO_COLOR' env is ignored due to the 'FORCE_COLOR' env being set.
(Use `node --trace-warnings ...` to show where the warning was created)
[1A[2K(node:56926) Warning: The 'NO_COLOR' env is ignored due to the 'FORCE_COLOR' env being set.
(Use `node --trace-warnings ...` to show where the warning was created)


[1A[2K[26/333] [chromium] › tests/fairbet/phase9.spec.ts:300:7 › History Pro Gate (ISSUE-058) › free user sees gate overlay with upgrade CTA on /history @smoke
  ✓   25 [chromium] › tests/fairbet/phase9.spec.ts:284:7 › Phase 9 FairBet Pro E2E › CLV dashboard: free user is shown upgrade copy, not the dashboard @smoke (5.1s)
[1A[2K[27/333] [chromium] › tests/fairbet/phase9.spec.ts:314:7 › History Pro Gate (ISSUE-058) › free user clicking upgrade CTA opens the pro gate sheet @smoke
  -   21 [chromium] › tests/fairbet/odds.spec.ts:59:7 › FairBet Page - Odds › empty state renders with intentional messaging and no console errors @smoke
[1A[2K[28/333] [chromium] › tests/fairbet/phase9.spec.ts:328:7 › History Pro Gate (ISSUE-058) › pro user sees full history content without gate @smoke
  -   23 [chromium] › tests/fairbet/phase9.spec.ts:34:7 › Phase 9 FairBet Pro E2E › line movement: pro sees arrow and direction on at least one card @smoke
[1A[2K[29/333] [chromium] › tests/fairbet/phase9.spec.ts:336:7 › History Pro Gate (ISSUE-058) › history API returns 403 pro_required for free tier requests @smoke
  -   24 [chromium] › tests/fairbet/phase9.spec.ts:121:7 › Phase 9 FairBet Pro E2E › CLV: logged bet appears in /settings/my-bets with correct columns @smoke
[1A[2K[30/333] [chromium] › tests/fairbet/phase9.spec.ts:357:7 › FairBet book-details blur (ISSUE-061) › free-tier: book details are blurred and ev-dollar-label is visible @smoke
  ✓   29 [chromium] › tests/fairbet/phase9.spec.ts:336:7 › History Pro Gate (ISSUE-058) › history API returns 403 pro_required for free tier requests @smoke (1.6s)
[1A[2K[31/333] [chromium] › tests/fairbet/phase9.spec.ts:396:7 › FairBet book-details blur (ISSUE-061) › free-tier: tapping blur region opens upgrade CTA sheet @smoke
  ✘   26 [chromium] › tests/fairbet/phase9.spec.ts:300:7 › History Pro Gate (ISSUE-058) › free user sees gate overlay with upgrade CTA on /history @smoke (14.1s)
[1A[2K  12) [chromium] › tests/fairbet/phase9.spec.ts:300:7 › History Pro Gate (ISSUE-058) › free user sees gate overlay with upgrade CTA on /history @smoke 

    Error: [2mexpect([22m[31mlocator[39m[2m).[22mtoBeVisible[2m([22m[2m)[22m failed

    Locator: locator('[data-testid=\'history-gate-overlay\']')
    Expected: visible
    Timeout: 5000ms
    Error: element(s) not found

    Call log:
    [2m  - Expect "toBeVisible" with timeout 5000ms[22m
    [2m  - waiting for locator('[data-testid=\'history-gate-overlay\']')[22m


      302 |     await waitForLoad(page);
      303 |
    > 304 |     await expect(page.locator("[data-testid='history-gate-overlay']")).toBeVisible({
          |                                                                        ^
      305 |       timeout: 5_000,
      306 |     });
      307 |     await expect(page.locator("[data-testid='history-gate-title']")).toBeVisible();
        at /Users/michaelfuscoletti/Desktop/scroll-down-web/web/tests/fairbet/phase9.spec.ts:304:72

    attachment #1: screenshot (image/png) ──────────────────────────────────────────────────────────
    test-results/fairbet-phase9-History-Pro-8c64c-pgrade-CTA-on-history-smoke-chromium/test-failed-1.png
    ────────────────────────────────────────────────────────────────────────────────────────────────

    attachment #2: video (video/webm) ──────────────────────────────────────────────────────────────
    test-results/fairbet-phase9-History-Pro-8c64c-pgrade-CTA-on-history-smoke-chromium/video.webm
    ────────────────────────────────────────────────────────────────────────────────────────────────

    Error Context: test-results/fairbet-phase9-History-Pro-8c64c-pgrade-CTA-on-history-smoke-chromium/error-context.md


  ✘   27 [chromium] › tests/fairbet/phase9.spec.ts:314:7 › History Pro Gate (ISSUE-058) › free user clicking upgrade CTA opens the pro gate sheet @smoke (10.6s)
[1A[2K  13) [chromium] › tests/fairbet/phase9.spec.ts:314:7 › History Pro Gate (ISSUE-058) › free user clicking upgrade CTA opens the pro gate sheet @smoke 

    Error: [2mexpect([22m[31mlocator[39m[2m).[22mtoBeVisible[2m([22m[2m)[22m failed

    Locator: locator('[data-testid=\'history-upgrade-cta\']')
    Expected: visible
    Timeout: 5000ms
    Error: element(s) not found

    Call log:
    [2m  - Expect "toBeVisible" with timeout 5000ms[22m
    [2m  - waiting for locator('[data-testid=\'history-upgrade-cta\']')[22m


      317 |
      318 |     const cta = page.locator("[data-testid='history-upgrade-cta']");
    > 319 |     await expect(cta).toBeVisible({ timeout: 5_000 });
          |                       ^
      320 |     await cta.click();
      321 |
      322 |     await expect(page.locator("[data-testid='pro-gate-sheet']")).toBeVisible({ timeout: 3_000 });
        at /Users/michaelfuscoletti/Desktop/scroll-down-web/web/tests/fairbet/phase9.spec.ts:319:23

    attachment #1: screenshot (image/png) ──────────────────────────────────────────────────────────
    test-results/fairbet-phase9-History-Pro-8e427-ns-the-pro-gate-sheet-smoke-chromium/test-failed-1.png
    ────────────────────────────────────────────────────────────────────────────────────────────────

    attachment #2: video (video/webm) ──────────────────────────────────────────────────────────────
    test-results/fairbet-phase9-History-Pro-8e427-ns-the-pro-gate-sheet-smoke-chromium/video.webm
    ────────────────────────────────────────────────────────────────────────────────────────────────

    Error Context: test-results/fairbet-phase9-History-Pro-8e427-ns-the-pro-gate-sheet-smoke-chromium/error-context.md


(node:57198) Warning: The 'NO_COLOR' env is ignored due to the 'FORCE_COLOR' env being set.
(Use `node --trace-warnings ...` to show where the warning was created)
[1A[2K(node:57198) Warning: The 'NO_COLOR' env is ignored due to the 'FORCE_COLOR' env being set.
(Use `node --trace-warnings ...` to show where the warning was created)


(node:57199) Warning: The 'NO_COLOR' env is ignored due to the 'FORCE_COLOR' env being set.
(Use `node --trace-warnings ...` to show where the warning was created)
[1A[2K(node:57199) Warning: The 'NO_COLOR' env is ignored due to the 'FORCE_COLOR' env being set.
(Use `node --trace-warnings ...` to show where the warning was created)


(node:57199) Warning: The 'NO_COLOR' env is ignored due to the 'FORCE_COLOR' env being set.
(Use `node --trace-warnings ...` to show where the warning was created)
[1A[2K(node:57199) Warning: The 'NO_COLOR' env is ignored due to the 'FORCE_COLOR' env being set.
(Use `node --trace-warnings ...` to show where the warning was created)


(node:57198) Warning: The 'NO_COLOR' env is ignored due to the 'FORCE_COLOR' env being set.
(Use `node --trace-warnings ...` to show where the warning was created)
[1A[2K(node:57198) Warning: The 'NO_COLOR' env is ignored due to the 'FORCE_COLOR' env being set.
(Use `node --trace-warnings ...` to show where the warning was created)


[1A[2K[32/333] [chromium] › tests/fairbet/phase9.spec.ts:435:7 › FairBet book-details blur (ISSUE-061) › free-tier: no layout shift between free and pro render @smoke
[1A[2K[33/333] [chromium] › tests/fairbet/phase9.spec.ts:415:7 › FairBet book-details blur (ISSUE-061) › pro-tier: no blur region, book comparison row is visible @smoke
  ✘   28 [chromium] › tests/fairbet/phase9.spec.ts:328:7 › History Pro Gate (ISSUE-058) › pro user sees full history content without gate @smoke (16.9s)
[1A[2K  14) [chromium] › tests/fairbet/phase9.spec.ts:328:7 › History Pro Gate (ISSUE-058) › pro user sees full history content without gate @smoke 

    Error: [2mexpect([22m[31mlocator[39m[2m).[22mtoBeVisible[2m([22m[2m)[22m failed

    Locator: locator('[data-testid=\'page-history\']')
    Expected: visible
    Timeout: 10000ms
    Error: element(s) not found

    Call log:
    [2m  - Expect "toBeVisible" with timeout 10000ms[22m
    [2m  - waiting for locator('[data-testid=\'page-history\']')[22m


      331 |
      332 |     await expect(page.locator("[data-testid='history-gate-overlay']")).not.toBeVisible();
    > 333 |     await expect(page.locator("[data-testid='page-history']")).toBeVisible({ timeout: 10_000 });
          |                                                                ^
      334 |   });
      335 |
      336 |   test("history API returns 403 pro_required for free tier requests @smoke", async ({
        at /Users/michaelfuscoletti/Desktop/scroll-down-web/web/tests/fairbet/phase9.spec.ts:333:64

    attachment #1: screenshot (image/png) ──────────────────────────────────────────────────────────
    test-results/fairbet-phase9-History-Pro-50531--content-without-gate-smoke-chromium/test-failed-1.png
    ────────────────────────────────────────────────────────────────────────────────────────────────

    attachment #2: video (video/webm) ──────────────────────────────────────────────────────────────
    test-results/fairbet-phase9-History-Pro-50531--content-without-gate-smoke-chromium/video.webm
    ────────────────────────────────────────────────────────────────────────────────────────────────

    Error Context: test-results/fairbet-phase9-History-Pro-50531--content-without-gate-smoke-chromium/error-context.md


(node:57379) Warning: The 'NO_COLOR' env is ignored due to the 'FORCE_COLOR' env being set.
(Use `node --trace-warnings ...` to show where the warning was created)
[1A[2K(node:57379) Warning: The 'NO_COLOR' env is ignored due to the 'FORCE_COLOR' env being set.
(Use `node --trace-warnings ...` to show where the warning was created)


  -   31 [chromium] › tests/fairbet/phase9.spec.ts:396:7 › FairBet book-details blur (ISSUE-061) › free-tier: tapping blur region opens upgrade CTA sheet @smoke
  -   30 [chromium] › tests/fairbet/phase9.spec.ts:357:7 › FairBet book-details blur (ISSUE-061) › free-tier: book details are blurred and ev-dollar-label is visible @smoke
[1A[2K[34/333] [chromium] › tests/fairbet.spec.ts:28:7 › FairBet E2E Suite › page loads without JS errors @smoke
[1A[2K[35/333] [chromium] › tests/fairbet.spec.ts:43:7 › FairBet E2E Suite › dollar-value EV label present on at least one card @smoke
(node:57379) Warning: The 'NO_COLOR' env is ignored due to the 'FORCE_COLOR' env being set.
(Use `node --trace-warnings ...` to show where the warning was created)
[1A[2K(node:57379) Warning: The 'NO_COLOR' env is ignored due to the 'FORCE_COLOR' env being set.
(Use `node --trace-warnings ...` to show where the warning was created)


[1A[2K[36/333] [chromium] › tests/fairbet/source-attribution.spec.ts:19:7 › FairBet - Source Attribution › each bet card has a source attribution line @smoke
  -   33 [chromium] › tests/fairbet/phase9.spec.ts:415:7 › FairBet book-details blur (ISSUE-061) › pro-tier: no blur region, book comparison row is visible @smoke
  -   32 [chromium] › tests/fairbet/phase9.spec.ts:435:7 › FairBet book-details blur (ISSUE-061) › free-tier: no layout shift between free and pro render @smoke
[1A[2K[37/333] [chromium] › tests/fairbet.spec.ts:69:7 › FairBet E2E Suite › traffic-light tier badge present on at least one card @smoke
[1A[2K[38/333] [chromium] › tests/fairbet.spec.ts:93:7 › FairBet E2E Suite › book chip row renders with at least one chip @smoke
  -   34 [chromium] › tests/fairbet.spec.ts:28:7 › FairBet E2E Suite › page loads without JS errors @smoke
[1A[2K[39/333] [chromium] › tests/fairbet.spec.ts:137:7 › FairBet E2E Suite › fair price explanation panel opens and closes on tap @smoke
  -   35 [chromium] › tests/fairbet.spec.ts:43:7 › FairBet E2E Suite › dollar-value EV label present on at least one card @smoke
[1A[2K[40/333] [chromium] › tests/fairbet.spec.ts:154:7 › FairBet E2E Suite › source attribution line present on cards @smoke
  ✘   36 [chromium] › tests/fairbet/source-attribution.spec.ts:19:7 › FairBet - Source Attribution › each bet card has a source attribution line @smoke (32.3s)
[1A[2K  15) [chromium] › tests/fairbet/source-attribution.spec.ts:19:7 › FairBet - Source Attribution › each bet card has a source attribution line @smoke 

    [31mTest timeout of 30000ms exceeded.[39m

    attachment #1: screenshot (image/png) ──────────────────────────────────────────────────────────
    test-results/fairbet-source-attribution-f7a8a-urce-attribution-line-smoke-chromium/test-failed-1.png
    ────────────────────────────────────────────────────────────────────────────────────────────────

    attachment #2: video (video/webm) ──────────────────────────────────────────────────────────────
    test-results/fairbet-source-attribution-f7a8a-urce-attribution-line-smoke-chromium/video.webm
    ────────────────────────────────────────────────────────────────────────────────────────────────

    Error Context: test-results/fairbet-source-attribution-f7a8a-urce-attribution-line-smoke-chromium/error-context.md


(node:57969) Warning: The 'NO_COLOR' env is ignored due to the 'FORCE_COLOR' env being set.
(Use `node --trace-warnings ...` to show where the warning was created)
[1A[2K(node:57969) Warning: The 'NO_COLOR' env is ignored due to the 'FORCE_COLOR' env being set.
(Use `node --trace-warnings ...` to show where the warning was created)


(node:57969) Warning: The 'NO_COLOR' env is ignored due to the 'FORCE_COLOR' env being set.
(Use `node --trace-warnings ...` to show where the warning was created)
[1A[2K(node:57969) Warning: The 'NO_COLOR' env is ignored due to the 'FORCE_COLOR' env being set.
(Use `node --trace-warnings ...` to show where the warning was created)


[1A[2K[41/333] [chromium] › tests/fairbet.spec.ts:170:7 › FairBet E2E Suite › line-movement row is blurred for free users and unblurred for pro @smoke
  ✘   38 [chromium] › tests/fairbet.spec.ts:93:7 › FairBet E2E Suite › book chip row renders with at least one chip @smoke (31.9s)
[1A[2K  16) [chromium] › tests/fairbet.spec.ts:93:7 › FairBet E2E Suite › book chip row renders with at least one chip @smoke 

    [31mTest timeout of 30000ms exceeded.[39m

    attachment #1: screenshot (image/png) ──────────────────────────────────────────────────────────
    test-results/fairbet-FairBet-E2E-Suite--9c1ec-ith-at-least-one-chip-smoke-chromium/test-failed-1.png
    ────────────────────────────────────────────────────────────────────────────────────────────────

    attachment #2: video (video/webm) ──────────────────────────────────────────────────────────────
    test-results/fairbet-FairBet-E2E-Suite--9c1ec-ith-at-least-one-chip-smoke-chromium/video.webm
    ────────────────────────────────────────────────────────────────────────────────────────────────

    Error Context: test-results/fairbet-FairBet-E2E-Suite--9c1ec-ith-at-least-one-chip-smoke-chromium/error-context.md


  ✘   37 [chromium] › tests/fairbet.spec.ts:69:7 › FairBet E2E Suite › traffic-light tier badge present on at least one card @smoke (31.9s)
[1A[2K  17) [chromium] › tests/fairbet.spec.ts:69:7 › FairBet E2E Suite › traffic-light tier badge present on at least one card @smoke 

    [31mTest timeout of 30000ms exceeded.[39m

    attachment #1: screenshot (image/png) ──────────────────────────────────────────────────────────
    test-results/fairbet-FairBet-E2E-Suite--38ac9--on-at-least-one-card-smoke-chromium/test-failed-1.png
    ────────────────────────────────────────────────────────────────────────────────────────────────

    attachment #2: video (video/webm) ──────────────────────────────────────────────────────────────
    test-results/fairbet-FairBet-E2E-Suite--38ac9--on-at-least-one-card-smoke-chromium/video.webm
    ────────────────────────────────────────────────────────────────────────────────────────────────

    Error Context: test-results/fairbet-FairBet-E2E-Suite--38ac9--on-at-least-one-card-smoke-chromium/error-context.md


(node:58258) Warning: The 'NO_COLOR' env is ignored due to the 'FORCE_COLOR' env being set.
(Use `node --trace-warnings ...` to show where the warning was created)
[1A[2K(node:58258) Warning: The 'NO_COLOR' env is ignored due to the 'FORCE_COLOR' env being set.
(Use `node --trace-warnings ...` to show where the warning was created)


(node:58257) Warning: The 'NO_COLOR' env is ignored due to the 'FORCE_COLOR' env being set.
(Use `node --trace-warnings ...` to show where the warning was created)
[1A[2K(node:58257) Warning: The 'NO_COLOR' env is ignored due to the 'FORCE_COLOR' env being set.
(Use `node --trace-warnings ...` to show where the warning was created)


(node:58257) Warning: The 'NO_COLOR' env is ignored due to the 'FORCE_COLOR' env being set.
(Use `node --trace-warnings ...` to show where the warning was created)
[1A[2K(node:58257) Warning: The 'NO_COLOR' env is ignored due to the 'FORCE_COLOR' env being set.
(Use `node --trace-warnings ...` to show where the warning was created)


(node:58258) Warning: The 'NO_COLOR' env is ignored due to the 'FORCE_COLOR' env being set.
(Use `node --trace-warnings ...` to show where the warning was created)
[1A[2K(node:58258) Warning: The 'NO_COLOR' env is ignored due to the 'FORCE_COLOR' env being set.
(Use `node --trace-warnings ...` to show where the warning was created)


[1A[2K[42/333] [chromium] › tests/fairbet.spec.ts:197:7 › FairBet E2E Suite › EV simulator: pro user sees outputs after entering stake @smoke
[1A[2K[43/333] [chromium] › tests/fairbet.spec.ts:234:7 › FairBet E2E Suite › EV simulator: free user sees disabled input and gate sheet on focus @smoke
  -   39 [chromium] › tests/fairbet.spec.ts:137:7 › FairBet E2E Suite › fair price explanation panel opens and closes on tap @smoke
[1A[2K[44/333] [chromium] › tests/fairbet.spec.ts:253:7 › FairBet E2E Suite › EV simulator: non-numeric input is ignored, negative clamped to 0 @smoke
  -   40 [chromium] › tests/fairbet.spec.ts:154:7 › FairBet E2E Suite › source attribution line present on cards @smoke
[1A[2K[45/333] [chromium] › tests/fairbet.spec.ts:290:7 › FairBet E2E Suite › CLV: Pro user sees Log bet button on cards @smoke
  ✘   41 [chromium] › tests/fairbet.spec.ts:170:7 › FairBet E2E Suite › line-movement row is blurred for free users and unblurred for pro @smoke (32.7s)
[1A[2K  18) [chromium] › tests/fairbet.spec.ts:170:7 › FairBet E2E Suite › line-movement row is blurred for free users and unblurred for pro @smoke 

    [31mTest timeout of 30000ms exceeded.[39m

    attachment #1: screenshot (image/png) ──────────────────────────────────────────────────────────
    test-results/fairbet-FairBet-E2E-Suite--f2493-and-unblurred-for-pro-smoke-chromium/test-failed-1.png
    ────────────────────────────────────────────────────────────────────────────────────────────────

    attachment #2: video (video/webm) ──────────────────────────────────────────────────────────────
    test-results/fairbet-FairBet-E2E-Suite--f2493-and-unblurred-for-pro-smoke-chromium/video.webm
    ────────────────────────────────────────────────────────────────────────────────────────────────

    Error Context: test-results/fairbet-FairBet-E2E-Suite--f2493-and-unblurred-for-pro-smoke-chromium/error-context.md


(node:58568) Warning: The 'NO_COLOR' env is ignored due to the 'FORCE_COLOR' env being set.
(Use `node --trace-warnings ...` to show where the warning was created)
[1A[2K(node:58568) Warning: The 'NO_COLOR' env is ignored due to the 'FORCE_COLOR' env being set.
(Use `node --trace-warnings ...` to show where the warning was created)


(node:58568) Warning: The 'NO_COLOR' env is ignored due to the 'FORCE_COLOR' env being set.
(Use `node --trace-warnings ...` to show where the warning was created)
[1A[2K(node:58568) Warning: The 'NO_COLOR' env is ignored due to the 'FORCE_COLOR' env being set.
(Use `node --trace-warnings ...` to show where the warning was created)


[1A[2K[46/333] [chromium] › tests/fairbet.spec.ts:308:7 › FairBet E2E Suite › CLV: Log bet modal opens with book and odds pre-filled @smoke
  -   42 [chromium] › tests/fairbet.spec.ts:197:7 › FairBet E2E Suite › EV simulator: pro user sees outputs after entering stake @smoke
  -   43 [chromium] › tests/fairbet.spec.ts:234:7 › FairBet E2E Suite › EV simulator: free user sees disabled input and gate sheet on focus @smoke
[1A[2K[47/333] [chromium] › tests/fairbet.spec.ts:364:7 › FairBet E2E Suite › CLV: free user does not see Log bet button @smoke
[1A[2K[48/333] [chromium] › tests/fairbet.spec.ts:337:7 › FairBet E2E Suite › CLV: Log bet modal can confirm and modal closes @smoke
  -   45 [chromium] › tests/fairbet.spec.ts:290:7 › FairBet E2E Suite › CLV: Pro user sees Log bet button on cards @smoke
[1A[2K[49/333] [chromium] › tests/fairbet.spec.ts:376:7 › FairBet E2E Suite › CLV: My Bets settings page hidden from free users @smoke
  -   44 [chromium] › tests/fairbet.spec.ts:253:7 › FairBet E2E Suite › EV simulator: non-numeric input is ignored, negative clamped to 0 @smoke
[1A[2K[50/333] [chromium] › tests/fairbet.spec.ts:384:7 › FairBet E2E Suite › CLV: My Bets page shows empty state for Pro users with no bets @smoke
  ✘   46 [chromium] › tests/fairbet.spec.ts:308:7 › FairBet E2E Suite › CLV: Log bet modal opens with book and odds pre-filled @smoke (31.2s)
[1A[2K  19) [chromium] › tests/fairbet.spec.ts:308:7 › FairBet E2E Suite › CLV: Log bet modal opens with book and odds pre-filled @smoke 

    [31mTest timeout of 30000ms exceeded.[39m

    attachment #1: screenshot (image/png) ──────────────────────────────────────────────────────────
    test-results/fairbet-FairBet-E2E-Suite--b20e9-k-and-odds-pre-filled-smoke-chromium/test-failed-1.png
    ────────────────────────────────────────────────────────────────────────────────────────────────

    attachment #2: video (video/webm) ──────────────────────────────────────────────────────────────
    test-results/fairbet-FairBet-E2E-Suite--b20e9-k-and-odds-pre-filled-smoke-chromium/video.webm
    ────────────────────────────────────────────────────────────────────────────────────────────────

    Error Context: test-results/fairbet-FairBet-E2E-Suite--b20e9-k-and-odds-pre-filled-smoke-chromium/error-context.md


(node:59095) Warning: The 'NO_COLOR' env is ignored due to the 'FORCE_COLOR' env being set.
(Use `node --trace-warnings ...` to show where the warning was created)
[1A[2K(node:59095) Warning: The 'NO_COLOR' env is ignored due to the 'FORCE_COLOR' env being set.
(Use `node --trace-warnings ...` to show where the warning was created)


(node:59095) Warning: The 'NO_COLOR' env is ignored due to the 'FORCE_COLOR' env being set.
(Use `node --trace-warnings ...` to show where the warning was created)
[1A[2K(node:59095) Warning: The 'NO_COLOR' env is ignored due to the 'FORCE_COLOR' env being set.
(Use `node --trace-warnings ...` to show where the warning was created)


[1A[2K[51/333] [chromium] › tests/fairbet.spec.ts:400:7 › FairBet E2E Suite › montecarlo: free user sees gated button that opens pro-gate sheet @smoke
  ✓   49 [chromium] › tests/fairbet.spec.ts:376:7 › FairBet E2E Suite › CLV: My Bets settings page hidden from free users @smoke (22.9s)
[1A[2K[52/333] [chromium] › tests/fairbet.spec.ts:422:7 › FairBet E2E Suite › montecarlo: pro user sees Win Probability button, not gated @smoke
  ✓   50 [chromium] › tests/fairbet.spec.ts:384:7 › FairBet E2E Suite › CLV: My Bets page shows empty state for Pro users with no bets @smoke (24.4s)
[1A[2K[53/333] [chromium] › tests/fairbet.spec.ts:439:7 › FairBet E2E Suite › montecarlo: pro user opens sheet which displays win probability @smoke
  ✘   47 [chromium] › tests/fairbet.spec.ts:364:7 › FairBet E2E Suite › CLV: free user does not see Log bet button @smoke (31.0s)
[1A[2K  20) [chromium] › tests/fairbet.spec.ts:364:7 › FairBet E2E Suite › CLV: free user does not see Log bet button @smoke 

    [31mTest timeout of 30000ms exceeded.[39m

    attachment #1: screenshot (image/png) ──────────────────────────────────────────────────────────
    test-results/fairbet-FairBet-E2E-Suite--8b665-ot-see-Log-bet-button-smoke-chromium/test-failed-1.png
    ────────────────────────────────────────────────────────────────────────────────────────────────

    attachment #2: video (video/webm) ──────────────────────────────────────────────────────────────
    test-results/fairbet-FairBet-E2E-Suite--8b665-ot-see-Log-bet-button-smoke-chromium/video.webm
    ────────────────────────────────────────────────────────────────────────────────────────────────

    Error Context: test-results/fairbet-FairBet-E2E-Suite--8b665-ot-see-Log-bet-button-smoke-chromium/error-context.md


  ✘   48 [chromium] › tests/fairbet.spec.ts:337:7 › FairBet E2E Suite › CLV: Log bet modal can confirm and modal closes @smoke (31.0s)
[1A[2K  21) [chromium] › tests/fairbet.spec.ts:337:7 › FairBet E2E Suite › CLV: Log bet modal can confirm and modal closes @smoke 

    [31mTest timeout of 30000ms exceeded.[39m

    attachment #1: screenshot (image/png) ──────────────────────────────────────────────────────────
    test-results/fairbet-FairBet-E2E-Suite--38e5e-firm-and-modal-closes-smoke-chromium/test-failed-1.png
    ────────────────────────────────────────────────────────────────────────────────────────────────

    attachment #2: video (video/webm) ──────────────────────────────────────────────────────────────
    test-results/fairbet-FairBet-E2E-Suite--38e5e-firm-and-modal-closes-smoke-chromium/video.webm
    ────────────────────────────────────────────────────────────────────────────────────────────────

    Error Context: test-results/fairbet-FairBet-E2E-Suite--38e5e-firm-and-modal-closes-smoke-chromium/error-context.md


(node:59262) Warning: The 'NO_COLOR' env is ignored due to the 'FORCE_COLOR' env being set.
(Use `node --trace-warnings ...` to show where the warning was created)
[1A[2K(node:59262) Warning: The 'NO_COLOR' env is ignored due to the 'FORCE_COLOR' env being set.
(Use `node --trace-warnings ...` to show where the warning was created)


(node:59263) Warning: The 'NO_COLOR' env is ignored due to the 'FORCE_COLOR' env being set.
(Use `node --trace-warnings ...` to show where the warning was created)
[1A[2K(node:59263) Warning: The 'NO_COLOR' env is ignored due to the 'FORCE_COLOR' env being set.
(Use `node --trace-warnings ...` to show where the warning was created)


(node:59262) Warning: The 'NO_COLOR' env is ignored due to the 'FORCE_COLOR' env being set.
(Use `node --trace-warnings ...` to show where the warning was created)
[1A[2K(node:59262) Warning: The 'NO_COLOR' env is ignored due to the 'FORCE_COLOR' env being set.
(Use `node --trace-warnings ...` to show where the warning was created)


(node:59263) Warning: The 'NO_COLOR' env is ignored due to the 'FORCE_COLOR' env being set.
(Use `node --trace-warnings ...` to show where the warning was created)
[1A[2K(node:59263) Warning: The 'NO_COLOR' env is ignored due to the 'FORCE_COLOR' env being set.
(Use `node --trace-warnings ...` to show where the warning was created)


[1A[2K[54/333] [chromium] › tests/fairbet.spec.ts:478:7 › FairBet E2E Suite › montecarlo: sheet closes on backdrop click and reopens for different card @smoke
[1A[2K[55/333] [chromium] › tests/fairbet.spec.ts:517:7 › FairBet E2E Suite › montecarlo: sheet shows histogram element @smoke
  -   52 [chromium] › tests/fairbet.spec.ts:422:7 › FairBet E2E Suite › montecarlo: pro user sees Win Probability button, not gated @smoke
[1A[2K[56/333] [chromium] › tests/fairbet.spec.ts:549:7 › FairBet E2E Suite › empty state renders intentional messaging when no cards @smoke
  -   51 [chromium] › tests/fairbet.spec.ts:400:7 › FairBet E2E Suite › montecarlo: free user sees gated button that opens pro-gate sheet @smoke
[1A[2K[57/333] [chromium] › tests/fairbet.spec.ts:570:7 › FairBet E2E Suite › advanced filters: free user sees gated button that opens pro-gate sheet @smoke
  -   53 [chromium] › tests/fairbet.spec.ts:439:7 › FairBet E2E Suite › montecarlo: pro user opens sheet which displays win probability @smoke
[1A[2K[58/333] [chromium] › tests/fairbet.spec.ts:588:7 › FairBet E2E Suite › advanced filters: pro user sees full filter panel with four control rows @smoke
  -   55 [chromium] › tests/fairbet.spec.ts:517:7 › FairBet E2E Suite › montecarlo: sheet shows histogram element @smoke
[1A[2K[59/333] [chromium] › tests/fairbet.spec.ts:611:7 › FairBet E2E Suite › advanced filters: filter state persists across page reload @smoke
  -   54 [chromium] › tests/fairbet.spec.ts:478:7 › FairBet E2E Suite › montecarlo: sheet closes on backdrop click and reopens for different card @smoke
[1A[2K[60/333] [chromium] › tests/freemium/billing.spec.ts:44:7 › POST /api/billing/checkout › returns 401 when not authenticated @smoke
  ✓   60 [chromium] › tests/freemium/billing.spec.ts:44:7 › POST /api/billing/checkout › returns 401 when not authenticated @smoke (1.9s)
[1A[2K[61/333] [chromium] › tests/freemium/billing.spec.ts:51:7 › POST /api/billing/checkout › returns 401 with a tampered session cookie @smoke
  ✓   61 [chromium] › tests/freemium/billing.spec.ts:51:7 › POST /api/billing/checkout › returns 401 with a tampered session cookie @smoke (179ms)
[1A[2K[62/333] [chromium] › tests/freemium/billing.spec.ts:76:7 › GET /api/billing/portal › returns 401 when not authenticated @smoke
  ✓   62 [chromium] › tests/freemium/billing.spec.ts:76:7 › GET /api/billing/portal › returns 401 when not authenticated @smoke (1.9s)
[1A[2K[63/333] [chromium] › tests/freemium/billing.spec.ts:81:7 › GET /api/billing/portal › returns 404 when authenticated but no Stripe customer @smoke
  ✘   63 [chromium] › tests/freemium/billing.spec.ts:81:7 › GET /api/billing/portal › returns 404 when authenticated but no Stripe customer @smoke (3.5s)
[1A[2K  22) [chromium] › tests/freemium/billing.spec.ts:81:7 › GET /api/billing/portal › returns 404 when authenticated but no Stripe customer @smoke 

    Error: [2mexpect([22m[31mreceived[39m[2m).[22mtoBeTruthy[2m()[22m

    Received: [31mundefined[39m

      35 |   const cookies = await request.storageState();
      36 |   const session = cookies.cookies.find((c) => c.name === "sd-session");
    > 37 |   expect(session).toBeTruthy();
         |                   ^
      38 |   return session!.value;
      39 | }
      40 |
        at signInAs (/Users/michaelfuscoletti/Desktop/scroll-down-web/web/tests/freemium/billing.spec.ts:37:19)
        at /Users/michaelfuscoletti/Desktop/scroll-down-web/web/tests/freemium/billing.spec.ts:85:5

    Error Context: test-results/freemium-billing-GET-api-b-04c13-ut-no-Stripe-customer-smoke-chromium/error-context.md


(node:59794) Warning: The 'NO_COLOR' env is ignored due to the 'FORCE_COLOR' env being set.
(Use `node --trace-warnings ...` to show where the warning was created)
[1A[2K(node:59794) Warning: The 'NO_COLOR' env is ignored due to the 'FORCE_COLOR' env being set.
(Use `node --trace-warnings ...` to show where the warning was created)


(node:59794) Warning: The 'NO_COLOR' env is ignored due to the 'FORCE_COLOR' env being set.
(Use `node --trace-warnings ...` to show where the warning was created)
[1A[2K(node:59794) Warning: The 'NO_COLOR' env is ignored due to the 'FORCE_COLOR' env being set.
(Use `node --trace-warnings ...` to show where the warning was created)


[1A[2K[64/333] [chromium] › tests/freemium/billing.spec.ts:98:7 › POST /api/billing/webhook › returns 400 when stripe-signature header is missing @smoke
  ✓   64 [chromium] › tests/freemium/billing.spec.ts:98:7 › POST /api/billing/webhook › returns 400 when stripe-signature header is missing @smoke (1.7s)
[1A[2K[65/333] [chromium] › tests/freemium/billing.spec.ts:108:7 › POST /api/billing/webhook › returns 400 with a forged signature @smoke
  ✓   65 [chromium] › tests/freemium/billing.spec.ts:108:7 › POST /api/billing/webhook › returns 400 with a forged signature @smoke (26ms)
[1A[2K[66/333] [chromium] › tests/freemium/billing.spec.ts:123:7 › Session tier refresh › session route returns authenticated: false without cookie @smoke
  -   56 [chromium] › tests/fairbet.spec.ts:549:7 › FairBet E2E Suite › empty state renders intentional messaging when no cards @smoke
[1A[2K[67/333] [chromium] › tests/freemium/billing.spec.ts:132:7 › Session tier refresh › session route returns authenticated user after sign-in @smoke
  ✓   66 [chromium] › tests/freemium/billing.spec.ts:123:7 › Session tier refresh › session route returns authenticated: false without cookie @smoke (1.4s)
[1A[2K[68/333] [chromium] › tests/freemium/billing.spec.ts:154:7 › ProGateSheet — checkout CTA › Upgrade to Pro button is present and not disabled when sheet is open @smoke
  ✓   67 [chromium] › tests/freemium/billing.spec.ts:132:7 › Session tier refresh › session route returns authenticated user after sign-in @smoke (735ms)
[1A[2K[69/333] [chromium] › tests/freemium/billing.spec.ts:171:7 › ProGateSheet — checkout CTA › unauthenticated upgrade click redirects to /login @smoke
  -   57 [chromium] › tests/fairbet.spec.ts:570:7 › FairBet E2E Suite › advanced filters: free user sees gated button that opens pro-gate sheet @smoke
[1A[2K[70/333] [chromium] › tests/freemium/magic-link.spec.ts:15:7 › POST /api/auth/send-link › returns 200 for a valid email @smoke
  -   58 [chromium] › tests/fairbet.spec.ts:588:7 › FairBet E2E Suite › advanced filters: pro user sees full filter panel with four control rows @smoke
[1A[2K[71/333] [chromium] › tests/freemium/magic-link.spec.ts:24:7 › POST /api/auth/send-link › returns 200 for an invalid email — no enumeration @smoke
  ✓   71 [chromium] › tests/freemium/magic-link.spec.ts:24:7 › POST /api/auth/send-link › returns 200 for an invalid email — no enumeration @smoke (339ms)
[1A[2K[72/333] [chromium] › tests/freemium/magic-link.spec.ts:38:7 › POST /api/auth/send-link › exposes devToken in non-production @smoke
  ✓   70 [chromium] › tests/freemium/magic-link.spec.ts:15:7 › POST /api/auth/send-link › returns 200 for a valid email @smoke (534ms)
[1A[2K[73/333] [chromium] › tests/freemium/magic-link.spec.ts:55:7 › GET /api/auth/verify › missing token redirects to /login with error @smoke
  ✓   72 [chromium] › tests/freemium/magic-link.spec.ts:38:7 › POST /api/auth/send-link › exposes devToken in non-production @smoke (107ms)
[1A[2K[74/333] [chromium] › tests/freemium/magic-link.spec.ts:61:7 › GET /api/auth/verify › invalid token redirects to /login with error @smoke
  ✓   73 [chromium] › tests/freemium/magic-link.spec.ts:55:7 › GET /api/auth/verify › missing token redirects to /login with error @smoke (1.8s)
[1A[2K[75/333] [chromium] › tests/freemium/magic-link.spec.ts:71:7 › GET /api/auth/session › returns anonymous when no cookie is present @smoke
  ✓   74 [chromium] › tests/freemium/magic-link.spec.ts:61:7 › GET /api/auth/verify › invalid token redirects to /login with error @smoke (1.7s)
[1A[2K[76/333] [chromium] › tests/freemium/magic-link.spec.ts:82:7 › Magic-link end-to-end flow › verify → session cookie set → sign-out clears session @smoke
  ✓   75 [chromium] › tests/freemium/magic-link.spec.ts:71:7 › GET /api/auth/session › returns anonymous when no cookie is present @smoke (23ms)
[1A[2K[77/333] [chromium] › tests/freemium/pro-gate-sheet.spec.ts:19:7 › ProGateSheet — upgrade prompt › sheet opens and shows benefit copy for the requested feature @smoke
  ✘   77 [chromium] › tests/freemium/pro-gate-sheet.spec.ts:19:7 › ProGateSheet — upgrade prompt › sheet opens and shows benefit copy for the requested feature @smoke (1.3s)
[1A[2K  23) [chromium] › tests/freemium/pro-gate-sheet.spec.ts:19:7 › ProGateSheet — upgrade prompt › sheet opens and shows benefit copy for the requested feature @smoke 

    Error: page.evaluate: Error: __openProGateSheet not mounted
        at eval (eval at evaluate (:302:30), <anonymous>:3:20)
        at UtilityScript.evaluate (<anonymous>:304:16)
        at UtilityScript.<anonymous> (<anonymous>:1:44)
        at eval (eval at evaluate (:302:30), <anonymous>:3:20)
        at UtilityScript.evaluate (<anonymous>:304:16)
        at UtilityScript.<anonymous> (<anonymous>:1:44)
        at openSheet (/Users/michaelfuscoletti/Desktop/scroll-down-web/web/tests/freemium/pro-gate-sheet.spec.ts:7:14)
        at /Users/michaelfuscoletti/Desktop/scroll-down-web/web/tests/freemium/pro-gate-sheet.spec.ts:24:11

    attachment #1: screenshot (image/png) ──────────────────────────────────────────────────────────
    test-results/freemium-pro-gate-sheet-Pr-569fb-the-requested-feature-smoke-chromium/test-failed-1.png
    ────────────────────────────────────────────────────────────────────────────────────────────────

    attachment #2: video (video/webm) ──────────────────────────────────────────────────────────────
    test-results/freemium-pro-gate-sheet-Pr-569fb-the-requested-feature-smoke-chromium/video.webm
    ────────────────────────────────────────────────────────────────────────────────────────────────

    Error Context: test-results/freemium-pro-gate-sheet-Pr-569fb-the-requested-feature-smoke-chromium/error-context.md


(node:60013) Warning: The 'NO_COLOR' env is ignored due to the 'FORCE_COLOR' env being set.
(Use `node --trace-warnings ...` to show where the warning was created)
[1A[2K(node:60013) Warning: The 'NO_COLOR' env is ignored due to the 'FORCE_COLOR' env being set.
(Use `node --trace-warnings ...` to show where the warning was created)


  ✓   76 [chromium] › tests/freemium/magic-link.spec.ts:82:7 › Magic-link end-to-end flow › verify → session cookie set → sign-out clears session @smoke (2.1s)
[1A[2K[78/333] [chromium] › tests/freemium/pro-gate-sheet.spec.ts:53:7 › ProGateSheet — upgrade prompt › dismissing sheet via close button hides the sheet @smoke
(node:60013) Warning: The 'NO_COLOR' env is ignored due to the 'FORCE_COLOR' env being set.
(Use `node --trace-warnings ...` to show where the warning was created)
[1A[2K(node:60013) Warning: The 'NO_COLOR' env is ignored due to the 'FORCE_COLOR' env being set.
(Use `node --trace-warnings ...` to show where the warning was created)


[1A[2K[79/333] [chromium] › tests/freemium/pro-gate-sheet.spec.ts:36:7 › ProGateSheet — upgrade prompt › sheet displays monthly and annual pricing @smoke
  ✘   78 [chromium] › tests/freemium/pro-gate-sheet.spec.ts:53:7 › ProGateSheet — upgrade prompt › dismissing sheet via close button hides the sheet @smoke (1.7s)
[1A[2K  24) [chromium] › tests/freemium/pro-gate-sheet.spec.ts:53:7 › ProGateSheet — upgrade prompt › dismissing sheet via close button hides the sheet @smoke 

    Error: page.evaluate: Error: __openProGateSheet not mounted
        at eval (eval at evaluate (:302:30), <anonymous>:3:20)
        at UtilityScript.evaluate (<anonymous>:304:16)
        at UtilityScript.<anonymous> (<anonymous>:1:44)
        at eval (eval at evaluate (:302:30), <anonymous>:3:20)
        at UtilityScript.evaluate (<anonymous>:304:16)
        at UtilityScript.<anonymous> (<anonymous>:1:44)
        at openSheet (/Users/michaelfuscoletti/Desktop/scroll-down-web/web/tests/freemium/pro-gate-sheet.spec.ts:7:14)
        at /Users/michaelfuscoletti/Desktop/scroll-down-web/web/tests/freemium/pro-gate-sheet.spec.ts:55:11

    attachment #1: screenshot (image/png) ──────────────────────────────────────────────────────────
    test-results/freemium-pro-gate-sheet-Pr-f4b28-utton-hides-the-sheet-smoke-chromium/test-failed-1.png
    ────────────────────────────────────────────────────────────────────────────────────────────────

    attachment #2: video (video/webm) ──────────────────────────────────────────────────────────────
    test-results/freemium-pro-gate-sheet-Pr-f4b28-utton-hides-the-sheet-smoke-chromium/video.webm
    ────────────────────────────────────────────────────────────────────────────────────────────────

    Error Context: test-results/freemium-pro-gate-sheet-Pr-f4b28-utton-hides-the-sheet-smoke-chromium/error-context.md


  ✘   79 [chromium] › tests/freemium/pro-gate-sheet.spec.ts:36:7 › ProGateSheet — upgrade prompt › sheet displays monthly and annual pricing @smoke (1.5s)
[1A[2K  25) [chromium] › tests/freemium/pro-gate-sheet.spec.ts:36:7 › ProGateSheet — upgrade prompt › sheet displays monthly and annual pricing @smoke 

    Error: page.evaluate: Error: __openProGateSheet not mounted
        at eval (eval at evaluate (:302:30), <anonymous>:3:20)
        at UtilityScript.evaluate (<anonymous>:304:16)
        at UtilityScript.<anonymous> (<anonymous>:1:44)
        at eval (eval at evaluate (:302:30), <anonymous>:3:20)
        at UtilityScript.evaluate (<anonymous>:304:16)
        at UtilityScript.<anonymous> (<anonymous>:1:44)
        at openSheet (/Users/michaelfuscoletti/Desktop/scroll-down-web/web/tests/freemium/pro-gate-sheet.spec.ts:7:14)
        at /Users/michaelfuscoletti/Desktop/scroll-down-web/web/tests/freemium/pro-gate-sheet.spec.ts:38:11

    attachment #1: screenshot (image/png) ──────────────────────────────────────────────────────────
    test-results/freemium-pro-gate-sheet-Pr-69be7-ly-and-annual-pricing-smoke-chromium/test-failed-1.png
    ────────────────────────────────────────────────────────────────────────────────────────────────

    attachment #2: video (video/webm) ──────────────────────────────────────────────────────────────
    test-results/freemium-pro-gate-sheet-Pr-69be7-ly-and-annual-pricing-smoke-chromium/video.webm
    ────────────────────────────────────────────────────────────────────────────────────────────────

    Error Context: test-results/freemium-pro-gate-sheet-Pr-69be7-ly-and-annual-pricing-smoke-chromium/error-context.md


(node:60052) Warning: The 'NO_COLOR' env is ignored due to the 'FORCE_COLOR' env being set.
(Use `node --trace-warnings ...` to show where the warning was created)
[1A[2K(node:60052) Warning: The 'NO_COLOR' env is ignored due to the 'FORCE_COLOR' env being set.
(Use `node --trace-warnings ...` to show where the warning was created)


(node:60066) Warning: The 'NO_COLOR' env is ignored due to the 'FORCE_COLOR' env being set.
(Use `node --trace-warnings ...` to show where the warning was created)
[1A[2K(node:60066) Warning: The 'NO_COLOR' env is ignored due to the 'FORCE_COLOR' env being set.
(Use `node --trace-warnings ...` to show where the warning was created)


(node:60052) Warning: The 'NO_COLOR' env is ignored due to the 'FORCE_COLOR' env being set.
(Use `node --trace-warnings ...` to show where the warning was created)
[1A[2K(node:60052) Warning: The 'NO_COLOR' env is ignored due to the 'FORCE_COLOR' env being set.
(Use `node --trace-warnings ...` to show where the warning was created)


[1A[2K[80/333] [chromium] › tests/freemium/pro-gate-sheet.spec.ts:102:7 › ProGateSheet — upgrade prompt › sheet shows 'Create free account' for anonymous users @smoke
(node:60066) Warning: The 'NO_COLOR' env is ignored due to the 'FORCE_COLOR' env being set.
(Use `node --trace-warnings ...` to show where the warning was created)
[1A[2K(node:60066) Warning: The 'NO_COLOR' env is ignored due to the 'FORCE_COLOR' env being set.
(Use `node --trace-warnings ...` to show where the warning was created)


[1A[2K[81/333] [chromium] › tests/freemium/pro-gate.spec.ts:33:7 › Pro gate — tier store › generates and persists a stable anon ID @smoke
  ✘   80 [chromium] › tests/freemium/pro-gate-sheet.spec.ts:102:7 › ProGateSheet — upgrade prompt › sheet shows 'Create free account' for anonymous users @smoke (1.4s)
[1A[2K  26) [chromium] › tests/freemium/pro-gate-sheet.spec.ts:102:7 › ProGateSheet — upgrade prompt › sheet shows 'Create free account' for anonymous users @smoke 

    Error: page.evaluate: Error: __openProGateSheet not mounted
        at eval (eval at evaluate (:302:30), <anonymous>:3:20)
        at UtilityScript.evaluate (<anonymous>:304:16)
        at UtilityScript.<anonymous> (<anonymous>:1:44)
        at eval (eval at evaluate (:302:30), <anonymous>:3:20)
        at UtilityScript.evaluate (<anonymous>:304:16)
        at UtilityScript.<anonymous> (<anonymous>:1:44)
        at openSheet (/Users/michaelfuscoletti/Desktop/scroll-down-web/web/tests/freemium/pro-gate-sheet.spec.ts:7:14)
        at /Users/michaelfuscoletti/Desktop/scroll-down-web/web/tests/freemium/pro-gate-sheet.spec.ts:107:11

    attachment #1: screenshot (image/png) ──────────────────────────────────────────────────────────
    test-results/freemium-pro-gate-sheet-Pr-be8b5-t-for-anonymous-users-smoke-chromium/test-failed-1.png
    ────────────────────────────────────────────────────────────────────────────────────────────────

    attachment #2: video (video/webm) ──────────────────────────────────────────────────────────────
    test-results/freemium-pro-gate-sheet-Pr-be8b5-t-for-anonymous-users-smoke-chromium/video.webm
    ────────────────────────────────────────────────────────────────────────────────────────────────

    Error Context: test-results/freemium-pro-gate-sheet-Pr-be8b5-t-for-anonymous-users-smoke-chromium/error-context.md


  ✘   81 [chromium] › tests/freemium/pro-gate.spec.ts:33:7 › Pro gate — tier store › generates and persists a stable anon ID @smoke (1.2s)
[1A[2K  27) [chromium] › tests/freemium/pro-gate.spec.ts:33:7 › Pro gate — tier store › generates and persists a stable anon ID @smoke 

    Error: [2mexpect([22m[31mreceived[39m[2m).[22mnot[2m.[22mtoBeNull[2m()[22m

    Received: [31mnull[39m

      35 |
      36 |     const state1 = await getStoredTier(page);
    > 37 |     expect(state1).not.toBeNull();
         |                        ^
      38 |     expect(state1!.anonId).toMatch(UUID_RE);
      39 |
      40 |     // Reload — ID must be the same
        at /Users/michaelfuscoletti/Desktop/scroll-down-web/web/tests/freemium/pro-gate.spec.ts:37:24

    attachment #1: screenshot (image/png) ──────────────────────────────────────────────────────────
    test-results/freemium-pro-gate-Pro-gate-b6b56-ists-a-stable-anon-ID-smoke-chromium/test-failed-1.png
    ────────────────────────────────────────────────────────────────────────────────────────────────

    attachment #2: video (video/webm) ──────────────────────────────────────────────────────────────
    test-results/freemium-pro-gate-Pro-gate-b6b56-ists-a-stable-anon-ID-smoke-chromium/video.webm
    ────────────────────────────────────────────────────────────────────────────────────────────────

    Error Context: test-results/freemium-pro-gate-Pro-gate-b6b56-ists-a-stable-anon-ID-smoke-chromium/error-context.md


(node:60103) Warning: The 'NO_COLOR' env is ignored due to the 'FORCE_COLOR' env being set.
(Use `node --trace-warnings ...` to show where the warning was created)
[1A[2K(node:60103) Warning: The 'NO_COLOR' env is ignored due to the 'FORCE_COLOR' env being set.
(Use `node --trace-warnings ...` to show where the warning was created)


(node:60106) Warning: The 'NO_COLOR' env is ignored due to the 'FORCE_COLOR' env being set.
(Use `node --trace-warnings ...` to show where the warning was created)
[1A[2K(node:60106) Warning: The 'NO_COLOR' env is ignored due to the 'FORCE_COLOR' env being set.
(Use `node --trace-warnings ...` to show where the warning was created)


(node:60103) Warning: The 'NO_COLOR' env is ignored due to the 'FORCE_COLOR' env being set.
(Use `node --trace-warnings ...` to show where the warning was created)
[1A[2K(node:60103) Warning: The 'NO_COLOR' env is ignored due to the 'FORCE_COLOR' env being set.
(Use `node --trace-warnings ...` to show where the warning was created)


[1A[2K[82/333] [chromium] › tests/freemium/pro-gate.spec.ts:46:7 › Pro gate — tier store › sd-anon-id cookie is set after page load @smoke
(node:60106) Warning: The 'NO_COLOR' env is ignored due to the 'FORCE_COLOR' env being set.
(Use `node --trace-warnings ...` to show where the warning was created)
[1A[2K(node:60106) Warning: The 'NO_COLOR' env is ignored due to the 'FORCE_COLOR' env being set.
(Use `node --trace-warnings ...` to show where the warning was created)


[1A[2K[83/333] [chromium] › tests/freemium/pro-gate.spec.ts:54:7 › Pro gate — tier store › sd-tier cookie is set to free by default @smoke
  ✘   82 [chromium] › tests/freemium/pro-gate.spec.ts:46:7 › Pro gate — tier store › sd-anon-id cookie is set after page load @smoke (1.2s)
[1A[2K  28) [chromium] › tests/freemium/pro-gate.spec.ts:46:7 › Pro gate — tier store › sd-anon-id cookie is set after page load @smoke 

    Error: [2mexpect([22m[31mreceived[39m[2m).[22mnot[2m.[22mtoBeNull[2m()[22m

    Received: [31mnull[39m

      48 |
      49 |     const anonCookie = await getAnonCookie(page);
    > 50 |     expect(anonCookie).not.toBeNull();
         |                            ^
      51 |     expect(anonCookie).toMatch(UUID_RE);
      52 |   });
      53 |
        at /Users/michaelfuscoletti/Desktop/scroll-down-web/web/tests/freemium/pro-gate.spec.ts:50:28

    attachment #1: screenshot (image/png) ──────────────────────────────────────────────────────────
    test-results/freemium-pro-gate-Pro-gate-1f136-s-set-after-page-load-smoke-chromium/test-failed-1.png
    ────────────────────────────────────────────────────────────────────────────────────────────────

    attachment #2: video (video/webm) ──────────────────────────────────────────────────────────────
    test-results/freemium-pro-gate-Pro-gate-1f136-s-set-after-page-load-smoke-chromium/video.webm
    ────────────────────────────────────────────────────────────────────────────────────────────────

    Error Context: test-results/freemium-pro-gate-Pro-gate-1f136-s-set-after-page-load-smoke-chromium/error-context.md


  ✘   83 [chromium] › tests/freemium/pro-gate.spec.ts:54:7 › Pro gate — tier store › sd-tier cookie is set to free by default @smoke (1.1s)
[1A[2K  29) [chromium] › tests/freemium/pro-gate.spec.ts:54:7 › Pro gate — tier store › sd-tier cookie is set to free by default @smoke 

    Error: [2mexpect([22m[31mreceived[39m[2m).[22mtoBe[2m([22m[32mexpected[39m[2m) // Object.is equality[22m

    Expected: [32m"free"[39m
    Received: [31mnull[39m

      56 |
      57 |     const tierCookie = await getTierCookie(page);
    > 58 |     expect(tierCookie).toBe("free");
         |                        ^
      59 |   });
      60 |
      61 |   test("default tier is free", async ({ page }) => {
        at /Users/michaelfuscoletti/Desktop/scroll-down-web/web/tests/freemium/pro-gate.spec.ts:58:24

    attachment #1: screenshot (image/png) ──────────────────────────────────────────────────────────
    test-results/freemium-pro-gate-Pro-gate-ecb8f-et-to-free-by-default-smoke-chromium/test-failed-1.png
    ────────────────────────────────────────────────────────────────────────────────────────────────

    attachment #2: video (video/webm) ──────────────────────────────────────────────────────────────
    test-results/freemium-pro-gate-Pro-gate-ecb8f-et-to-free-by-default-smoke-chromium/video.webm
    ────────────────────────────────────────────────────────────────────────────────────────────────

    Error Context: test-results/freemium-pro-gate-Pro-gate-ecb8f-et-to-free-by-default-smoke-chromium/error-context.md


(node:60157) Warning: The 'NO_COLOR' env is ignored due to the 'FORCE_COLOR' env being set.
(Use `node --trace-warnings ...` to show where the warning was created)
[1A[2K(node:60157) Warning: The 'NO_COLOR' env is ignored due to the 'FORCE_COLOR' env being set.
(Use `node --trace-warnings ...` to show where the warning was created)


(node:60158) Warning: The 'NO_COLOR' env is ignored due to the 'FORCE_COLOR' env being set.
(Use `node --trace-warnings ...` to show where the warning was created)
[1A[2K(node:60158) Warning: The 'NO_COLOR' env is ignored due to the 'FORCE_COLOR' env being set.
(Use `node --trace-warnings ...` to show where the warning was created)


(node:60157) Warning: The 'NO_COLOR' env is ignored due to the 'FORCE_COLOR' env being set.
(Use `node --trace-warnings ...` to show where the warning was created)
[1A[2K(node:60157) Warning: The 'NO_COLOR' env is ignored due to the 'FORCE_COLOR' env being set.
(Use `node --trace-warnings ...` to show where the warning was created)


  -   59 [chromium] › tests/fairbet.spec.ts:611:7 › FairBet E2E Suite › advanced filters: filter state persists across page reload @smoke
[1A[2K[84/333] [chromium] › tests/freemium/tier-gating-suite.spec.ts:27:7 › ISSUE-047 / free tier gated feature › free user opening a gated feature sees ProGateSheet, then dismisses @smoke
(node:60158) Warning: The 'NO_COLOR' env is ignored due to the 'FORCE_COLOR' env being set.
(Use `node --trace-warnings ...` to show where the warning was created)
[1A[2K(node:60158) Warning: The 'NO_COLOR' env is ignored due to the 'FORCE_COLOR' env being set.
(Use `node --trace-warnings ...` to show where the warning was created)


[1A[2K[85/333] [chromium] › tests/freemium/pro-gate.spec.ts:78:7 › Pro gate — tier store › ?tier=pro query param sets tier cookie in dev mode @smoke
[1A[2K[86/333] [chromium] › tests/freemium/pro-gate.spec.ts:91:7 › Pro gate — API route (requirePro) › live odds API returns 402 for free-tier requests @smoke
  ✘   84 [chromium] › tests/freemium/tier-gating-suite.spec.ts:27:7 › ISSUE-047 / free tier gated feature › free user opening a gated feature sees ProGateSheet, then dismisses @smoke (1.3s)
[1A[2K  30) [chromium] › tests/freemium/tier-gating-suite.spec.ts:27:7 › ISSUE-047 / free tier gated feature › free user opening a gated feature sees ProGateSheet, then dismisses @smoke 

    Error: [2mexpect([22m[31mreceived[39m[2m).[22mtoBe[2m([22m[32mexpected[39m[2m) // Object.is equality[22m

    Expected: [32m"free"[39m
    Received: [31mnull[39m

      29 |   }) => {
      30 |     await page.goto("/?tier=free");
    > 31 |     expect(await cookieValue(page, "sd-tier")).toBe("free");
         |                                                ^
      32 |
      33 |     await openGate(page, "live_odds");
      34 |     const sheet = page.locator("[data-testid='pro-gate-sheet']");
        at /Users/michaelfuscoletti/Desktop/scroll-down-web/web/tests/freemium/tier-gating-suite.spec.ts:31:48

    attachment #1: screenshot (image/png) ──────────────────────────────────────────────────────────
    test-results/freemium-tier-gating-suite-77b98-eSheet-then-dismisses-smoke-chromium/test-failed-1.png
    ────────────────────────────────────────────────────────────────────────────────────────────────

    attachment #2: video (video/webm) ──────────────────────────────────────────────────────────────
    test-results/freemium-tier-gating-suite-77b98-eSheet-then-dismisses-smoke-chromium/video.webm
    ────────────────────────────────────────────────────────────────────────────────────────────────

    Error Context: test-results/freemium-tier-gating-suite-77b98-eSheet-then-dismisses-smoke-chromium/error-context.md


  ✘   85 [chromium] › tests/freemium/pro-gate.spec.ts:78:7 › Pro gate — tier store › ?tier=pro query param sets tier cookie in dev mode @smoke (1.2s)
[1A[2K  31) [chromium] › tests/freemium/pro-gate.spec.ts:78:7 › Pro gate — tier store › ?tier=pro query param sets tier cookie in dev mode @smoke 

    Error: [2mexpect([22m[31mreceived[39m[2m).[22mtoBe[2m([22m[32mexpected[39m[2m) // Object.is equality[22m

    Expected: [32m"free"[39m
    Received: [31mnull[39m

      84 |     // Cookie and stored state must agree regardless of whether the override fired.
      85 |     // In production the override is a no-op; in dev both become 'pro'.
    > 86 |     expect(tierCookie).toBe(state?.tier ?? "free");
         |                        ^
      87 |   });
      88 | });
      89 |
        at /Users/michaelfuscoletti/Desktop/scroll-down-web/web/tests/freemium/pro-gate.spec.ts:86:24

    attachment #1: screenshot (image/png) ──────────────────────────────────────────────────────────
    test-results/freemium-pro-gate-Pro-gate-dec21-er-cookie-in-dev-mode-smoke-chromium/test-failed-1.png
    ────────────────────────────────────────────────────────────────────────────────────────────────

    attachment #2: video (video/webm) ──────────────────────────────────────────────────────────────
    test-results/freemium-pro-gate-Pro-gate-dec21-er-cookie-in-dev-mode-smoke-chromium/video.webm
    ────────────────────────────────────────────────────────────────────────────────────────────────

    Error Context: test-results/freemium-pro-gate-Pro-gate-dec21-er-cookie-in-dev-mode-smoke-chromium/error-context.md


(node:60193) Warning: The 'NO_COLOR' env is ignored due to the 'FORCE_COLOR' env being set.
(Use `node --trace-warnings ...` to show where the warning was created)
[1A[2K(node:60193) Warning: The 'NO_COLOR' env is ignored due to the 'FORCE_COLOR' env being set.
(Use `node --trace-warnings ...` to show where the warning was created)


  -   86 [chromium] › tests/freemium/pro-gate.spec.ts:91:7 › Pro gate — API route (requirePro) › live odds API returns 402 for free-tier requests @smoke
[1A[2K[87/333] [chromium] › tests/freemium/tier-gating-suite.spec.ts:105:7 › ISSUE-047 / magic-link sign-in › verify token sets sd-session cookie and redirects to home @smoke
(node:60194) Warning: The 'NO_COLOR' env is ignored due to the 'FORCE_COLOR' env being set.
(Use `node --trace-warnings ...` to show where the warning was created)
[1A[2K(node:60194) Warning: The 'NO_COLOR' env is ignored due to the 'FORCE_COLOR' env being set.
(Use `node --trace-warnings ...` to show where the warning was created)


(node:60193) Warning: The 'NO_COLOR' env is ignored due to the 'FORCE_COLOR' env being set.
(Use `node --trace-warnings ...` to show where the warning was created)
[1A[2K(node:60193) Warning: The 'NO_COLOR' env is ignored due to the 'FORCE_COLOR' env being set.
(Use `node --trace-warnings ...` to show where the warning was created)


[1A[2K[88/333] [chromium] › tests/freemium/tier-gating-suite.spec.ts:51:7 › ISSUE-047 / ?tier=pro suppresses gate + ads › pro tier override hides native ad cards on home feed @smoke
(node:60194) Warning: The 'NO_COLOR' env is ignored due to the 'FORCE_COLOR' env being set.
(Use `node --trace-warnings ...` to show where the warning was created)
[1A[2K(node:60194) Warning: The 'NO_COLOR' env is ignored due to the 'FORCE_COLOR' env being set.
(Use `node --trace-warnings ...` to show where the warning was created)


[1A[2K[89/333] [chromium] › tests/freemium/tier-gating-suite.spec.ts:63:7 › ISSUE-047 / ?tier=pro suppresses gate + ads › pro tier override hides detail banner ad on game detail @smoke
  ✓   87 [chromium] › tests/freemium/tier-gating-suite.spec.ts:105:7 › ISSUE-047 / magic-link sign-in › verify token sets sd-session cookie and redirects to home @smoke (832ms)
[1A[2K[90/333] [chromium] › tests/freemium/tier-gating-suite.spec.ts:135:7 › ISSUE-047 / sign-out restores gate › after sign-out user is anonymous and gated feature reopens sheet @smoke
  -   88 [chromium] › tests/freemium/tier-gating-suite.spec.ts:51:7 › ISSUE-047 / ?tier=pro suppresses gate + ads › pro tier override hides native ad cards on home feed @smoke
[1A[2K[91/333] [chromium] › tests/game/ai-story-e2e.spec.ts:34:7 › AI game story — section absent when disabled @smoke › game-story-section not in DOM when quality gate is on (default)
  ✘   90 [chromium] › tests/freemium/tier-gating-suite.spec.ts:135:7 › ISSUE-047 / sign-out restores gate › after sign-out user is anonymous and gated feature reopens sheet @smoke (1.7s)
[1A[2K  32) [chromium] › tests/freemium/tier-gating-suite.spec.ts:135:7 › ISSUE-047 / sign-out restores gate › after sign-out user is anonymous and gated feature reopens sheet @smoke 

    Error: page.evaluate: Error: __openProGateSheet not mounted
        at eval (eval at evaluate (:302:30), <anonymous>:3:20)
        at UtilityScript.evaluate (<anonymous>:304:16)
        at UtilityScript.<anonymous> (<anonymous>:1:44)
        at eval (eval at evaluate (:302:30), <anonymous>:3:20)
        at UtilityScript.evaluate (<anonymous>:304:16)
        at UtilityScript.<anonymous> (<anonymous>:1:44)
        at openGate (/Users/michaelfuscoletti/Desktop/scroll-down-web/web/tests/freemium/tier-gating-suite.spec.ts:10:14)
        at /Users/michaelfuscoletti/Desktop/scroll-down-web/web/tests/freemium/tier-gating-suite.spec.ts:164:11

    attachment #1: screenshot (image/png) ──────────────────────────────────────────────────────────
    test-results/freemium-tier-gating-suite-77865-feature-reopens-sheet-smoke-chromium/test-failed-1.png
    ────────────────────────────────────────────────────────────────────────────────────────────────

    attachment #2: video (video/webm) ──────────────────────────────────────────────────────────────
    test-results/freemium-tier-gating-suite-77865-feature-reopens-sheet-smoke-chromium/video.webm
    ────────────────────────────────────────────────────────────────────────────────────────────────

    Error Context: test-results/freemium-tier-gating-suite-77865-feature-reopens-sheet-smoke-chromium/error-context.md


(node:60264) Warning: The 'NO_COLOR' env is ignored due to the 'FORCE_COLOR' env being set.
(Use `node --trace-warnings ...` to show where the warning was created)
[1A[2K(node:60264) Warning: The 'NO_COLOR' env is ignored due to the 'FORCE_COLOR' env being set.
(Use `node --trace-warnings ...` to show where the warning was created)


(node:60264) Warning: The 'NO_COLOR' env is ignored due to the 'FORCE_COLOR' env being set.
(Use `node --trace-warnings ...` to show where the warning was created)
[1A[2K(node:60264) Warning: The 'NO_COLOR' env is ignored due to the 'FORCE_COLOR' env being set.
(Use `node --trace-warnings ...` to show where the warning was created)


[1A[2K[92/333] [chromium] › tests/game/ai-story-e2e.spec.ts:102:7 › AI game story — graceful degradation on 5xx @smoke › box score renders normally when AI story API returns 500
  -   89 [chromium] › tests/freemium/tier-gating-suite.spec.ts:63:7 › ISSUE-047 / ?tier=pro suppresses gate + ads › pro tier override hides detail banner ad on game detail @smoke
[1A[2K[93/333] [chromium] › tests/game/ai-story-e2e.spec.ts:126:7 › AI game story — graceful degradation on 5xx @smoke › story section absent (no error shown) when AI story API returns 500
  ✘   69 [chromium] › tests/freemium/billing.spec.ts:171:7 › ProGateSheet — checkout CTA › unauthenticated upgrade click redirects to /login @smoke (30.1s)
[1A[2K  33) [chromium] › tests/freemium/billing.spec.ts:171:7 › ProGateSheet — checkout CTA › unauthenticated upgrade click redirects to /login @smoke 

    [31mTest timeout of 30000ms exceeded.[39m

    Error: page.waitForFunction: Test timeout of 30000ms exceeded.

       7 | async function waitForProGateTestHook(page: Page): Promise<void> {
       8 |   await waitForLoad(page);
    >  9 |   await page.waitForFunction(
         |              ^
      10 |     () =>
      11 |       typeof (window as unknown as { __openProGateSheet?: unknown }).__openProGateSheet ===
      12 |       "function",
        at waitForProGateTestHook (/Users/michaelfuscoletti/Desktop/scroll-down-web/web/tests/freemium/billing.spec.ts:9:14)
        at /Users/michaelfuscoletti/Desktop/scroll-down-web/web/tests/freemium/billing.spec.ts:175:5

    attachment #1: screenshot (image/png) ──────────────────────────────────────────────────────────
    test-results/freemium-billing-ProGateSh-1f685-ck-redirects-to-login-smoke-chromium/test-failed-1.png
    ────────────────────────────────────────────────────────────────────────────────────────────────

    attachment #2: video (video/webm) ──────────────────────────────────────────────────────────────
    test-results/freemium-billing-ProGateSh-1f685-ck-redirects-to-login-smoke-chromium/video.webm
    ────────────────────────────────────────────────────────────────────────────────────────────────

    Error Context: test-results/freemium-billing-ProGateSh-1f685-ck-redirects-to-login-smoke-chromium/error-context.md


(node:60509) Warning: The 'NO_COLOR' env is ignored due to the 'FORCE_COLOR' env being set.
(Use `node --trace-warnings ...` to show where the warning was created)
[1A[2K(node:60509) Warning: The 'NO_COLOR' env is ignored due to the 'FORCE_COLOR' env being set.
(Use `node --trace-warnings ...` to show where the warning was created)


  ✘   68 [chromium] › tests/freemium/billing.spec.ts:154:7 › ProGateSheet — checkout CTA › Upgrade to Pro button is present and not disabled when sheet is open @smoke (30.1s)
[1A[2K  34) [chromium] › tests/freemium/billing.spec.ts:154:7 › ProGateSheet — checkout CTA › Upgrade to Pro button is present and not disabled when sheet is open @smoke 

    [31mTest timeout of 30000ms exceeded.[39m

    Error: page.waitForFunction: Test timeout of 30000ms exceeded.

       7 | async function waitForProGateTestHook(page: Page): Promise<void> {
       8 |   await waitForLoad(page);
    >  9 |   await page.waitForFunction(
         |              ^
      10 |     () =>
      11 |       typeof (window as unknown as { __openProGateSheet?: unknown }).__openProGateSheet ===
      12 |       "function",
        at waitForProGateTestHook (/Users/michaelfuscoletti/Desktop/scroll-down-web/web/tests/freemium/billing.spec.ts:9:14)
        at /Users/michaelfuscoletti/Desktop/scroll-down-web/web/tests/freemium/billing.spec.ts:158:5

    attachment #1: screenshot (image/png) ──────────────────────────────────────────────────────────
    test-results/freemium-billing-ProGateSh-a301c-ed-when-sheet-is-open-smoke-chromium/test-failed-1.png
    ────────────────────────────────────────────────────────────────────────────────────────────────

    attachment #2: video (video/webm) ──────────────────────────────────────────────────────────────
    test-results/freemium-billing-ProGateSh-a301c-ed-when-sheet-is-open-smoke-chromium/video.webm
    ────────────────────────────────────────────────────────────────────────────────────────────────

    Error Context: test-results/freemium-billing-ProGateSh-a301c-ed-when-sheet-is-open-smoke-chromium/error-context.md


(node:60510) Warning: The 'NO_COLOR' env is ignored due to the 'FORCE_COLOR' env being set.
(Use `node --trace-warnings ...` to show where the warning was created)
[1A[2K(node:60510) Warning: The 'NO_COLOR' env is ignored due to the 'FORCE_COLOR' env being set.
(Use `node --trace-warnings ...` to show where the warning was created)


(node:60509) Warning: The 'NO_COLOR' env is ignored due to the 'FORCE_COLOR' env being set.
(Use `node --trace-warnings ...` to show where the warning was created)
[1A[2K(node:60509) Warning: The 'NO_COLOR' env is ignored due to the 'FORCE_COLOR' env being set.
(Use `node --trace-warnings ...` to show where the warning was created)


[1A[2K[94/333] [chromium] › tests/game/ai-story-e2e.spec.ts:147:7 › AI game story — graceful degradation on 5xx @smoke › play-by-play timeline accessible when AI story API unavailable
(node:60510) Warning: The 'NO_COLOR' env is ignored due to the 'FORCE_COLOR' env being set.
(Use `node --trace-warnings ...` to show where the warning was created)
[1A[2K(node:60510) Warning: The 'NO_COLOR' env is ignored due to the 'FORCE_COLOR' env being set.
(Use `node --trace-warnings ...` to show where the warning was created)


[1A[2K[95/333] [chromium] › tests/game/ai-story-e2e.spec.ts:169:7 › AI game story — feedback API contract @smoke › POST /api/story-feedback accepts up vote
  -   91 [chromium] › tests/game/ai-story-e2e.spec.ts:34:7 › AI game story — section absent when disabled @smoke › game-story-section not in DOM when quality gate is on (default)
[1A[2K[96/333] [chromium] › tests/game/ai-story-e2e.spec.ts:180:7 › AI game story — feedback API contract @smoke › POST /api/story-feedback accepts down vote
  ✓   96 [chromium] › tests/game/ai-story-e2e.spec.ts:180:7 › AI game story — feedback API contract @smoke › POST /api/story-feedback accepts down vote (299ms)
[1A[2K[97/333] [chromium] › tests/game/ai-story-e2e.spec.ts:191:7 › AI game story — feedback API contract @smoke › POST /api/story-feedback rejects missing storyId
  ✓   95 [chromium] › tests/game/ai-story-e2e.spec.ts:169:7 › AI game story — feedback API contract @smoke › POST /api/story-feedback accepts up vote (357ms)
[1A[2K[98/333] [chromium] › tests/game/ai-story-e2e.spec.ts:198:7 › AI game story — feedback API contract @smoke › POST /api/story-feedback rejects invalid vote value
  ✓   97 [chromium] › tests/game/ai-story-e2e.spec.ts:191:7 › AI game story — feedback API contract @smoke › POST /api/story-feedback rejects missing storyId (14ms)
  ✓   98 [chromium] › tests/game/ai-story-e2e.spec.ts:198:7 › AI game story — feedback API contract @smoke › POST /api/story-feedback rejects invalid vote value (10ms)
[1A[2K[99/333] [chromium] › tests/game/detail.spec.ts:224:7 › Game Detail Page › social reaction sections are not visible for non-admin users @smoke
[1A[2K[100/333] [chromium] › tests/game/fact-verification.spec.ts:121:7 › fact-verification — valid stories @smoke › fixture 1 (NBA): LeBron 30 pts, 115-98 — passes
  -   92 [chromium] › tests/game/ai-story-e2e.spec.ts:102:7 › AI game story — graceful degradation on 5xx @smoke › box score renders normally when AI story API returns 500
[1A[2K[101/333] [chromium] › tests/game/fact-verification.spec.ts:127:7 › fact-verification — valid stories @smoke › fixture 2 (NFL): Mahomes 312 yds, Chiefs 27-14 — passes
  ✓  100 [chromium] › tests/game/fact-verification.spec.ts:121:7 › fact-verification — valid stories @smoke › fixture 1 (NBA): LeBron 30 pts, 115-98 — passes (787ms)
[1A[2K[102/333] [chromium] › tests/game/fact-verification.spec.ts:133:7 › fact-verification — valid stories @smoke › fixture 3 (MLB): Freeman 2 HR, 3 RBI, Dodgers 5-3 — passes
  ✓  102 [chromium] › tests/game/fact-verification.spec.ts:133:7 › fact-verification — valid stories @smoke › fixture 3 (MLB): Freeman 2 HR, 3 RBI, Dodgers 5-3 — passes (45ms)
[1A[2K[103/333] [chromium] › tests/game/fact-verification.spec.ts:139:7 › fact-verification — valid stories @smoke › fixture 4 (NBA): SGA 40 pts, Thunder 98-87 — passes
  ✓  101 [chromium] › tests/game/fact-verification.spec.ts:127:7 › fact-verification — valid stories @smoke › fixture 2 (NFL): Mahomes 312 yds, Chiefs 27-14 — passes (69ms)
[1A[2K[104/333] [chromium] › tests/game/fact-verification.spec.ts:145:7 › fact-verification — valid stories @smoke › fixture 5 (NFL): Harris 120 yds, Bills 24-17 — passes
  ✓  103 [chromium] › tests/game/fact-verification.spec.ts:139:7 › fact-verification — valid stories @smoke › fixture 4 (NBA): SGA 40 pts, Thunder 98-87 — passes (27ms)
[1A[2K[105/333] [chromium] › tests/game/fact-verification.spec.ts:155:7 › fact-verification — injected numeric errors @smoke › fixture 1 (NBA): hallucinated 35 pts (actual 30) — rejected
  ✓  104 [chromium] › tests/game/fact-verification.spec.ts:145:7 › fact-verification — valid stories @smoke › fixture 5 (NFL): Harris 120 yds, Bills 24-17 — passes (22ms)
[1A[2K[106/333] [chromium] › tests/game/fact-verification.spec.ts:161:7 › fact-verification — injected numeric errors @smoke › fixture 2 (NFL): hallucinated 350 yds (actual 312) — rejected
  ✓  105 [chromium] › tests/game/fact-verification.spec.ts:155:7 › fact-verification — injected numeric errors @smoke › fixture 1 (NBA): hallucinated 35 pts (actual 30) — rejected (21ms)
[1A[2K[107/333] [chromium] › tests/game/fact-verification.spec.ts:167:7 › fact-verification — injected numeric errors @smoke › fixture 3 (MLB): hallucinated 6 RBI (actual 3) — rejected
  ✓  106 [chromium] › tests/game/fact-verification.spec.ts:161:7 › fact-verification — injected numeric errors @smoke › fixture 2 (NFL): hallucinated 350 yds (actual 312) — rejected (15ms)
[1A[2K[108/333] [chromium] › tests/game/fact-verification.spec.ts:173:7 › fact-verification — injected numeric errors @smoke › fixture 4 (NBA): hallucinated 45 pts (actual 40) — rejected
  ✓  107 [chromium] › tests/game/fact-verification.spec.ts:167:7 › fact-verification — injected numeric errors @smoke › fixture 3 (MLB): hallucinated 6 RBI (actual 3) — rejected (18ms)
[1A[2K[109/333] [chromium] › tests/game/fact-verification.spec.ts:179:7 › fact-verification — injected numeric errors @smoke › fixture 5 (NFL): hallucinated 130 yds (actual 120) — rejected
  ✓  108 [chromium] › tests/game/fact-verification.spec.ts:173:7 › fact-verification — injected numeric errors @smoke › fixture 4 (NBA): hallucinated 45 pts (actual 40) — rejected (19ms)
[1A[2K[110/333] [chromium] › tests/game/fact-verification.spec.ts:189:7 › fact-verification — API contract @smoke › returns 400 when story is missing
  ✓  109 [chromium] › tests/game/fact-verification.spec.ts:179:7 › fact-verification — injected numeric errors @smoke › fixture 5 (NFL): hallucinated 130 yds (actual 120) — rejected (12ms)
[1A[2K[111/333] [chromium] › tests/game/fact-verification.spec.ts:194:7 › fact-verification — API contract @smoke › returns 400 when boxScore fields are missing
  ✓  110 [chromium] › tests/game/fact-verification.spec.ts:189:7 › fact-verification — API contract @smoke › returns 400 when story is missing (14ms)
[1A[2K[112/333] [chromium] › tests/game/fact-verification.spec.ts:201:7 › fact-verification — API contract @smoke › response always includes valid, rejectedNumbers, storyNumbers, whitelistSize
  ✓  111 [chromium] › tests/game/fact-verification.spec.ts:194:7 › fact-verification — API contract @smoke › returns 400 when boxScore fields are missing (21ms)
[1A[2K[113/333] [chromium] › tests/game/fact-verification.spec.ts:210:7 › fact-verification — API contract @smoke › storyNumbers contains every distinct number from the story
  ✓  112 [chromium] › tests/game/fact-verification.spec.ts:201:7 › fact-verification — API contract @smoke › response always includes valid, rejectedNumbers, storyNumbers, whitelistSize (15ms)
[1A[2K[114/333] [chromium] › tests/game/player-stats.spec.ts:16:7 › Player Stats — headline and expansion › player-stats-table is visible and shows team title when player data exists @smoke
  ✓  113 [chromium] › tests/game/fact-verification.spec.ts:210:7 › fact-verification — API contract @smoke › storyNumbers contains every distinct number from the story (13ms)
[1A[2K[115/333] [chromium] › tests/game/salient-events.spec.ts:106:7 › salient-events API — core contract @smoke › POST returns events array and narrativeType
  ✓  115 [chromium] › tests/game/salient-events.spec.ts:106:7 › salient-events API — core contract @smoke › POST returns events array and narrativeType (578ms)
[1A[2K[116/333] [chromium] › tests/game/salient-events.spec.ts:112:7 › salient-events API — core contract @smoke › events array has at most 15 items across all sports
  ✓  116 [chromium] › tests/game/salient-events.spec.ts:112:7 › salient-events API — core contract @smoke › events array has at most 15 items across all sports (74ms)
[1A[2K[117/333] [chromium] › tests/game/salient-events.spec.ts:119:7 › salient-events API — core contract @smoke › every event has type, description, and impactWeight in valid ranges
  ✓  117 [chromium] › tests/game/salient-events.spec.ts:119:7 › salient-events API — core contract @smoke › every event has type, description, and impactWeight in valid ranges (77ms)
[1A[2K[118/333] [chromium] › tests/game/salient-events.spec.ts:133:7 › salient-events API — core contract @smoke › events are sorted by impactWeight descending
  ✓  118 [chromium] › tests/game/salient-events.spec.ts:133:7 › salient-events API — core contract @smoke › events are sorted by impactWeight descending (31ms)
[1A[2K[119/333] [chromium] › tests/game/salient-events.spec.ts:144:7 › salient-events API — core contract @smoke › narrativeType is exactly one of the five valid values
  ✓  119 [chromium] › tests/game/salient-events.spec.ts:144:7 › salient-events API — core contract @smoke › narrativeType is exactly one of the five valid values (24ms)
[1A[2K[120/333] [chromium] › tests/game/salient-events.spec.ts:152:7 › salient-events API — core contract @smoke › 400 returned for missing required fields
  ✓  120 [chromium] › tests/game/salient-events.spec.ts:152:7 › salient-events API — core contract @smoke › 400 returned for missing required fields (14ms)
[1A[2K[121/333] [chromium] › tests/game/story-generation.spec.ts:233:7 › story-generation — NBA @smoke › comeback: no banned phrases, valid word/sentence counts
  ✘  121 [chromium] › tests/game/story-generation.spec.ts:233:7 › story-generation — NBA @smoke › comeback: no banned phrases, valid word/sentence counts (974ms)
[1A[2K  35) [chromium] › tests/game/story-generation.spec.ts:233:7 › story-generation — NBA @smoke › comeback: no banned phrases, valid word/sentence counts 

    Error: Unexpected 401 for {"sport":"NBA","homeTeam":"Nets","awayTeam":"Knicks","homeScore":108,"awayScore":100,"playerStats":[{"team":"Nets","playerName":"Ben Simmons","points":22,"rebounds":9,"assists":11,"rawStats":{}},{"team":"Knicks","playerName":"Julius Randle","points":35,"rebounds":11,"assists":5,"rawStats":{}}],"plays":[{"playIndex":1,"quarter":1,"homeScore":0,"awayScore":18,"scoreChanged":true,"pointsScored":18,"periodLabel":"Q1"},{"playIndex":2,"quarter":2,"homeScore":10,"awayScore":22,"scoreChanged":true,"pointsScored":10,"periodLabel":"Q2"},{"playIndex":3,"quarter":3,"homeScore":30,"awayScore":30,"scoreChanged":true,"pointsScored":20,"periodLabel":"Q3"},{"playIndex":4,"quarter":4,"homeScore":55,"awayScore":40,"scoreChanged":true,"pointsScored":25,"periodLabel":"Q4"},{"playIndex":5,"quarter":4,"homeScore":108,"awayScore":100,"scoreChanged":true,"pointsScored":8,"tier":1,"description":"Simmons finishes the alley-oop to seal it","periodLabel":"Q4"}]}

    [2mexpect([22m[31mreceived[39m[2m).[22mtoBe[2m([22m[32mexpected[39m[2m) // Object.is equality[22m

    Expected: [32mtrue[39m
    Received: [31mfalse[39m

      214 |   }
      215 |
    > 216 |   expect(res.ok(), `Unexpected ${res.status()} for ${JSON.stringify(box)}`).toBe(true);
          |                                                                             ^
      217 |   return (await res.json()) as StoryResponse;
      218 | }
      219 |
        at postStory (/Users/michaelfuscoletti/Desktop/scroll-down-web/web/tests/game/story-generation.spec.ts:216:77)
        at /Users/michaelfuscoletti/Desktop/scroll-down-web/web/tests/game/story-generation.spec.ts:234:20

    Error Context: test-results/game-story-generation-stor-703aa--valid-word-sentence-counts-chromium/error-context.md


(node:60591) Warning: The 'NO_COLOR' env is ignored due to the 'FORCE_COLOR' env being set.
(Use `node --trace-warnings ...` to show where the warning was created)
[1A[2K(node:60591) Warning: The 'NO_COLOR' env is ignored due to the 'FORCE_COLOR' env being set.
(Use `node --trace-warnings ...` to show where the warning was created)


(node:60591) Warning: The 'NO_COLOR' env is ignored due to the 'FORCE_COLOR' env being set.
(Use `node --trace-warnings ...` to show where the warning was created)
[1A[2K(node:60591) Warning: The 'NO_COLOR' env is ignored due to the 'FORCE_COLOR' env being set.
(Use `node --trace-warnings ...` to show where the warning was created)


[1A[2K[122/333] [chromium] › tests/game/story-generation.spec.ts:242:7 › story-generation — NBA @smoke › blowout: no banned phrases, valid word/sentence counts
  ✘  122 [chromium] › tests/game/story-generation.spec.ts:242:7 › story-generation — NBA @smoke › blowout: no banned phrases, valid word/sentence counts (31ms)
[1A[2K  36) [chromium] › tests/game/story-generation.spec.ts:242:7 › story-generation — NBA @smoke › blowout: no banned phrases, valid word/sentence counts 

    Error: Unexpected 401 for {"sport":"NBA","homeTeam":"Bucks","awayTeam":"Pistons","homeScore":128,"awayScore":94,"playerStats":[{"team":"Bucks","playerName":"Giannis Antetokounmpo","points":42,"rebounds":14,"assists":6,"rawStats":{}},{"team":"Bucks","playerName":"Khris Middleton","points":31,"rebounds":6,"assists":4,"rawStats":{}}],"plays":[{"playIndex":1,"quarter":1,"homeScore":12,"awayScore":4,"scoreChanged":true,"pointsScored":8,"periodLabel":"Q1"},{"playIndex":2,"quarter":2,"homeScore":38,"awayScore":14,"scoreChanged":true,"pointsScored":10,"periodLabel":"Q2"},{"playIndex":3,"quarter":3,"homeScore":80,"awayScore":50,"scoreChanged":true,"pointsScored":8,"periodLabel":"Q3"},{"playIndex":4,"quarter":4,"homeScore":128,"awayScore":94,"scoreChanged":true,"pointsScored":6,"periodLabel":"Q4"}]}

    [2mexpect([22m[31mreceived[39m[2m).[22mtoBe[2m([22m[32mexpected[39m[2m) // Object.is equality[22m

    Expected: [32mtrue[39m
    Received: [31mfalse[39m

      214 |   }
      215 |
    > 216 |   expect(res.ok(), `Unexpected ${res.status()} for ${JSON.stringify(box)}`).toBe(true);
          |                                                                             ^
      217 |   return (await res.json()) as StoryResponse;
      218 | }
      219 |
        at postStory (/Users/michaelfuscoletti/Desktop/scroll-down-web/web/tests/game/story-generation.spec.ts:216:77)
        at /Users/michaelfuscoletti/Desktop/scroll-down-web/web/tests/game/story-generation.spec.ts:243:20

    Error Context: test-results/game-story-generation-stor-774e4--valid-word-sentence-counts-chromium/error-context.md


(node:60603) Warning: The 'NO_COLOR' env is ignored due to the 'FORCE_COLOR' env being set.
(Use `node --trace-warnings ...` to show where the warning was created)
[1A[2K(node:60603) Warning: The 'NO_COLOR' env is ignored due to the 'FORCE_COLOR' env being set.
(Use `node --trace-warnings ...` to show where the warning was created)


(node:60603) Warning: The 'NO_COLOR' env is ignored due to the 'FORCE_COLOR' env being set.
(Use `node --trace-warnings ...` to show where the warning was created)
[1A[2K(node:60603) Warning: The 'NO_COLOR' env is ignored due to the 'FORCE_COLOR' env being set.
(Use `node --trace-warnings ...` to show where the warning was created)


[1A[2K[123/333] [chromium] › tests/game/story-generation.spec.ts:251:7 › story-generation — NBA @smoke › defensive: no banned phrases, valid word/sentence counts
  ✘  123 [chromium] › tests/game/story-generation.spec.ts:251:7 › story-generation — NBA @smoke › defensive: no banned phrases, valid word/sentence counts (35ms)
[1A[2K  37) [chromium] › tests/game/story-generation.spec.ts:251:7 › story-generation — NBA @smoke › defensive: no banned phrases, valid word/sentence counts 

    Error: Unexpected 401 for {"sport":"NBA","homeTeam":"Jazz","awayTeam":"Grizzlies","homeScore":88,"awayScore":82,"playerStats":[{"team":"Jazz","playerName":"Walker Kessler","points":14,"rebounds":16,"assists":3,"rawStats":{}},{"team":"Grizzlies","playerName":"Ja Morant","points":26,"rebounds":6,"assists":9,"rawStats":{}}],"plays":[{"playIndex":1,"quarter":1,"homeScore":0,"awayScore":5,"scoreChanged":true,"pointsScored":5,"periodLabel":"Q1"},{"playIndex":2,"quarter":2,"homeScore":8,"awayScore":5,"scoreChanged":true,"pointsScored":8,"periodLabel":"Q2"},{"playIndex":3,"quarter":3,"homeScore":20,"awayScore":18,"scoreChanged":true,"pointsScored":5,"periodLabel":"Q3"},{"playIndex":4,"quarter":4,"homeScore":88,"awayScore":82,"scoreChanged":true,"pointsScored":4,"tier":1,"description":"Kessler blocks Morant's drive to preserve the lead","periodLabel":"Q4"}]}

    [2mexpect([22m[31mreceived[39m[2m).[22mtoBe[2m([22m[32mexpected[39m[2m) // Object.is equality[22m

    Expected: [32mtrue[39m
    Received: [31mfalse[39m

      214 |   }
      215 |
    > 216 |   expect(res.ok(), `Unexpected ${res.status()} for ${JSON.stringify(box)}`).toBe(true);
          |                                                                             ^
      217 |   return (await res.json()) as StoryResponse;
      218 | }
      219 |
        at postStory (/Users/michaelfuscoletti/Desktop/scroll-down-web/web/tests/game/story-generation.spec.ts:216:77)
        at /Users/michaelfuscoletti/Desktop/scroll-down-web/web/tests/game/story-generation.spec.ts:252:20

    Error Context: test-results/game-story-generation-stor-5fd42--valid-word-sentence-counts-chromium/error-context.md


(node:60617) Warning: The 'NO_COLOR' env is ignored due to the 'FORCE_COLOR' env being set.
(Use `node --trace-warnings ...` to show where the warning was created)
[1A[2K(node:60617) Warning: The 'NO_COLOR' env is ignored due to the 'FORCE_COLOR' env being set.
(Use `node --trace-warnings ...` to show where the warning was created)


  -   93 [chromium] › tests/game/ai-story-e2e.spec.ts:126:7 › AI game story — graceful degradation on 5xx @smoke › story section absent (no error shown) when AI story API returns 500
[1A[2K[124/333] [chromium] › tests/game/story-generation.spec.ts:331:7 › story API — validation contract @smoke › returns 503 or a valid story structure
(node:60617) Warning: The 'NO_COLOR' env is ignored due to the 'FORCE_COLOR' env being set.
(Use `node --trace-warnings ...` to show where the warning was created)
[1A[2K(node:60617) Warning: The 'NO_COLOR' env is ignored due to the 'FORCE_COLOR' env being set.
(Use `node --trace-warnings ...` to show where the warning was created)


  ✘  124 [chromium] › tests/game/story-generation.spec.ts:331:7 › story API — validation contract @smoke › returns 503 or a valid story structure (16ms)
[1A[2K  38) [chromium] › tests/game/story-generation.spec.ts:331:7 › story API — validation contract @smoke › returns 503 or a valid story structure 

    Error: [2mexpect([22m[31mreceived[39m[2m).[22mtoContain[2m([22m[32mexpected[39m[2m) // indexOf[22m

    Expected value: [32m401[39m
    Received array: [31m[200, 503][39m

      331 |   test("returns 503 or a valid story structure", async ({ request }) => {
      332 |     const res = await request.post(ENDPOINT, { data: NBA_COMEBACK });
    > 333 |     expect([200, 503]).toContain(res.status());
          |                        ^
      334 |     if (res.status() === 200) {
      335 |       const body = (await res.json()) as Record<string, unknown>;
      336 |       expect(typeof body.story).toBe("string");
        at /Users/michaelfuscoletti/Desktop/scroll-down-web/web/tests/game/story-generation.spec.ts:333:24

    Error Context: test-results/game-story-generation-stor-84849--or-a-valid-story-structure-chromium/error-context.md


[1A[2K[125/333] [chromium] › tests/game/story-generation.spec.ts:326:7 › story API — validation contract @smoke › returns 400 for missing required fields
  ✘  125 [chromium] › tests/game/story-generation.spec.ts:326:7 › story API — validation contract @smoke › returns 400 for missing required fields (34ms)
[1A[2K  39) [chromium] › tests/game/story-generation.spec.ts:326:7 › story API — validation contract @smoke › returns 400 for missing required fields 

    Error: [2mexpect([22m[31mreceived[39m[2m).[22mtoBe[2m([22m[32mexpected[39m[2m) // Object.is equality[22m

    Expected: [32m400[39m
    Received: [31m401[39m

      326 |   test("returns 400 for missing required fields", async ({ request }) => {
      327 |     const res = await request.post(ENDPOINT, { data: { sport: "NBA" } });
    > 328 |     expect(res.status()).toBe(400);
          |                          ^
      329 |   });
      330 |
      331 |   test("returns 503 or a valid story structure", async ({ request }) => {
        at /Users/michaelfuscoletti/Desktop/scroll-down-web/web/tests/game/story-generation.spec.ts:328:26

    Error Context: test-results/game-story-generation-stor-68682-for-missing-required-fields-chromium/error-context.md


(node:60618) Warning: The 'NO_COLOR' env is ignored due to the 'FORCE_COLOR' env being set.
(Use `node --trace-warnings ...` to show where the warning was created)
[1A[2K(node:60618) Warning: The 'NO_COLOR' env is ignored due to the 'FORCE_COLOR' env being set.
(Use `node --trace-warnings ...` to show where the warning was created)


(node:60619) Warning: The 'NO_COLOR' env is ignored due to the 'FORCE_COLOR' env being set.
(Use `node --trace-warnings ...` to show where the warning was created)
[1A[2K(node:60619) Warning: The 'NO_COLOR' env is ignored due to the 'FORCE_COLOR' env being set.
(Use `node --trace-warnings ...` to show where the warning was created)


(node:60618) Warning: The 'NO_COLOR' env is ignored due to the 'FORCE_COLOR' env being set.
(Use `node --trace-warnings ...` to show where the warning was created)
[1A[2K(node:60618) Warning: The 'NO_COLOR' env is ignored due to the 'FORCE_COLOR' env being set.
(Use `node --trace-warnings ...` to show where the warning was created)


[1A[2K[126/333] [chromium] › tests/game/story-section.spec.ts:19:7 › story-feedback API @smoke › accepts valid up vote
(node:60619) Warning: The 'NO_COLOR' env is ignored due to the 'FORCE_COLOR' env being set.
(Use `node --trace-warnings ...` to show where the warning was created)
[1A[2K(node:60619) Warning: The 'NO_COLOR' env is ignored due to the 'FORCE_COLOR' env being set.
(Use `node --trace-warnings ...` to show where the warning was created)


  ✓  126 [chromium] › tests/game/story-section.spec.ts:19:7 › story-feedback API @smoke › accepts valid up vote (34ms)
[1A[2K[127/333] [chromium] › tests/game/story-section.spec.ts:37:7 › story-feedback API @smoke › rejects missing storyId
  ✓  127 [chromium] › tests/game/story-section.spec.ts:37:7 › story-feedback API @smoke › rejects missing storyId (11ms)
[1A[2K[128/333] [chromium] › tests/game/story-section.spec.ts:42:7 › story-feedback API @smoke › rejects invalid vote value
[1A[2K[129/333] [chromium] › tests/game/story-section.spec.ts:28:7 › story-feedback API @smoke › accepts valid down vote
  ✓  128 [chromium] › tests/game/story-section.spec.ts:42:7 › story-feedback API @smoke › rejects invalid vote value (13ms)
[1A[2K[130/333] [chromium] › tests/game/story-section.spec.ts:50:7 › story-feedback API @smoke › rejects invalid JSON
  ✓  130 [chromium] › tests/game/story-section.spec.ts:50:7 › story-feedback API @smoke › rejects invalid JSON (15ms)
[1A[2K[131/333] [chromium] › tests/game/story-section.spec.ts:62:7 › story section — quality gate @smoke › game-story-section absent when STORY_QUALITY_GATE=true (default)
  ✓  129 [chromium] › tests/game/story-section.spec.ts:28:7 › story-feedback API @smoke › accepts valid down vote (37ms)
[1A[2K[132/333] [chromium] › tests/home/reveal-persistence.spec.ts:145:7 › Reveal state — persistence and mode transitions @smoke › reveal persists after page reload @smoke
  ✓  131 [chromium] › tests/game/story-section.spec.ts:62:7 › story section — quality gate @smoke › game-story-section absent when STORY_QUALITY_GATE=true (default) (4.5s)
[1A[2K[133/333] [chromium] › tests/home/reveal-persistence.spec.ts:182:7 › Reveal state — persistence and mode transitions @smoke › reveal persists after new browser context (tab close/reopen)
  -   94 [chromium] › tests/game/ai-story-e2e.spec.ts:147:7 › AI game story — graceful degradation on 5xx @smoke › play-by-play timeline accessible when AI story API unavailable
[1A[2K[134/333] [chromium] › tests/home/reveal-persistence.spec.ts:233:7 › Reveal state — persistence and mode transitions @smoke › Following Live mode — scores visible without reveal @smoke
  -  114 [chromium] › tests/game/player-stats.spec.ts:16:7 › Player Stats — headline and expansion › player-stats-table is visible and shows team title when player data exists @smoke
[1A[2K[135/333] [chromium] › tests/home/reveal-persistence.spec.ts:263:7 › Reveal state — persistence and mode transitions @smoke › disabling Following Live re-hides unrevealed game scores
  -   99 [chromium] › tests/game/detail.spec.ts:224:7 › Game Detail Page › social reaction sections are not visible for non-admin users @smoke
[1A[2K[136/333] [chromium] › tests/home/reveal-persistence.spec.ts:302:7 › Reveal state — persistence and mode transitions @smoke › Following Live banner Turn off re-hides scores @smoke
  -  132 [chromium] › tests/home/reveal-persistence.spec.ts:145:7 › Reveal state — persistence and mode transitions @smoke › reveal persists after page reload @smoke
[1A[2K[137/333] [chromium] › tests/home/reveal-persistence.spec.ts:333:7 › Reveal state — persistence and mode transitions @smoke › UPDATE indicator shown when score changed after reveal snapshot
  -  133 [chromium] › tests/home/reveal-persistence.spec.ts:182:7 › Reveal state — persistence and mode transitions @smoke › reveal persists after new browser context (tab close/reopen)
[1A[2K[138/333] [chromium] › tests/mobile/responsive.spec.ts:6:7 › Mobile Responsive Layout › BottomTabs nav is visible at mobile width @smoke
  ✓  138 [chromium] › tests/mobile/responsive.spec.ts:6:7 › Mobile Responsive Layout › BottomTabs nav is visible at mobile width @smoke (495ms)
[1A[2K[139/333] [chromium] › tests/mobile/responsive.spec.ts:55:7 › Mobile Responsive Layout › Login page form is usable at mobile width @smoke
  ✓  139 [chromium] › tests/mobile/responsive.spec.ts:55:7 › Mobile Responsive Layout › Login page form is usable at mobile width @smoke (432ms)
[1A[2K[140/333] [chromium] › tests/nav/degraded-banner.spec.ts:9:7 › Degraded banner › does not show when health endpoint returns ok @smoke
  ✓  140 [chromium] › tests/nav/degraded-banner.spec.ts:9:7 › Degraded banner › does not show when health endpoint returns ok @smoke (735ms)
[1A[2K[141/333] [chromium] › tests/nav/degraded-banner.spec.ts:24:7 › Degraded banner › shows banner with trust-preserving copy after threshold failures @smoke
  -  141 [chromium] › tests/nav/degraded-banner.spec.ts:24:7 › Degraded banner › shows banner with trust-preserving copy after threshold failures @smoke
[1A[2K[142/333] [chromium] › tests/nav/nav-visibility.spec.ts:4:7 › Nav visibility @smoke › logged-out user sees exactly Games and FairBet nav links
  ✓  142 [chromium] › tests/nav/nav-visibility.spec.ts:4:7 › Nav visibility @smoke › logged-out user sees exactly Games and FairBet nav links (422ms)
[1A[2K[143/333] [chromium] › tests/performance/load-times.spec.ts:4:7 › Page Load Performance › Home page loads within 5 seconds @smoke
  ✓  143 [chromium] › tests/performance/load-times.spec.ts:4:7 › Page Load Performance › Home page loads within 5 seconds @smoke (409ms)
[1A[2K[144/333] [chromium] › tests/performance/load-times.spec.ts:38:7 › Page Load Performance › Navigation between pages is fast @smoke
  ✓  144 [chromium] › tests/performance/load-times.spec.ts:38:7 › Page Load Performance › Navigation between pages is fast @smoke (813ms)
[1A[2K[145/333] [chromium] › tests/pwa/install-and-offline.spec.ts:21:7 › PWA install prompt › does not appear on first session @smoke
  ✓  145 [chromium] › tests/pwa/install-and-offline.spec.ts:21:7 › PWA install prompt › does not appear on first session @smoke (428ms)
[1A[2K[146/333] [chromium] › tests/pwa/install-and-offline.spec.ts:37:7 › PWA install prompt › appears on second session when beforeinstallprompt fires @smoke
  -  134 [chromium] › tests/home/reveal-persistence.spec.ts:233:7 › Reveal state — persistence and mode transitions @smoke › Following Live mode — scores visible without reveal @smoke
[1A[2K[147/333] [chromium] › tests/pwa/install-and-offline.spec.ts:120:7 › Offline banner › appears when connection is lost @smoke
  ✓  147 [chromium] › tests/pwa/install-and-offline.spec.ts:120:7 › Offline banner › appears when connection is lost @smoke (523ms)
[1A[2K[148/333] [chromium] › tests/pwa/install-and-offline.spec.ts:133:7 › Offline banner › auto-dismisses within 3s of reconnection @smoke
  -  135 [chromium] › tests/home/reveal-persistence.spec.ts:263:7 › Reveal state — persistence and mode transitions @smoke › disabling Following Live re-hides unrevealed game scores
[1A[2K[149/333] [chromium] › tests/pwa/offline-scenarios.spec.ts:113:7 › PWA offline scenarios @smoke › game list renders from SW cache when API requests are blocked @smoke
  -  136 [chromium] › tests/home/reveal-persistence.spec.ts:302:7 › Reveal state — persistence and mode transitions @smoke › Following Live banner Turn off re-hides scores @smoke
[1A[2K[150/333] [chromium] › tests/pwa/offline-scenarios.spec.ts:160:7 › PWA offline scenarios @smoke › reveal state persists after offline route-block and reconnect @smoke
  ✘  146 [chromium] › tests/pwa/install-and-offline.spec.ts:37:7 › PWA install prompt › appears on second session when beforeinstallprompt fires @smoke (4.0s)
[1A[2K  40) [chromium] › tests/pwa/install-and-offline.spec.ts:37:7 › PWA install prompt › appears on second session when beforeinstallprompt fires @smoke 

    Error: [2mexpect([22m[31mlocator[39m[2m).[22mtoBeVisible[2m([22m[2m)[22m failed

    Locator: getByTestId('pwa-install-prompt')
    Expected: visible
    Timeout: 3000ms
    Error: element(s) not found

    Call log:
    [2m  - Expect "toBeVisible" with timeout 3000ms[22m
    [2m  - waiting for getByTestId('pwa-install-prompt')[22m


      50 |
      51 |     const prompt = page.getByTestId("pwa-install-prompt");
    > 52 |     await expect(prompt).toBeVisible({ timeout: 3_000 });
         |                          ^
      53 |   });
      54 |
      55 |   test("dismiss persists — prompt never reappears", async ({ page }) => {
        at /Users/michaelfuscoletti/Desktop/scroll-down-web/web/tests/pwa/install-and-offline.spec.ts:52:26

    attachment #1: screenshot (image/png) ──────────────────────────────────────────────────────────
    test-results/pwa-install-and-offline-PW-391e7-reinstallprompt-fires-smoke-chromium/test-failed-1.png
    ────────────────────────────────────────────────────────────────────────────────────────────────

    attachment #2: video (video/webm) ──────────────────────────────────────────────────────────────
    test-results/pwa-install-and-offline-PW-391e7-reinstallprompt-fires-smoke-chromium/video.webm
    ────────────────────────────────────────────────────────────────────────────────────────────────

    Error Context: test-results/pwa-install-and-offline-PW-391e7-reinstallprompt-fires-smoke-chromium/error-context.md


(node:61222) Warning: The 'NO_COLOR' env is ignored due to the 'FORCE_COLOR' env being set.
(Use `node --trace-warnings ...` to show where the warning was created)
[1A[2K(node:61222) Warning: The 'NO_COLOR' env is ignored due to the 'FORCE_COLOR' env being set.
(Use `node --trace-warnings ...` to show where the warning was created)


(node:61222) Warning: The 'NO_COLOR' env is ignored due to the 'FORCE_COLOR' env being set.
(Use `node --trace-warnings ...` to show where the warning was created)
[1A[2K(node:61222) Warning: The 'NO_COLOR' env is ignored due to the 'FORCE_COLOR' env being set.
(Use `node --trace-warnings ...` to show where the warning was created)


[1A[2K[151/333] [chromium] › tests/pwa/offline-scenarios.spec.ts:201:7 › PWA offline scenarios @smoke › offline banner appears within 2s of route block and auto-dismisses within 3s of unblock @smoke
  ✓  150 [chromium] › tests/pwa/offline-scenarios.spec.ts:160:7 › PWA offline scenarios @smoke › reveal state persists after offline route-block and reconnect @smoke (2.4s)
[1A[2K[152/333] [chromium] › tests/pwa/offline-scenarios.spec.ts:231:7 › PWA offline scenarios @smoke › install prompt appears on simulated second session @smoke
  ✘  148 [chromium] › tests/pwa/install-and-offline.spec.ts:133:7 › Offline banner › auto-dismisses within 3s of reconnection @smoke (4.6s)
[1A[2K  41) [chromium] › tests/pwa/install-and-offline.spec.ts:133:7 › Offline banner › auto-dismisses within 3s of reconnection @smoke 

    Error: [2mexpect([22m[31mlocator[39m[2m).not.[22mtoBeVisible[2m([22m[2m)[22m failed

    Locator:  getByTestId('offline-banner')
    Expected: not visible
    Received: visible
    Timeout:  4000ms

    Call log:
    [2m  - Expect "not toBeVisible" with timeout 4000ms[22m
    [2m  - waiting for getByTestId('offline-banner')[22m
    [2m    8 × locator resolved to <div role="status" aria-live="polite" aria-atomic="true" data-testid="offline-banner" class="w-full bg-neutral-800 border-b border-neutral-700">…</div>[22m
    [2m      - unexpected value "visible"[22m


      148 |
      149 |     // Banner should disappear within 4s (3s auto-dismiss + margin)
    > 150 |     await expect(banner).not.toBeVisible({ timeout: 4_000 });
          |                              ^
      151 |   });
      152 |
      153 |   test("does not overlap reveal overlay or nav zones", async ({ page, context }) => {
        at /Users/michaelfuscoletti/Desktop/scroll-down-web/web/tests/pwa/install-and-offline.spec.ts:150:30

    attachment #1: screenshot (image/png) ──────────────────────────────────────────────────────────
    test-results/pwa-install-and-offline-Of-e2f8f-in-3s-of-reconnection-smoke-chromium/test-failed-1.png
    ────────────────────────────────────────────────────────────────────────────────────────────────

    attachment #2: video (video/webm) ──────────────────────────────────────────────────────────────
    test-results/pwa-install-and-offline-Of-e2f8f-in-3s-of-reconnection-smoke-chromium/video.webm
    ────────────────────────────────────────────────────────────────────────────────────────────────

    Error Context: test-results/pwa-install-and-offline-Of-e2f8f-in-3s-of-reconnection-smoke-chromium/error-context.md


(node:61258) Warning: The 'NO_COLOR' env is ignored due to the 'FORCE_COLOR' env being set.
(Use `node --trace-warnings ...` to show where the warning was created)
[1A[2K(node:61258) Warning: The 'NO_COLOR' env is ignored due to the 'FORCE_COLOR' env being set.
(Use `node --trace-warnings ...` to show where the warning was created)


(node:61258) Warning: The 'NO_COLOR' env is ignored due to the 'FORCE_COLOR' env being set.
(Use `node --trace-warnings ...` to show where the warning was created)
[1A[2K(node:61258) Warning: The 'NO_COLOR' env is ignored due to the 'FORCE_COLOR' env being set.
(Use `node --trace-warnings ...` to show where the warning was created)


[1A[2K[153/333] [chromium] › tests/pwa/service-worker.spec.ts:7:7 › Service Worker › registers and activates on first load @smoke
  -  137 [chromium] › tests/home/reveal-persistence.spec.ts:333:7 › Reveal state — persistence and mode transitions @smoke › UPDATE indicator shown when score changed after reveal snapshot
[1A[2K[154/333] [chromium] › tests/pwa/service-worker.spec.ts:35:7 › Service Worker › static assets served from cache on second visit @smoke
  ✘  152 [chromium] › tests/pwa/offline-scenarios.spec.ts:231:7 › PWA offline scenarios @smoke › install prompt appears on simulated second session @smoke (4.2s)
[1A[2K  42) [chromium] › tests/pwa/offline-scenarios.spec.ts:231:7 › PWA offline scenarios @smoke › install prompt appears on simulated second session @smoke 

    Error: [2mexpect([22m[31mlocator[39m[2m).[22mtoBeVisible[2m([22m[2m)[22m failed

    Locator: getByTestId('pwa-install-prompt')
    Expected: visible
    Timeout: 3000ms
    Error: element(s) not found

    Call log:
    [2m  - Expect "toBeVisible" with timeout 3000ms[22m
    [2m  - waiting for getByTestId('pwa-install-prompt')[22m


      256 |
      257 |       const prompt = page.getByTestId("pwa-install-prompt");
    > 258 |       await expect(prompt).toBeVisible({ timeout: 3_000 });
          |                            ^
      259 |     },
      260 |   );
      261 | });
        at /Users/michaelfuscoletti/Desktop/scroll-down-web/web/tests/pwa/offline-scenarios.spec.ts:258:28

    attachment #1: screenshot (image/png) ──────────────────────────────────────────────────────────
    test-results/pwa-offline-scenarios-PWA--b903e-ulated-second-session-smoke-chromium/test-failed-1.png
    ────────────────────────────────────────────────────────────────────────────────────────────────

    attachment #2: video (video/webm) ──────────────────────────────────────────────────────────────
    test-results/pwa-offline-scenarios-PWA--b903e-ulated-second-session-smoke-chromium/video.webm
    ────────────────────────────────────────────────────────────────────────────────────────────────

    Error Context: test-results/pwa-offline-scenarios-PWA--b903e-ulated-second-session-smoke-chromium/error-context.md


(node:61324) Warning: The 'NO_COLOR' env is ignored due to the 'FORCE_COLOR' env being set.
(Use `node --trace-warnings ...` to show where the warning was created)
[1A[2K(node:61324) Warning: The 'NO_COLOR' env is ignored due to the 'FORCE_COLOR' env being set.
(Use `node --trace-warnings ...` to show where the warning was created)


(node:61324) Warning: The 'NO_COLOR' env is ignored due to the 'FORCE_COLOR' env being set.
(Use `node --trace-warnings ...` to show where the warning was created)
[1A[2K(node:61324) Warning: The 'NO_COLOR' env is ignored due to the 'FORCE_COLOR' env being set.
(Use `node --trace-warnings ...` to show where the warning was created)


[1A[2K[155/333] [chromium] › tests/realtime/trust.spec.ts:10:7 › Tab visibility refresh › re-fetch fires after tab returns from >5s hide @smoke
  ✘  151 [chromium] › tests/pwa/offline-scenarios.spec.ts:201:7 › PWA offline scenarios @smoke › offline banner appears within 2s of route block and auto-dismisses within 3s of unblock @smoke (6.0s)
[1A[2K  43) [chromium] › tests/pwa/offline-scenarios.spec.ts:201:7 › PWA offline scenarios @smoke › offline banner appears within 2s of route block and auto-dismisses within 3s of unblock @smoke 

    Error: [2mexpect([22m[31mlocator[39m[2m).not.[22mtoBeVisible[2m([22m[2m)[22m failed

    Locator:  getByTestId('offline-banner')
    Expected: not visible
    Received: visible
    Timeout:  4000ms

    Call log:
    [2m  - Expect "not toBeVisible" with timeout 4000ms[22m
    [2m  - waiting for getByTestId('offline-banner')[22m
    [2m    8 × locator resolved to <div role="status" aria-live="polite" aria-atomic="true" data-testid="offline-banner" class="w-full bg-neutral-800 border-b border-neutral-700">…</div>[22m
    [2m      - unexpected value "visible"[22m


      223 |       // Banner auto-dismisses after PWA.OFFLINE_AUTO_DISMISS_MS (default 3 000 ms).
      224 |       // Allow an extra 1s margin for JS microtask scheduling.
    > 225 |       await expect(banner).not.toBeVisible({ timeout: 4_000 });
          |                                ^
      226 |     },
      227 |   );
      228 |
        at /Users/michaelfuscoletti/Desktop/scroll-down-web/web/tests/pwa/offline-scenarios.spec.ts:225:32

    attachment #1: screenshot (image/png) ──────────────────────────────────────────────────────────
    test-results/pwa-offline-scenarios-PWA--a4830--within-3s-of-unblock-smoke-chromium/test-failed-1.png
    ────────────────────────────────────────────────────────────────────────────────────────────────

    attachment #2: video (video/webm) ──────────────────────────────────────────────────────────────
    test-results/pwa-offline-scenarios-PWA--a4830--within-3s-of-unblock-smoke-chromium/video.webm
    ────────────────────────────────────────────────────────────────────────────────────────────────

    Error Context: test-results/pwa-offline-scenarios-PWA--a4830--within-3s-of-unblock-smoke-chromium/error-context.md


(node:61356) Warning: The 'NO_COLOR' env is ignored due to the 'FORCE_COLOR' env being set.
(Use `node --trace-warnings ...` to show where the warning was created)
[1A[2K(node:61356) Warning: The 'NO_COLOR' env is ignored due to the 'FORCE_COLOR' env being set.
(Use `node --trace-warnings ...` to show where the warning was created)


(node:61356) Warning: The 'NO_COLOR' env is ignored due to the 'FORCE_COLOR' env being set.
(Use `node --trace-warnings ...` to show where the warning was created)
[1A[2K(node:61356) Warning: The 'NO_COLOR' env is ignored due to the 'FORCE_COLOR' env being set.
(Use `node --trace-warnings ...` to show where the warning was created)


[1A[2K[156/333] [chromium] › tests/realtime/trust.spec.ts:62:7 › Tab visibility refresh › page remains usable and shows data after visibility refresh @smoke
  -  155 [chromium] › tests/realtime/trust.spec.ts:10:7 › Tab visibility refresh › re-fetch fires after tab returns from >5s hide @smoke
[1A[2K[157/333] [chromium] › tests/realtime/trust.spec.ts:98:7 › Tab visibility refresh › short hide (<5s) does not show any error state @smoke
  ✓  157 [chromium] › tests/realtime/trust.spec.ts:98:7 › Tab visibility refresh › short hide (<5s) does not show any error state @smoke (2.2s)
[1A[2K[158/333] [chromium] › tests/realtime/trust.spec.ts:131:7 › Transport fallback visible behavior › page loads and shows data when WebSocket is unavailable @smoke
  ✓  158 [chromium] › tests/realtime/trust.spec.ts:131:7 › Transport fallback visible behavior › page loads and shows data when WebSocket is unavailable @smoke (1.2s)
[1A[2K[159/333] [chromium] › tests/realtime/trust.spec.ts:214:7 › Transport fallback visible behavior › game rows still render when WS is blocked (HTTP fallback) @smoke
  -  156 [chromium] › tests/realtime/trust.spec.ts:62:7 › Tab visibility refresh › page remains usable and shows data after visibility refresh @smoke
[1A[2K[160/333] [chromium] › tests/realtime/trust.spec.ts:233:7 › Stale-data state UI (mocked) › freshness label absent immediately after load (data is fresh) @smoke
  ✘  149 [chromium] › tests/pwa/offline-scenarios.spec.ts:113:7 › PWA offline scenarios @smoke › game list renders from SW cache when API requests are blocked @smoke (30.1s)
[1A[2K  44) [chromium] › tests/pwa/offline-scenarios.spec.ts:113:7 › PWA offline scenarios @smoke › game list renders from SW cache when API requests are blocked @smoke 

    [31mTest timeout of 30000ms exceeded.[39m

    attachment #1: screenshot (image/png) ──────────────────────────────────────────────────────────
    test-results/pwa-offline-scenarios-PWA--6331b--requests-are-blocked-smoke-chromium/test-failed-1.png
    ────────────────────────────────────────────────────────────────────────────────────────────────

    attachment #2: screenshot (image/png) ──────────────────────────────────────────────────────────
    test-results/pwa-offline-scenarios-PWA--6331b--requests-are-blocked-smoke-chromium/test-failed-2.png
    ────────────────────────────────────────────────────────────────────────────────────────────────

    attachment #3: video (video/webm) ──────────────────────────────────────────────────────────────
    test-results/pwa-offline-scenarios-PWA--6331b--requests-are-blocked-smoke-chromium/video.webm
    ────────────────────────────────────────────────────────────────────────────────────────────────

    Error Context: test-results/pwa-offline-scenarios-PWA--6331b--requests-are-blocked-smoke-chromium/error-context.md


(node:61764) Warning: The 'NO_COLOR' env is ignored due to the 'FORCE_COLOR' env being set.
(Use `node --trace-warnings ...` to show where the warning was created)
[1A[2K(node:61764) Warning: The 'NO_COLOR' env is ignored due to the 'FORCE_COLOR' env being set.
(Use `node --trace-warnings ...` to show where the warning was created)


(node:61764) Warning: The 'NO_COLOR' env is ignored due to the 'FORCE_COLOR' env being set.
(Use `node --trace-warnings ...` to show where the warning was created)
[1A[2K(node:61764) Warning: The 'NO_COLOR' env is ignored due to the 'FORCE_COLOR' env being set.
(Use `node --trace-warnings ...` to show where the warning was created)


[1A[2K[161/333] [chromium] › tests/sync/reveal-sync.spec.ts:20:7 › Reveal sync API (ISSUE-062) › PUT reveal IDs appear in subsequent GET @smoke
  ✓  161 [chromium] › tests/sync/reveal-sync.spec.ts:20:7 › Reveal sync API (ISSUE-062) › PUT reveal IDs appear in subsequent GET @smoke (418ms)
[1A[2K[162/333] [chromium] › tests/sync/reveal-sync.spec.ts:46:7 › Reveal sync API (ISSUE-062) › PUT to same user merges additively @smoke
  ✓  162 [chromium] › tests/sync/reveal-sync.spec.ts:46:7 › Reveal sync API (ISSUE-062) › PUT to same user merges additively @smoke (25ms)
[1A[2K[163/333] [chromium] › tests/sync/reveal-sync.spec.ts:64:7 › Reveal sync API (ISSUE-062) › GET returns empty state for new Pro user @smoke
  ✓  163 [chromium] › tests/sync/reveal-sync.spec.ts:64:7 › Reveal sync API (ISSUE-062) › GET returns empty state for new Pro user @smoke (16ms)
[1A[2K[164/333] [chromium] › tests/sync/reveal-sync.spec.ts:76:7 › Reveal sync API (ISSUE-062) › free user GET returns 403 @smoke
  ✓  164 [chromium] › tests/sync/reveal-sync.spec.ts:76:7 › Reveal sync API (ISSUE-062) › free user GET returns 403 @smoke (15ms)
[1A[2K[165/333] [chromium] › tests/sync/reveal-sync.spec.ts:83:7 › Reveal sync API (ISSUE-062) › free user PUT returns 403 @smoke
  ✓  165 [chromium] › tests/sync/reveal-sync.spec.ts:83:7 › Reveal sync API (ISSUE-062) › free user PUT returns 403 @smoke (9ms)
[1A[2K[166/333] [chromium] › tests/sync/reveal-sync.spec.ts:134:7 › Reveal sync client (ISSUE-062) › remote reveal IDs are merged into local reveal state on load @smoke
  ✓  166 [chromium] › tests/sync/reveal-sync.spec.ts:134:7 › Reveal sync client (ISSUE-062) › remote reveal IDs are merged into local reveal state on load @smoke (2.3s)
[1A[2K[167/333] [chromium] › tests/sync/reveal-sync.spec.ts:206:7 › Reveal sync client (ISSUE-062) › local reveal triggers PUT to /api/sync/reveal for Pro user @smoke
  ✘  153 [chromium] › tests/pwa/service-worker.spec.ts:7:7 › Service Worker › registers and activates on first load @smoke (30.2s)
[1A[2K  45) [chromium] › tests/pwa/service-worker.spec.ts:7:7 › Service Worker › registers and activates on first load @smoke 

    [31mTest timeout of 30000ms exceeded.[39m

    Error: page.evaluate: Target page, context or browser has been closed

      19 |     if (!controlled) {
      20 |       // SW may still be activating — check registration at least succeeded
    > 21 |       const registered = await page.evaluate(async () => {
         |                                     ^
      22 |         const reg = await navigator.serviceWorker.getRegistration("/");
      23 |         return reg !== undefined;
      24 |       });
        at /Users/michaelfuscoletti/Desktop/scroll-down-web/web/tests/pwa/service-worker.spec.ts:21:37

    attachment #1: screenshot (image/png) ──────────────────────────────────────────────────────────
    test-results/pwa-service-worker-Service-46fe7-tivates-on-first-load-smoke-chromium/test-failed-1.png
    ────────────────────────────────────────────────────────────────────────────────────────────────

    attachment #2: video (video/webm) ──────────────────────────────────────────────────────────────
    test-results/pwa-service-worker-Service-46fe7-tivates-on-first-load-smoke-chromium/video.webm
    ────────────────────────────────────────────────────────────────────────────────────────────────

    Error Context: test-results/pwa-service-worker-Service-46fe7-tivates-on-first-load-smoke-chromium/error-context.md


(node:61844) Warning: The 'NO_COLOR' env is ignored due to the 'FORCE_COLOR' env being set.
(Use `node --trace-warnings ...` to show where the warning was created)
[1A[2K(node:61844) Warning: The 'NO_COLOR' env is ignored due to the 'FORCE_COLOR' env being set.
(Use `node --trace-warnings ...` to show where the warning was created)


  -  159 [chromium] › tests/realtime/trust.spec.ts:214:7 › Transport fallback visible behavior › game rows still render when WS is blocked (HTTP fallback) @smoke
(node:61845) Warning: The 'NO_COLOR' env is ignored due to the 'FORCE_COLOR' env being set.
(Use `node --trace-warnings ...` to show where the warning was created)
[1A[2K(node:61845) Warning: The 'NO_COLOR' env is ignored due to the 'FORCE_COLOR' env being set.
(Use `node --trace-warnings ...` to show where the warning was created)


(node:61844) Warning: The 'NO_COLOR' env is ignored due to the 'FORCE_COLOR' env being set.
(Use `node --trace-warnings ...` to show where the warning was created)
[1A[2K(node:61844) Warning: The 'NO_COLOR' env is ignored due to the 'FORCE_COLOR' env being set.
(Use `node --trace-warnings ...` to show where the warning was created)


[1A[2K[168/333] [mobile] › tests/account.spec.ts:16:7 › Account page › unauthenticated user is redirected to /login @smoke
(node:61845) Warning: The 'NO_COLOR' env is ignored due to the 'FORCE_COLOR' env being set.
(Use `node --trace-warnings ...` to show where the warning was created)
[1A[2K(node:61845) Warning: The 'NO_COLOR' env is ignored due to the 'FORCE_COLOR' env being set.
(Use `node --trace-warnings ...` to show where the warning was created)


[1A[2K[169/333] [mobile] › tests/account.spec.ts:25:7 › Account page › free user sees plan label and upgrade CTA @smoke
  ✘  154 [chromium] › tests/pwa/service-worker.spec.ts:35:7 › Service Worker › static assets served from cache on second visit @smoke (30.0s)
[1A[2K  46) [chromium] › tests/pwa/service-worker.spec.ts:35:7 › Service Worker › static assets served from cache on second visit @smoke 

    [31mTest timeout of 30000ms exceeded.[39m

    Error: page.goto: Target page, context or browser has been closed

      68 |     });
      69 |
    > 70 |     await page.goto("/");
         |                ^
      71 |     await page.waitForLoadState("networkidle");
      72 |
      73 |     // After second visit, static assets may come from SW cache.
        at /Users/michaelfuscoletti/Desktop/scroll-down-web/web/tests/pwa/service-worker.spec.ts:70:16

    attachment #1: screenshot (image/png) ──────────────────────────────────────────────────────────
    test-results/pwa-service-worker-Service-ee8aa-cache-on-second-visit-smoke-chromium/test-failed-1.png
    ────────────────────────────────────────────────────────────────────────────────────────────────

    Error Context: test-results/pwa-service-worker-Service-ee8aa-cache-on-second-visit-smoke-chromium/error-context.md


(node:61869) Warning: The 'NO_COLOR' env is ignored due to the 'FORCE_COLOR' env being set.
(Use `node --trace-warnings ...` to show where the warning was created)
[1A[2K(node:61869) Warning: The 'NO_COLOR' env is ignored due to the 'FORCE_COLOR' env being set.
(Use `node --trace-warnings ...` to show where the warning was created)


(node:61869) Warning: The 'NO_COLOR' env is ignored due to the 'FORCE_COLOR' env being set.
(Use `node --trace-warnings ...` to show where the warning was created)
[1A[2K(node:61869) Warning: The 'NO_COLOR' env is ignored due to the 'FORCE_COLOR' env being set.
(Use `node --trace-warnings ...` to show where the warning was created)


[1A[2K[170/333] [mobile] › tests/account.spec.ts:33:7 › Account page › free user sees Free plan label when billing/info returns free tier @smoke
  ✓  167 [chromium] › tests/sync/reveal-sync.spec.ts:206:7 › Reveal sync client (ISSUE-062) › local reveal triggers PUT to /api/sync/reveal for Pro user @smoke (4.2s)
(node:61932) Warning: The 'NO_COLOR' env is ignored due to the 'FORCE_COLOR' env being set.
(Use `node --trace-warnings ...` to show where the warning was created)
[1A[2K(node:61932) Warning: The 'NO_COLOR' env is ignored due to the 'FORCE_COLOR' env being set.
(Use `node --trace-warnings ...` to show where the warning was created)


(node:61932) Warning: The 'NO_COLOR' env is ignored due to the 'FORCE_COLOR' env being set.
(Use `node --trace-warnings ...` to show where the warning was created)
[1A[2K(node:61932) Warning: The 'NO_COLOR' env is ignored due to the 'FORCE_COLOR' env being set.
(Use `node --trace-warnings ...` to show where the warning was created)


[1A[2K[171/333] [mobile] › tests/account.spec.ts:75:7 › Account page › pro user sees Pro plan, billing date, and manage button @smoke
  -  160 [chromium] › tests/realtime/trust.spec.ts:233:7 › Stale-data state UI (mocked) › freshness label absent immediately after load (data is fresh) @smoke
(node:61977) Warning: The 'NO_COLOR' env is ignored due to the 'FORCE_COLOR' env being set.
(Use `node --trace-warnings ...` to show where the warning was created)
[1A[2K(node:61977) Warning: The 'NO_COLOR' env is ignored due to the 'FORCE_COLOR' env being set.
(Use `node --trace-warnings ...` to show where the warning was created)


(node:61977) Warning: The 'NO_COLOR' env is ignored due to the 'FORCE_COLOR' env being set.
(Use `node --trace-warnings ...` to show where the warning was created)
[1A[2K(node:61977) Warning: The 'NO_COLOR' env is ignored due to the 'FORCE_COLOR' env being set.
(Use `node --trace-warnings ...` to show where the warning was created)


[1A[2K[172/333] [mobile] › tests/account.spec.ts:122:7 › Account page › nav avatar links to /account for authenticated users @smoke
  ✘  168 [mobile] › tests/account.spec.ts:16:7 › Account page › unauthenticated user is redirected to /login @smoke (11.3s)
[1A[2K  47) [mobile] › tests/account.spec.ts:16:7 › Account page › unauthenticated user is redirected to /login @smoke 

    TimeoutError: page.waitForURL: Timeout 10000ms exceeded.
    =========================== logs ===========================
    waiting for navigation until "load"
    ============================================================

      17 |     // Navigate without any session cookie
      18 |     await page.goto("/account");
    > 19 |     await page.waitForURL(/\/login/, { timeout: 10_000 });
         |                ^
      20 |     await expect(page).toHaveURL(/\/login/);
      21 |   });
      22 |
        at /Users/michaelfuscoletti/Desktop/scroll-down-web/web/tests/account.spec.ts:19:16

    attachment #1: screenshot (image/png) ──────────────────────────────────────────────────────────
    test-results/account-Account-page-unaut-c56a5-s-redirected-to-login-smoke-mobile/test-failed-1.png
    ────────────────────────────────────────────────────────────────────────────────────────────────

    attachment #2: video (video/webm) ──────────────────────────────────────────────────────────────
    test-results/account-Account-page-unaut-c56a5-s-redirected-to-login-smoke-mobile/video.webm
    ────────────────────────────────────────────────────────────────────────────────────────────────

    Error Context: test-results/account-Account-page-unaut-c56a5-s-redirected-to-login-smoke-mobile/error-context.md


  ✘  169 [mobile] › tests/account.spec.ts:25:7 › Account page › free user sees plan label and upgrade CTA @smoke (11.1s)
[1A[2K  48) [mobile] › tests/account.spec.ts:25:7 › Account page › free user sees plan label and upgrade CTA @smoke 

    TimeoutError: page.waitForURL: Timeout 10000ms exceeded.
    =========================== logs ===========================
    waiting for navigation until "load"
    ============================================================

      26 |     // Use ?tier=free dev override to simulate free session via session mock
      27 |     await page.goto("/account");
    > 28 |     await page.waitForURL(/\/login/, { timeout: 10_000 });
         |                ^
      29 |     // Without a session we land on login — the redirect is the acceptance criteria
      30 |     await expect(page).toHaveURL(/\/login/);
      31 |   });
        at /Users/michaelfuscoletti/Desktop/scroll-down-web/web/tests/account.spec.ts:28:16

    attachment #1: screenshot (image/png) ──────────────────────────────────────────────────────────
    test-results/account-Account-page-free--22ccd-label-and-upgrade-CTA-smoke-mobile/test-failed-1.png
    ────────────────────────────────────────────────────────────────────────────────────────────────

    attachment #2: video (video/webm) ──────────────────────────────────────────────────────────────
    test-results/account-Account-page-free--22ccd-label-and-upgrade-CTA-smoke-mobile/video.webm
    ────────────────────────────────────────────────────────────────────────────────────────────────

    Error Context: test-results/account-Account-page-free--22ccd-label-and-upgrade-CTA-smoke-mobile/error-context.md


(node:62080) Warning: The 'NO_COLOR' env is ignored due to the 'FORCE_COLOR' env being set.
(Use `node --trace-warnings ...` to show where the warning was created)
[1A[2K(node:62080) Warning: The 'NO_COLOR' env is ignored due to the 'FORCE_COLOR' env being set.
(Use `node --trace-warnings ...` to show where the warning was created)


(node:62081) Warning: The 'NO_COLOR' env is ignored due to the 'FORCE_COLOR' env being set.
(Use `node --trace-warnings ...` to show where the warning was created)
[1A[2K(node:62081) Warning: The 'NO_COLOR' env is ignored due to the 'FORCE_COLOR' env being set.
(Use `node --trace-warnings ...` to show where the warning was created)


  ✘  170 [mobile] › tests/account.spec.ts:33:7 › Account page › free user sees Free plan label when billing/info returns free tier @smoke (10.6s)
[1A[2K  49) [mobile] › tests/account.spec.ts:33:7 › Account page › free user sees Free plan label when billing/info returns free tier @smoke 

    TimeoutError: page.waitForSelector: Timeout 10000ms exceeded.
    Call log:
    [2m  - waiting for locator('[data-testid=\'account-page\']') to be visible[22m


      58 |
      59 |     await page.goto("/account");
    > 60 |     await page.waitForSelector("[data-testid='account-page']", { timeout: 10_000 });
         |                ^
      61 |
      62 |     const planLabel = page.locator("[data-testid='account-plan-label']");
      63 |     await expect(planLabel).toBeVisible();
        at /Users/michaelfuscoletti/Desktop/scroll-down-web/web/tests/account.spec.ts:60:16

    attachment #1: screenshot (image/png) ──────────────────────────────────────────────────────────
    test-results/account-Account-page-free--66449-nfo-returns-free-tier-smoke-mobile/test-failed-1.png
    ────────────────────────────────────────────────────────────────────────────────────────────────

    attachment #2: video (video/webm) ──────────────────────────────────────────────────────────────
    test-results/account-Account-page-free--66449-nfo-returns-free-tier-smoke-mobile/video.webm
    ────────────────────────────────────────────────────────────────────────────────────────────────

    Error Context: test-results/account-Account-page-free--66449-nfo-returns-free-tier-smoke-mobile/error-context.md


(node:62084) Warning: The 'NO_COLOR' env is ignored due to the 'FORCE_COLOR' env being set.
(Use `node --trace-warnings ...` to show where the warning was created)
[1A[2K(node:62084) Warning: The 'NO_COLOR' env is ignored due to the 'FORCE_COLOR' env being set.
(Use `node --trace-warnings ...` to show where the warning was created)


(node:62081) Warning: The 'NO_COLOR' env is ignored due to the 'FORCE_COLOR' env being set.
(Use `node --trace-warnings ...` to show where the warning was created)
[1A[2K(node:62081) Warning: The 'NO_COLOR' env is ignored due to the 'FORCE_COLOR' env being set.
(Use `node --trace-warnings ...` to show where the warning was created)


(node:62080) Warning: The 'NO_COLOR' env is ignored due to the 'FORCE_COLOR' env being set.
(Use `node --trace-warnings ...` to show where the warning was created)
[1A[2K(node:62080) Warning: The 'NO_COLOR' env is ignored due to the 'FORCE_COLOR' env being set.
(Use `node --trace-warnings ...` to show where the warning was created)


[1A[2K[173/333] [mobile] › tests/ads/ad-placements.spec.ts:8:7 › Ad placements — disabled in test env @smoke › native ad cards do not appear on home feed
[1A[2K[174/333] [mobile] › tests/ads/ad-placements.spec.ts:15:7 › Ad placements — disabled in test env @smoke › detail banner ad does not appear on game detail page
(node:62084) Warning: The 'NO_COLOR' env is ignored due to the 'FORCE_COLOR' env being set.
(Use `node --trace-warnings ...` to show where the warning was created)
[1A[2K(node:62084) Warning: The 'NO_COLOR' env is ignored due to the 'FORCE_COLOR' env being set.
(Use `node --trace-warnings ...` to show where the warning was created)


[1A[2K[175/333] [mobile] › tests/analytics/navigation.spec.ts:4:7 › Analytics navigation @smoke › /analytics/mlb redirects to /analytics/simulator
  ✓  173 [mobile] › tests/ads/ad-placements.spec.ts:8:7 › Ad placements — disabled in test env @smoke › native ad cards do not appear on home feed (1.6s)
[1A[2K[176/333] [mobile] › tests/analytics/navigation.spec.ts:12:7 › Analytics navigation @smoke › tab bar is visible on simulator page
  ✓  175 [mobile] › tests/analytics/navigation.spec.ts:4:7 › Analytics navigation @smoke › /analytics/mlb redirects to /analytics/simulator (1.4s)
[1A[2K[177/333] [mobile] › tests/analytics/navigation.spec.ts:23:7 › Analytics navigation @smoke › simulator tab is active on simulator page
  ✘  171 [mobile] › tests/account.spec.ts:75:7 › Account page › pro user sees Pro plan, billing date, and manage button @smoke (10.5s)
[1A[2K  50) [mobile] › tests/account.spec.ts:75:7 › Account page › pro user sees Pro plan, billing date, and manage button @smoke 

    TimeoutError: page.waitForSelector: Timeout 10000ms exceeded.
    Call log:
    [2m  - waiting for locator('[data-testid=\'account-page\']') to be visible[22m


      101 |
      102 |     await page.goto("/account");
    > 103 |     await page.waitForSelector("[data-testid='account-page']", { timeout: 10_000 });
          |                ^
      104 |
      105 |     const planLabel = page.locator("[data-testid='account-plan-label']");
      106 |     await expect(planLabel).toBeVisible();
        at /Users/michaelfuscoletti/Desktop/scroll-down-web/web/tests/account.spec.ts:103:16

    attachment #1: screenshot (image/png) ──────────────────────────────────────────────────────────
    test-results/account-Account-page-pro-u-24dae-ate-and-manage-button-smoke-mobile/test-failed-1.png
    ────────────────────────────────────────────────────────────────────────────────────────────────

    attachment #2: video (video/webm) ──────────────────────────────────────────────────────────────
    test-results/account-Account-page-pro-u-24dae-ate-and-manage-button-smoke-mobile/video.webm
    ────────────────────────────────────────────────────────────────────────────────────────────────

    Error Context: test-results/account-Account-page-pro-u-24dae-ate-and-manage-button-smoke-mobile/error-context.md


  ✓  177 [mobile] › tests/analytics/navigation.spec.ts:23:7 › Analytics navigation @smoke › simulator tab is active on simulator page (475ms)
(node:62150) Warning: The 'NO_COLOR' env is ignored due to the 'FORCE_COLOR' env being set.
(Use `node --trace-warnings ...` to show where the warning was created)
[1A[2K(node:62150) Warning: The 'NO_COLOR' env is ignored due to the 'FORCE_COLOR' env being set.
(Use `node --trace-warnings ...` to show where the warning was created)


[1A[2K[178/333] [mobile] › tests/analytics/navigation.spec.ts:42:7 › Analytics navigation @smoke › admin tabs hidden for regular users
(node:62150) Warning: The 'NO_COLOR' env is ignored due to the 'FORCE_COLOR' env being set.
(Use `node --trace-warnings ...` to show where the warning was created)
[1A[2K(node:62150) Warning: The 'NO_COLOR' env is ignored due to the 'FORCE_COLOR' env being set.
(Use `node --trace-warnings ...` to show where the warning was created)


[1A[2K[179/333] [mobile] › tests/analytics/navigation.spec.ts:31:7 › Analytics navigation @smoke › clicking Profiles tab navigates to profiles page
  ✓  178 [mobile] › tests/analytics/navigation.spec.ts:42:7 › Analytics navigation @smoke › admin tabs hidden for regular users (386ms)
[1A[2K[180/333] [mobile] › tests/analytics/navigation.spec.ts:71:7 › Analytics navigation @smoke › analytics landing links to forecasts and simulator
  -  174 [mobile] › tests/ads/ad-placements.spec.ts:15:7 › Ad placements — disabled in test env @smoke › detail banner ad does not appear on game detail page
[1A[2K[181/333] [mobile] › tests/auth/signup-login.spec.ts:45:7 › Sign Up › sign up with short password shows validation error @smoke
  ✘  176 [mobile] › tests/analytics/navigation.spec.ts:12:7 › Analytics navigation @smoke › tab bar is visible on simulator page (10.5s)
[1A[2K  51) [mobile] › tests/analytics/navigation.spec.ts:12:7 › Analytics navigation @smoke › tab bar is visible on simulator page 

    Error: [2mexpect([22m[31mlocator[39m[2m).[22mtoBeVisible[2m([22m[2m)[22m failed

    Locator: getByRole('link', { name: 'Profiles' })
    Expected: visible
    Timeout: 10000ms
    Error: element(s) not found

    Call log:
    [2m  - Expect "toBeVisible" with timeout 10000ms[22m
    [2m  - waiting for getByRole('link', { name: 'Profiles' })[22m


      18 |     const profilesTab = authedPage.getByRole("link", { name: "Profiles" });
      19 |     await expect(simulatorTab).toBeVisible();
    > 20 |     await expect(profilesTab).toBeVisible();
         |                               ^
      21 |   });
      22 |
      23 |   test("simulator tab is active on simulator page", async ({ authedPage }) => {
        at /Users/michaelfuscoletti/Desktop/scroll-down-web/web/tests/analytics/navigation.spec.ts:20:31

    attachment #1: screenshot (image/png) ──────────────────────────────────────────────────────────
    test-results/analytics-navigation-Analy-4eaef-s-visible-on-simulator-page-mobile/test-failed-1.png
    ────────────────────────────────────────────────────────────────────────────────────────────────

    Error Context: test-results/analytics-navigation-Analy-4eaef-s-visible-on-simulator-page-mobile/error-context.md


(node:62344) Warning: The 'NO_COLOR' env is ignored due to the 'FORCE_COLOR' env being set.
(Use `node --trace-warnings ...` to show where the warning was created)
[1A[2K(node:62344) Warning: The 'NO_COLOR' env is ignored due to the 'FORCE_COLOR' env being set.
(Use `node --trace-warnings ...` to show where the warning was created)


(node:62344) Warning: The 'NO_COLOR' env is ignored due to the 'FORCE_COLOR' env being set.
(Use `node --trace-warnings ...` to show where the warning was created)
[1A[2K(node:62344) Warning: The 'NO_COLOR' env is ignored due to the 'FORCE_COLOR' env being set.
(Use `node --trace-warnings ...` to show where the warning was created)


[1A[2K[182/333] [mobile] › tests/auth/signup-login.spec.ts:56:7 › Sign Up › sign up with mismatched passwords shows error @smoke
  ✘  180 [mobile] › tests/analytics/navigation.spec.ts:71:7 › Analytics navigation @smoke › analytics landing links to forecasts and simulator (10.8s)
[1A[2K  52) [mobile] › tests/analytics/navigation.spec.ts:71:7 › Analytics navigation @smoke › analytics landing links to forecasts and simulator 

    Error: [2mexpect([22m[31mlocator[39m[2m).[22mtoBeVisible[2m([22m[2m)[22m failed

    Locator: getByRole('link', { name: /Today's Forecasts/ })
    Expected: visible
    Timeout: 10000ms
    Error: element(s) not found

    Call log:
    [2m  - Expect "toBeVisible" with timeout 10000ms[22m
    [2m  - waiting for getByRole('link', { name: /Today's Forecasts/ })[22m


      74 |
      75 |     const forecastsCard = authedPage.getByRole("link", { name: /Today's Forecasts/ });
    > 76 |     await expect(forecastsCard).toBeVisible();
         |                                 ^
      77 |     await expect(forecastsCard).toHaveAttribute("href", "/analytics/forecasts");
      78 |
      79 |     const mlbCard = authedPage.getByRole("link", { name: /MLB Simulator/ });
        at /Users/michaelfuscoletti/Desktop/scroll-down-web/web/tests/analytics/navigation.spec.ts:76:33

    attachment #1: screenshot (image/png) ──────────────────────────────────────────────────────────
    test-results/analytics-navigation-Analy-c3f1c--to-forecasts-and-simulator-mobile/test-failed-1.png
    ────────────────────────────────────────────────────────────────────────────────────────────────

    Error Context: test-results/analytics-navigation-Analy-c3f1c--to-forecasts-and-simulator-mobile/error-context.md


(node:62363) Warning: The 'NO_COLOR' env is ignored due to the 'FORCE_COLOR' env being set.
(Use `node --trace-warnings ...` to show where the warning was created)
[1A[2K(node:62363) Warning: The 'NO_COLOR' env is ignored due to the 'FORCE_COLOR' env being set.
(Use `node --trace-warnings ...` to show where the warning was created)


(node:62363) Warning: The 'NO_COLOR' env is ignored due to the 'FORCE_COLOR' env being set.
(Use `node --trace-warnings ...` to show where the warning was created)
[1A[2K(node:62363) Warning: The 'NO_COLOR' env is ignored due to the 'FORCE_COLOR' env being set.
(Use `node --trace-warnings ...` to show where the warning was created)


[1A[2K[183/333] [mobile] › tests/fairbet/book-comparison.spec.ts:19:7 › FairBet - Book Comparison Row › each bet card shows a book comparison row @smoke
  ✘  172 [mobile] › tests/account.spec.ts:122:7 › Account page › nav avatar links to /account for authenticated users @smoke (30.1s)
[1A[2K  53) [mobile] › tests/account.spec.ts:122:7 › Account page › nav avatar links to /account for authenticated users @smoke 

    [31mTest timeout of 30000ms exceeded.[39m

    Error: locator.getAttribute: Test timeout of 30000ms exceeded.
    Call log:
    [2m  - waiting for locator('[data-testid=\'nav-account-link\']')[22m


      155 |     const navLink = page.locator("[data-testid='nav-account-link']");
      156 |     // Avatar only visible on md+ screens; use force option on smaller viewports
    > 157 |     const href = await navLink.getAttribute("href");
          |                                ^
      158 |     expect(href).toBe("/account");
      159 |   });
      160 | });
        at /Users/michaelfuscoletti/Desktop/scroll-down-web/web/tests/account.spec.ts:157:32

    attachment #1: screenshot (image/png) ──────────────────────────────────────────────────────────
    test-results/account-Account-page-nav-a-5047f-r-authenticated-users-smoke-mobile/test-failed-1.png
    ────────────────────────────────────────────────────────────────────────────────────────────────

    attachment #2: video (video/webm) ──────────────────────────────────────────────────────────────
    test-results/account-Account-page-nav-a-5047f-r-authenticated-users-smoke-mobile/video.webm
    ────────────────────────────────────────────────────────────────────────────────────────────────

    Error Context: test-results/account-Account-page-nav-a-5047f-r-authenticated-users-smoke-mobile/error-context.md


(node:62558) Warning: The 'NO_COLOR' env is ignored due to the 'FORCE_COLOR' env being set.
(Use `node --trace-warnings ...` to show where the warning was created)
[1A[2K(node:62558) Warning: The 'NO_COLOR' env is ignored due to the 'FORCE_COLOR' env being set.
(Use `node --trace-warnings ...` to show where the warning was created)


(node:62558) Warning: The 'NO_COLOR' env is ignored due to the 'FORCE_COLOR' env being set.
(Use `node --trace-warnings ...` to show where the warning was created)
[1A[2K(node:62558) Warning: The 'NO_COLOR' env is ignored due to the 'FORCE_COLOR' env being set.
(Use `node --trace-warnings ...` to show where the warning was created)


[1A[2K[184/333] [mobile] › tests/fairbet/explanation.spec.ts:19:7 › FairBet - Fair Price Explanation › every bet card has a fairbet-explanation trigger @smoke
  ✘  179 [mobile] › tests/analytics/navigation.spec.ts:31:7 › Analytics navigation @smoke › clicking Profiles tab navigates to profiles page (30.0s)
[1A[2K  54) [mobile] › tests/analytics/navigation.spec.ts:31:7 › Analytics navigation @smoke › clicking Profiles tab navigates to profiles page 

    [31mTest timeout of 30000ms exceeded.[39m

    Error: locator.click: Target page, context or browser has been closed
    Call log:
    [2m  - waiting for getByRole('link', { name: 'Profiles' })[22m


      35 |     await waitForLoad(authedPage);
      36 |
    > 37 |     await authedPage.getByRole("link", { name: "Profiles" }).click();
         |                                                              ^
      38 |     await authedPage.waitForURL("/analytics/profiles", { timeout: 10_000 });
      39 |     expect(authedPage.url()).toContain("/analytics/profiles");
      40 |   });
        at /Users/michaelfuscoletti/Desktop/scroll-down-web/web/tests/analytics/navigation.spec.ts:37:62

    attachment #1: screenshot (image/png) ──────────────────────────────────────────────────────────
    test-results/analytics-navigation-Analy-68a3a--navigates-to-profiles-page-mobile/test-failed-1.png
    ────────────────────────────────────────────────────────────────────────────────────────────────

    Error Context: test-results/analytics-navigation-Analy-68a3a--navigates-to-profiles-page-mobile/error-context.md


(node:62704) Warning: The 'NO_COLOR' env is ignored due to the 'FORCE_COLOR' env being set.
(Use `node --trace-warnings ...` to show where the warning was created)
[1A[2K(node:62704) Warning: The 'NO_COLOR' env is ignored due to the 'FORCE_COLOR' env being set.
(Use `node --trace-warnings ...` to show where the warning was created)


(node:62704) Warning: The 'NO_COLOR' env is ignored due to the 'FORCE_COLOR' env being set.
(Use `node --trace-warnings ...` to show where the warning was created)
[1A[2K(node:62704) Warning: The 'NO_COLOR' env is ignored due to the 'FORCE_COLOR' env being set.
(Use `node --trace-warnings ...` to show where the warning was created)


[1A[2K[185/333] [mobile] › tests/fairbet/odds.spec.ts:9:7 › FairBet Page - Odds › page loads and shows FairBet heading @smoke
  ✓  185 [mobile] › tests/fairbet/odds.spec.ts:9:7 › FairBet Page - Odds › page loads and shows FairBet heading @smoke (536ms)
[1A[2K[186/333] [mobile] › tests/fairbet/odds.spec.ts:33:7 › FairBet Page - Odds › skeleton placeholders shown during initial fetch @smoke
  -  183 [mobile] › tests/fairbet/book-comparison.spec.ts:19:7 › FairBet - Book Comparison Row › each bet card shows a book comparison row @smoke
[1A[2K[187/333] [mobile] › tests/fairbet/odds.spec.ts:59:7 › FairBet Page - Odds › empty state renders with intentional messaging and no console errors @smoke
  ✓  186 [mobile] › tests/fairbet/odds.spec.ts:33:7 › FairBet Page - Odds › skeleton placeholders shown during initial fetch @smoke (807ms)
[1A[2K[188/333] [mobile] › tests/fairbet/odds.spec.ts:92:7 › FairBet Page - Odds › "How it works" button opens explainer @smoke
  ✘  181 [mobile] › tests/auth/signup-login.spec.ts:45:7 › Sign Up › sign up with short password shows validation error @smoke (30.1s)
[1A[2K  55) [mobile] › tests/auth/signup-login.spec.ts:45:7 › Sign Up › sign up with short password shows validation error @smoke 

    [31mTest timeout of 30000ms exceeded.[39m

    Error: locator.fill: Test timeout of 30000ms exceeded.
    Call log:
    [2m  - waiting for getByPlaceholder('Re-enter password')[22m


      48 |     await page.getByPlaceholder('you@example.com').fill(email);
      49 |     await page.getByPlaceholder('Min 8 characters').fill('short');
    > 50 |     await page.getByPlaceholder('Re-enter password').fill('short');
         |                                                      ^
      51 |     await page.locator('form button[type="submit"]').click();
      52 |
      53 |     await expect(page.getByText('Password must be at least 8 characters')).toBeVisible();
        at /Users/michaelfuscoletti/Desktop/scroll-down-web/web/tests/auth/signup-login.spec.ts:50:54

    attachment #1: screenshot (image/png) ──────────────────────────────────────────────────────────
    test-results/auth-signup-login-Sign-Up--e3e26-hows-validation-error-smoke-mobile/test-failed-1.png
    ────────────────────────────────────────────────────────────────────────────────────────────────

    attachment #2: video (video/webm) ──────────────────────────────────────────────────────────────
    test-results/auth-signup-login-Sign-Up--e3e26-hows-validation-error-smoke-mobile/video.webm
    ────────────────────────────────────────────────────────────────────────────────────────────────

    Error Context: test-results/auth-signup-login-Sign-Up--e3e26-hows-validation-error-smoke-mobile/error-context.md


(node:62766) Warning: The 'NO_COLOR' env is ignored due to the 'FORCE_COLOR' env being set.
(Use `node --trace-warnings ...` to show where the warning was created)
[1A[2K(node:62766) Warning: The 'NO_COLOR' env is ignored due to the 'FORCE_COLOR' env being set.
(Use `node --trace-warnings ...` to show where the warning was created)


(node:62766) Warning: The 'NO_COLOR' env is ignored due to the 'FORCE_COLOR' env being set.
(Use `node --trace-warnings ...` to show where the warning was created)
[1A[2K(node:62766) Warning: The 'NO_COLOR' env is ignored due to the 'FORCE_COLOR' env being set.
(Use `node --trace-warnings ...` to show where the warning was created)


[1A[2K[189/333] [mobile] › tests/fairbet/phase9.spec.ts:34:7 › Phase 9 FairBet Pro E2E › line movement: pro sees arrow and direction on at least one card @smoke
  ✘  182 [mobile] › tests/auth/signup-login.spec.ts:56:7 › Sign Up › sign up with mismatched passwords shows error @smoke (30.1s)
[1A[2K  56) [mobile] › tests/auth/signup-login.spec.ts:56:7 › Sign Up › sign up with mismatched passwords shows error @smoke 

    [31mTest timeout of 30000ms exceeded.[39m

    Error: locator.fill: Test timeout of 30000ms exceeded.
    Call log:
    [2m  - waiting for getByPlaceholder('Re-enter password')[22m


      59 |     await page.getByPlaceholder('you@example.com').fill(email);
      60 |     await page.getByPlaceholder('Min 8 characters').fill('ValidPass123!');
    > 61 |     await page.getByPlaceholder('Re-enter password').fill('DifferentPass456!');
         |                                                      ^
      62 |     await page.locator('form button[type="submit"]').click();
      63 |
      64 |     await expect(page.getByText("Passwords don't match")).toBeVisible();
        at /Users/michaelfuscoletti/Desktop/scroll-down-web/web/tests/auth/signup-login.spec.ts:61:54

    attachment #1: screenshot (image/png) ──────────────────────────────────────────────────────────
    test-results/auth-signup-login-Sign-Up--d9fec-passwords-shows-error-smoke-mobile/test-failed-1.png
    ────────────────────────────────────────────────────────────────────────────────────────────────

    attachment #2: video (video/webm) ──────────────────────────────────────────────────────────────
    test-results/auth-signup-login-Sign-Up--d9fec-passwords-shows-error-smoke-mobile/video.webm
    ────────────────────────────────────────────────────────────────────────────────────────────────

    Error Context: test-results/auth-signup-login-Sign-Up--d9fec-passwords-shows-error-smoke-mobile/error-context.md


(node:62897) Warning: The 'NO_COLOR' env is ignored due to the 'FORCE_COLOR' env being set.
(Use `node --trace-warnings ...` to show where the warning was created)
[1A[2K(node:62897) Warning: The 'NO_COLOR' env is ignored due to the 'FORCE_COLOR' env being set.
(Use `node --trace-warnings ...` to show where the warning was created)


(node:62897) Warning: The 'NO_COLOR' env is ignored due to the 'FORCE_COLOR' env being set.
(Use `node --trace-warnings ...` to show where the warning was created)
[1A[2K(node:62897) Warning: The 'NO_COLOR' env is ignored due to the 'FORCE_COLOR' env being set.
(Use `node --trace-warnings ...` to show where the warning was created)


[1A[2K[190/333] [mobile] › tests/fairbet/phase9.spec.ts:121:7 › Phase 9 FairBet Pro E2E › CLV: logged bet appears in /settings/my-bets with correct columns @smoke
  ✘  188 [mobile] › tests/fairbet/odds.spec.ts:92:7 › FairBet Page - Odds › "How it works" button opens explainer @smoke (10.6s)
[1A[2K  57) [mobile] › tests/fairbet/odds.spec.ts:92:7 › FairBet Page - Odds › "How it works" button opens explainer @smoke 

    Error: [2mexpect([22m[31mlocator[39m[2m).[22mtoBeVisible[2m([22m[2m)[22m failed

    Locator: getByRole('heading', { name: 'How FairBet Works' })
    Expected: visible
    Timeout: 10000ms
    Error: element(s) not found

    Call log:
    [2m  - Expect "toBeVisible" with timeout 10000ms[22m
    [2m  - waiting for getByRole('heading', { name: 'How FairBet Works' })[22m


       97 |     await expect(
       98 |       page.getByRole("heading", { name: "How FairBet Works" })
    >  99 |     ).toBeVisible();
          |       ^
      100 |   });
      101 |
      102 |   test("bet cards render after loading or empty state shown", async ({ page }) => {
        at /Users/michaelfuscoletti/Desktop/scroll-down-web/web/tests/fairbet/odds.spec.ts:99:7

    attachment #1: screenshot (image/png) ──────────────────────────────────────────────────────────
    test-results/fairbet-odds-FairBet-Page--ef4b7-utton-opens-explainer-smoke-mobile/test-failed-1.png
    ────────────────────────────────────────────────────────────────────────────────────────────────

    attachment #2: video (video/webm) ──────────────────────────────────────────────────────────────
    test-results/fairbet-odds-FairBet-Page--ef4b7-utton-opens-explainer-smoke-mobile/video.webm
    ────────────────────────────────────────────────────────────────────────────────────────────────

    Error Context: test-results/fairbet-odds-FairBet-Page--ef4b7-utton-opens-explainer-smoke-mobile/error-context.md


  -  184 [mobile] › tests/fairbet/explanation.spec.ts:19:7 › FairBet - Fair Price Explanation › every bet card has a fairbet-explanation trigger @smoke
[1A[2K[191/333] [mobile] › tests/fairbet/phase9.spec.ts:300:7 › History Pro Gate (ISSUE-058) › free user sees gate overlay with upgrade CTA on /history @smoke
(node:62947) Warning: The 'NO_COLOR' env is ignored due to the 'FORCE_COLOR' env being set.
(Use `node --trace-warnings ...` to show where the warning was created)
[1A[2K(node:62947) Warning: The 'NO_COLOR' env is ignored due to the 'FORCE_COLOR' env being set.
(Use `node --trace-warnings ...` to show where the warning was created)


(node:62947) Warning: The 'NO_COLOR' env is ignored due to the 'FORCE_COLOR' env being set.
(Use `node --trace-warnings ...` to show where the warning was created)
[1A[2K(node:62947) Warning: The 'NO_COLOR' env is ignored due to the 'FORCE_COLOR' env being set.
(Use `node --trace-warnings ...` to show where the warning was created)


[1A[2K[192/333] [mobile] › tests/fairbet/phase9.spec.ts:284:7 › Phase 9 FairBet Pro E2E › CLV dashboard: free user is shown upgrade copy, not the dashboard @smoke
  ✓  192 [mobile] › tests/fairbet/phase9.spec.ts:284:7 › Phase 9 FairBet Pro E2E › CLV dashboard: free user is shown upgrade copy, not the dashboard @smoke (1.4s)
[1A[2K[193/333] [mobile] › tests/fairbet/phase9.spec.ts:314:7 › History Pro Gate (ISSUE-058) › free user clicking upgrade CTA opens the pro gate sheet @smoke
  -  189 [mobile] › tests/fairbet/phase9.spec.ts:34:7 › Phase 9 FairBet Pro E2E › line movement: pro sees arrow and direction on at least one card @smoke
[1A[2K[194/333] [mobile] › tests/fairbet/phase9.spec.ts:328:7 › History Pro Gate (ISSUE-058) › pro user sees full history content without gate @smoke
  ✘  191 [mobile] › tests/fairbet/phase9.spec.ts:300:7 › History Pro Gate (ISSUE-058) › free user sees gate overlay with upgrade CTA on /history @smoke (6.9s)
[1A[2K  58) [mobile] › tests/fairbet/phase9.spec.ts:300:7 › History Pro Gate (ISSUE-058) › free user sees gate overlay with upgrade CTA on /history @smoke 

    Error: [2mexpect([22m[31mlocator[39m[2m).[22mtoBeVisible[2m([22m[2m)[22m failed

    Locator: locator('[data-testid=\'history-gate-overlay\']')
    Expected: visible
    Timeout: 5000ms
    Error: element(s) not found

    Call log:
    [2m  - Expect "toBeVisible" with timeout 5000ms[22m
    [2m  - waiting for locator('[data-testid=\'history-gate-overlay\']')[22m


      302 |     await waitForLoad(page);
      303 |
    > 304 |     await expect(page.locator("[data-testid='history-gate-overlay']")).toBeVisible({
          |                                                                        ^
      305 |       timeout: 5_000,
      306 |     });
      307 |     await expect(page.locator("[data-testid='history-gate-title']")).toBeVisible();
        at /Users/michaelfuscoletti/Desktop/scroll-down-web/web/tests/fairbet/phase9.spec.ts:304:72

    attachment #1: screenshot (image/png) ──────────────────────────────────────────────────────────
    test-results/fairbet-phase9-History-Pro-8c64c-pgrade-CTA-on-history-smoke-mobile/test-failed-1.png
    ────────────────────────────────────────────────────────────────────────────────────────────────

    attachment #2: video (video/webm) ──────────────────────────────────────────────────────────────
    test-results/fairbet-phase9-History-Pro-8c64c-pgrade-CTA-on-history-smoke-mobile/video.webm
    ────────────────────────────────────────────────────────────────────────────────────────────────

    Error Context: test-results/fairbet-phase9-History-Pro-8c64c-pgrade-CTA-on-history-smoke-mobile/error-context.md


(node:63074) Warning: The 'NO_COLOR' env is ignored due to the 'FORCE_COLOR' env being set.
(Use `node --trace-warnings ...` to show where the warning was created)
[1A[2K(node:63074) Warning: The 'NO_COLOR' env is ignored due to the 'FORCE_COLOR' env being set.
(Use `node --trace-warnings ...` to show where the warning was created)


(node:63074) Warning: The 'NO_COLOR' env is ignored due to the 'FORCE_COLOR' env being set.
(Use `node --trace-warnings ...` to show where the warning was created)
[1A[2K(node:63074) Warning: The 'NO_COLOR' env is ignored due to the 'FORCE_COLOR' env being set.
(Use `node --trace-warnings ...` to show where the warning was created)


[1A[2K[195/333] [mobile] › tests/fairbet/phase9.spec.ts:336:7 › History Pro Gate (ISSUE-058) › history API returns 403 pro_required for free tier requests @smoke
  ✘  193 [mobile] › tests/fairbet/phase9.spec.ts:314:7 › History Pro Gate (ISSUE-058) › free user clicking upgrade CTA opens the pro gate sheet @smoke (5.6s)
[1A[2K  59) [mobile] › tests/fairbet/phase9.spec.ts:314:7 › History Pro Gate (ISSUE-058) › free user clicking upgrade CTA opens the pro gate sheet @smoke 

    Error: [2mexpect([22m[31mlocator[39m[2m).[22mtoBeVisible[2m([22m[2m)[22m failed

    Locator: locator('[data-testid=\'history-upgrade-cta\']')
    Expected: visible
    Timeout: 5000ms
    Error: element(s) not found

    Call log:
    [2m  - Expect "toBeVisible" with timeout 5000ms[22m
    [2m  - waiting for locator('[data-testid=\'history-upgrade-cta\']')[22m


      317 |
      318 |     const cta = page.locator("[data-testid='history-upgrade-cta']");
    > 319 |     await expect(cta).toBeVisible({ timeout: 5_000 });
          |                       ^
      320 |     await cta.click();
      321 |
      322 |     await expect(page.locator("[data-testid='pro-gate-sheet']")).toBeVisible({ timeout: 3_000 });
        at /Users/michaelfuscoletti/Desktop/scroll-down-web/web/tests/fairbet/phase9.spec.ts:319:23

    attachment #1: screenshot (image/png) ──────────────────────────────────────────────────────────
    test-results/fairbet-phase9-History-Pro-8e427-ns-the-pro-gate-sheet-smoke-mobile/test-failed-1.png
    ────────────────────────────────────────────────────────────────────────────────────────────────

    attachment #2: video (video/webm) ──────────────────────────────────────────────────────────────
    test-results/fairbet-phase9-History-Pro-8e427-ns-the-pro-gate-sheet-smoke-mobile/video.webm
    ────────────────────────────────────────────────────────────────────────────────────────────────

    Error Context: test-results/fairbet-phase9-History-Pro-8e427-ns-the-pro-gate-sheet-smoke-mobile/error-context.md


(node:63088) Warning: The 'NO_COLOR' env is ignored due to the 'FORCE_COLOR' env being set.
(Use `node --trace-warnings ...` to show where the warning was created)
[1A[2K(node:63088) Warning: The 'NO_COLOR' env is ignored due to the 'FORCE_COLOR' env being set.
(Use `node --trace-warnings ...` to show where the warning was created)


(node:63088) Warning: The 'NO_COLOR' env is ignored due to the 'FORCE_COLOR' env being set.
(Use `node --trace-warnings ...` to show where the warning was created)
[1A[2K(node:63088) Warning: The 'NO_COLOR' env is ignored due to the 'FORCE_COLOR' env being set.
(Use `node --trace-warnings ...` to show where the warning was created)


  ✓  195 [mobile] › tests/fairbet/phase9.spec.ts:336:7 › History Pro Gate (ISSUE-058) › history API returns 403 pro_required for free tier requests @smoke (552ms)
[1A[2K[196/333] [mobile] › tests/fairbet/phase9.spec.ts:396:7 › FairBet book-details blur (ISSUE-061) › free-tier: tapping blur region opens upgrade CTA sheet @smoke
[1A[2K[197/333] [mobile] › tests/fairbet/phase9.spec.ts:357:7 › FairBet book-details blur (ISSUE-061) › free-tier: book details are blurred and ev-dollar-label is visible @smoke
  -  187 [mobile] › tests/fairbet/odds.spec.ts:59:7 › FairBet Page - Odds › empty state renders with intentional messaging and no console errors @smoke
[1A[2K[198/333] [mobile] › tests/fairbet/phase9.spec.ts:415:7 › FairBet book-details blur (ISSUE-061) › pro-tier: no blur region, book comparison row is visible @smoke
  -  190 [mobile] › tests/fairbet/phase9.spec.ts:121:7 › Phase 9 FairBet Pro E2E › CLV: logged bet appears in /settings/my-bets with correct columns @smoke
[1A[2K[199/333] [mobile] › tests/fairbet/phase9.spec.ts:435:7 › FairBet book-details blur (ISSUE-061) › free-tier: no layout shift between free and pro render @smoke
  ✘  194 [mobile] › tests/fairbet/phase9.spec.ts:328:7 › History Pro Gate (ISSUE-058) › pro user sees full history content without gate @smoke (10.7s)
[1A[2K  60) [mobile] › tests/fairbet/phase9.spec.ts:328:7 › History Pro Gate (ISSUE-058) › pro user sees full history content without gate @smoke 

    Error: [2mexpect([22m[31mlocator[39m[2m).[22mtoBeVisible[2m([22m[2m)[22m failed

    Locator: locator('[data-testid=\'page-history\']')
    Expected: visible
    Timeout: 10000ms
    Error: element(s) not found

    Call log:
    [2m  - Expect "toBeVisible" with timeout 10000ms[22m
    [2m  - waiting for locator('[data-testid=\'page-history\']')[22m


      331 |
      332 |     await expect(page.locator("[data-testid='history-gate-overlay']")).not.toBeVisible();
    > 333 |     await expect(page.locator("[data-testid='page-history']")).toBeVisible({ timeout: 10_000 });
          |                                                                ^
      334 |   });
      335 |
      336 |   test("history API returns 403 pro_required for free tier requests @smoke", async ({
        at /Users/michaelfuscoletti/Desktop/scroll-down-web/web/tests/fairbet/phase9.spec.ts:333:64

    attachment #1: screenshot (image/png) ──────────────────────────────────────────────────────────
    test-results/fairbet-phase9-History-Pro-50531--content-without-gate-smoke-mobile/test-failed-1.png
    ────────────────────────────────────────────────────────────────────────────────────────────────

    attachment #2: video (video/webm) ──────────────────────────────────────────────────────────────
    test-results/fairbet-phase9-History-Pro-50531--content-without-gate-smoke-mobile/video.webm
    ────────────────────────────────────────────────────────────────────────────────────────────────

    Error Context: test-results/fairbet-phase9-History-Pro-50531--content-without-gate-smoke-mobile/error-context.md


(node:63273) Warning: The 'NO_COLOR' env is ignored due to the 'FORCE_COLOR' env being set.
(Use `node --trace-warnings ...` to show where the warning was created)
[1A[2K(node:63273) Warning: The 'NO_COLOR' env is ignored due to the 'FORCE_COLOR' env being set.
(Use `node --trace-warnings ...` to show where the warning was created)


(node:63273) Warning: The 'NO_COLOR' env is ignored due to the 'FORCE_COLOR' env being set.
(Use `node --trace-warnings ...` to show where the warning was created)
[1A[2K(node:63273) Warning: The 'NO_COLOR' env is ignored due to the 'FORCE_COLOR' env being set.
(Use `node --trace-warnings ...` to show where the warning was created)


[1A[2K[200/333] [mobile] › tests/fairbet/source-attribution.spec.ts:19:7 › FairBet - Source Attribution › each bet card has a source attribution line @smoke
  -  196 [mobile] › tests/fairbet/phase9.spec.ts:396:7 › FairBet book-details blur (ISSUE-061) › free-tier: tapping blur region opens upgrade CTA sheet @smoke
[1A[2K[201/333] [mobile] › tests/fairbet.spec.ts:28:7 › FairBet E2E Suite › page loads without JS errors @smoke
  -  197 [mobile] › tests/fairbet/phase9.spec.ts:357:7 › FairBet book-details blur (ISSUE-061) › free-tier: book details are blurred and ev-dollar-label is visible @smoke
[1A[2K[202/333] [mobile] › tests/fairbet.spec.ts:43:7 › FairBet E2E Suite › dollar-value EV label present on at least one card @smoke
  -  198 [mobile] › tests/fairbet/phase9.spec.ts:415:7 › FairBet book-details blur (ISSUE-061) › pro-tier: no blur region, book comparison row is visible @smoke
[1A[2K[203/333] [mobile] › tests/fairbet.spec.ts:69:7 › FairBet E2E Suite › traffic-light tier badge present on at least one card @smoke
  -  199 [mobile] › tests/fairbet/phase9.spec.ts:435:7 › FairBet book-details blur (ISSUE-061) › free-tier: no layout shift between free and pro render @smoke
[1A[2K[204/333] [mobile] › tests/fairbet.spec.ts:93:7 › FairBet E2E Suite › book chip row renders with at least one chip @smoke
  -  200 [mobile] › tests/fairbet/source-attribution.spec.ts:19:7 › FairBet - Source Attribution › each bet card has a source attribution line @smoke
[1A[2K[205/333] [mobile] › tests/fairbet.spec.ts:137:7 › FairBet E2E Suite › fair price explanation panel opens and closes on tap @smoke
  -  202 [mobile] › tests/fairbet.spec.ts:43:7 › FairBet E2E Suite › dollar-value EV label present on at least one card @smoke
[1A[2K[206/333] [mobile] › tests/fairbet.spec.ts:154:7 › FairBet E2E Suite › source attribution line present on cards @smoke
  -  201 [mobile] › tests/fairbet.spec.ts:28:7 › FairBet E2E Suite › page loads without JS errors @smoke
[1A[2K[207/333] [mobile] › tests/fairbet.spec.ts:170:7 › FairBet E2E Suite › line-movement row is blurred for free users and unblurred for pro @smoke
  -  203 [mobile] › tests/fairbet.spec.ts:69:7 › FairBet E2E Suite › traffic-light tier badge present on at least one card @smoke
[1A[2K[208/333] [mobile] › tests/fairbet.spec.ts:197:7 › FairBet E2E Suite › EV simulator: pro user sees outputs after entering stake @smoke
  -  204 [mobile] › tests/fairbet.spec.ts:93:7 › FairBet E2E Suite › book chip row renders with at least one chip @smoke
[1A[2K[209/333] [mobile] › tests/fairbet.spec.ts:234:7 › FairBet E2E Suite › EV simulator: free user sees disabled input and gate sheet on focus @smoke
  -  205 [mobile] › tests/fairbet.spec.ts:137:7 › FairBet E2E Suite › fair price explanation panel opens and closes on tap @smoke
[1A[2K[210/333] [mobile] › tests/fairbet.spec.ts:253:7 › FairBet E2E Suite › EV simulator: non-numeric input is ignored, negative clamped to 0 @smoke
  -  207 [mobile] › tests/fairbet.spec.ts:170:7 › FairBet E2E Suite › line-movement row is blurred for free users and unblurred for pro @smoke
[1A[2K[211/333] [mobile] › tests/fairbet.spec.ts:290:7 › FairBet E2E Suite › CLV: Pro user sees Log bet button on cards @smoke
  -  208 [mobile] › tests/fairbet.spec.ts:197:7 › FairBet E2E Suite › EV simulator: pro user sees outputs after entering stake @smoke
[1A[2K[212/333] [mobile] › tests/fairbet.spec.ts:308:7 › FairBet E2E Suite › CLV: Log bet modal opens with book and odds pre-filled @smoke
  -  206 [mobile] › tests/fairbet.spec.ts:154:7 › FairBet E2E Suite › source attribution line present on cards @smoke
[1A[2K[213/333] [mobile] › tests/fairbet.spec.ts:337:7 › FairBet E2E Suite › CLV: Log bet modal can confirm and modal closes @smoke
  -  209 [mobile] › tests/fairbet.spec.ts:234:7 › FairBet E2E Suite › EV simulator: free user sees disabled input and gate sheet on focus @smoke
[1A[2K[214/333] [mobile] › tests/fairbet.spec.ts:364:7 › FairBet E2E Suite › CLV: free user does not see Log bet button @smoke
  -  210 [mobile] › tests/fairbet.spec.ts:253:7 › FairBet E2E Suite › EV simulator: non-numeric input is ignored, negative clamped to 0 @smoke
[1A[2K[215/333] [mobile] › tests/fairbet.spec.ts:376:7 › FairBet E2E Suite › CLV: My Bets settings page hidden from free users @smoke
  -  211 [mobile] › tests/fairbet.spec.ts:290:7 › FairBet E2E Suite › CLV: Pro user sees Log bet button on cards @smoke
[1A[2K[216/333] [mobile] › tests/fairbet.spec.ts:384:7 › FairBet E2E Suite › CLV: My Bets page shows empty state for Pro users with no bets @smoke
  ✓  215 [mobile] › tests/fairbet.spec.ts:376:7 › FairBet E2E Suite › CLV: My Bets settings page hidden from free users @smoke (2.4s)
[1A[2K[217/333] [mobile] › tests/fairbet.spec.ts:400:7 › FairBet E2E Suite › montecarlo: free user sees gated button that opens pro-gate sheet @smoke
  -  212 [mobile] › tests/fairbet.spec.ts:308:7 › FairBet E2E Suite › CLV: Log bet modal opens with book and odds pre-filled @smoke
[1A[2K[218/333] [mobile] › tests/fairbet.spec.ts:422:7 › FairBet E2E Suite › montecarlo: pro user sees Win Probability button, not gated @smoke
  ✓  216 [mobile] › tests/fairbet.spec.ts:384:7 › FairBet E2E Suite › CLV: My Bets page shows empty state for Pro users with no bets @smoke (2.0s)
[1A[2K[219/333] [mobile] › tests/fairbet.spec.ts:439:7 › FairBet E2E Suite › montecarlo: pro user opens sheet which displays win probability @smoke
  -  213 [mobile] › tests/fairbet.spec.ts:337:7 › FairBet E2E Suite › CLV: Log bet modal can confirm and modal closes @smoke
[1A[2K[220/333] [mobile] › tests/fairbet.spec.ts:478:7 › FairBet E2E Suite › montecarlo: sheet closes on backdrop click and reopens for different card @smoke
  -  214 [mobile] › tests/fairbet.spec.ts:364:7 › FairBet E2E Suite › CLV: free user does not see Log bet button @smoke
[1A[2K[221/333] [mobile] › tests/fairbet.spec.ts:517:7 › FairBet E2E Suite › montecarlo: sheet shows histogram element @smoke
  -  217 [mobile] › tests/fairbet.spec.ts:400:7 › FairBet E2E Suite › montecarlo: free user sees gated button that opens pro-gate sheet @smoke
[1A[2K[222/333] [mobile] › tests/fairbet.spec.ts:549:7 › FairBet E2E Suite › empty state renders intentional messaging when no cards @smoke
  -  218 [mobile] › tests/fairbet.spec.ts:422:7 › FairBet E2E Suite › montecarlo: pro user sees Win Probability button, not gated @smoke
[1A[2K[223/333] [mobile] › tests/fairbet.spec.ts:570:7 › FairBet E2E Suite › advanced filters: free user sees gated button that opens pro-gate sheet @smoke
  -  219 [mobile] › tests/fairbet.spec.ts:439:7 › FairBet E2E Suite › montecarlo: pro user opens sheet which displays win probability @smoke
[1A[2K[224/333] [mobile] › tests/fairbet.spec.ts:588:7 › FairBet E2E Suite › advanced filters: pro user sees full filter panel with four control rows @smoke
  -  220 [mobile] › tests/fairbet.spec.ts:478:7 › FairBet E2E Suite › montecarlo: sheet closes on backdrop click and reopens for different card @smoke
[1A[2K[225/333] [mobile] › tests/fairbet.spec.ts:611:7 › FairBet E2E Suite › advanced filters: filter state persists across page reload @smoke
  -  221 [mobile] › tests/fairbet.spec.ts:517:7 › FairBet E2E Suite › montecarlo: sheet shows histogram element @smoke
[1A[2K[226/333] [mobile] › tests/freemium/billing.spec.ts:44:7 › POST /api/billing/checkout › returns 401 when not authenticated @smoke
  ✓  226 [mobile] › tests/freemium/billing.spec.ts:44:7 › POST /api/billing/checkout › returns 401 when not authenticated @smoke (631ms)
[1A[2K[227/333] [mobile] › tests/freemium/billing.spec.ts:51:7 › POST /api/billing/checkout › returns 401 with a tampered session cookie @smoke
  ✓  227 [mobile] › tests/freemium/billing.spec.ts:51:7 › POST /api/billing/checkout › returns 401 with a tampered session cookie @smoke (9ms)
[1A[2K[228/333] [mobile] › tests/freemium/billing.spec.ts:76:7 › GET /api/billing/portal › returns 401 when not authenticated @smoke
  ✓  228 [mobile] › tests/freemium/billing.spec.ts:76:7 › GET /api/billing/portal › returns 401 when not authenticated @smoke (267ms)
[1A[2K[229/333] [mobile] › tests/freemium/billing.spec.ts:81:7 › GET /api/billing/portal › returns 404 when authenticated but no Stripe customer @smoke
  ✘  229 [mobile] › tests/freemium/billing.spec.ts:81:7 › GET /api/billing/portal › returns 404 when authenticated but no Stripe customer @smoke (875ms)
[1A[2K  61) [mobile] › tests/freemium/billing.spec.ts:81:7 › GET /api/billing/portal › returns 404 when authenticated but no Stripe customer @smoke 

    Error: [2mexpect([22m[31mreceived[39m[2m).[22mtoBeTruthy[2m()[22m

    Received: [31mundefined[39m

      35 |   const cookies = await request.storageState();
      36 |   const session = cookies.cookies.find((c) => c.name === "sd-session");
    > 37 |   expect(session).toBeTruthy();
         |                   ^
      38 |   return session!.value;
      39 | }
      40 |
        at signInAs (/Users/michaelfuscoletti/Desktop/scroll-down-web/web/tests/freemium/billing.spec.ts:37:19)
        at /Users/michaelfuscoletti/Desktop/scroll-down-web/web/tests/freemium/billing.spec.ts:85:5

    Error Context: test-results/freemium-billing-GET-api-b-04c13-ut-no-Stripe-customer-smoke-mobile/error-context.md


(node:64782) Warning: The 'NO_COLOR' env is ignored due to the 'FORCE_COLOR' env being set.
(Use `node --trace-warnings ...` to show where the warning was created)
[1A[2K(node:64782) Warning: The 'NO_COLOR' env is ignored due to the 'FORCE_COLOR' env being set.
(Use `node --trace-warnings ...` to show where the warning was created)


(node:64782) Warning: The 'NO_COLOR' env is ignored due to the 'FORCE_COLOR' env being set.
(Use `node --trace-warnings ...` to show where the warning was created)
[1A[2K(node:64782) Warning: The 'NO_COLOR' env is ignored due to the 'FORCE_COLOR' env being set.
(Use `node --trace-warnings ...` to show where the warning was created)


[1A[2K[230/333] [mobile] › tests/freemium/billing.spec.ts:98:7 › POST /api/billing/webhook › returns 400 when stripe-signature header is missing @smoke
  ✓  230 [mobile] › tests/freemium/billing.spec.ts:98:7 › POST /api/billing/webhook › returns 400 when stripe-signature header is missing @smoke (580ms)
[1A[2K[231/333] [mobile] › tests/freemium/billing.spec.ts:108:7 › POST /api/billing/webhook › returns 400 with a forged signature @smoke
  ✓  231 [mobile] › tests/freemium/billing.spec.ts:108:7 › POST /api/billing/webhook › returns 400 with a forged signature @smoke (14ms)
[1A[2K[232/333] [mobile] › tests/freemium/billing.spec.ts:123:7 › Session tier refresh › session route returns authenticated: false without cookie @smoke
  ✓  232 [mobile] › tests/freemium/billing.spec.ts:123:7 › Session tier refresh › session route returns authenticated: false without cookie @smoke (361ms)
[1A[2K[233/333] [mobile] › tests/freemium/billing.spec.ts:132:7 › Session tier refresh › session route returns authenticated user after sign-in @smoke
  ✓  233 [mobile] › tests/freemium/billing.spec.ts:132:7 › Session tier refresh › session route returns authenticated user after sign-in @smoke (40ms)
[1A[2K[234/333] [mobile] › tests/freemium/billing.spec.ts:154:7 › ProGateSheet — checkout CTA › Upgrade to Pro button is present and not disabled when sheet is open @smoke
  -  223 [mobile] › tests/fairbet.spec.ts:570:7 › FairBet E2E Suite › advanced filters: free user sees gated button that opens pro-gate sheet @smoke
[1A[2K[235/333] [mobile] › tests/freemium/billing.spec.ts:171:7 › ProGateSheet — checkout CTA › unauthenticated upgrade click redirects to /login @smoke
  -  224 [mobile] › tests/fairbet.spec.ts:588:7 › FairBet E2E Suite › advanced filters: pro user sees full filter panel with four control rows @smoke
[1A[2K[236/333] [mobile] › tests/freemium/magic-link.spec.ts:15:7 › POST /api/auth/send-link › returns 200 for a valid email @smoke
  ✓  236 [mobile] › tests/freemium/magic-link.spec.ts:15:7 › POST /api/auth/send-link › returns 200 for a valid email @smoke (30ms)
[1A[2K[237/333] [mobile] › tests/freemium/magic-link.spec.ts:24:7 › POST /api/auth/send-link › returns 200 for an invalid email — no enumeration @smoke
  ✓  237 [mobile] › tests/freemium/magic-link.spec.ts:24:7 › POST /api/auth/send-link › returns 200 for an invalid email — no enumeration @smoke (10ms)
[1A[2K[238/333] [mobile] › tests/freemium/magic-link.spec.ts:38:7 › POST /api/auth/send-link › exposes devToken in non-production @smoke
  ✓  238 [mobile] › tests/freemium/magic-link.spec.ts:38:7 › POST /api/auth/send-link › exposes devToken in non-production @smoke (10ms)
[1A[2K[239/333] [mobile] › tests/freemium/magic-link.spec.ts:55:7 › GET /api/auth/verify › missing token redirects to /login with error @smoke
  ✓  239 [mobile] › tests/freemium/magic-link.spec.ts:55:7 › GET /api/auth/verify › missing token redirects to /login with error @smoke (1.1s)
[1A[2K[240/333] [mobile] › tests/freemium/magic-link.spec.ts:61:7 › GET /api/auth/verify › invalid token redirects to /login with error @smoke
  ✓  240 [mobile] › tests/freemium/magic-link.spec.ts:61:7 › GET /api/auth/verify › invalid token redirects to /login with error @smoke (478ms)
[1A[2K[241/333] [mobile] › tests/freemium/magic-link.spec.ts:71:7 › GET /api/auth/session › returns anonymous when no cookie is present @smoke
  ✓  241 [mobile] › tests/freemium/magic-link.spec.ts:71:7 › GET /api/auth/session › returns anonymous when no cookie is present @smoke (13ms)
[1A[2K[242/333] [mobile] › tests/freemium/magic-link.spec.ts:82:7 › Magic-link end-to-end flow › verify → session cookie set → sign-out clears session @smoke
  -  225 [mobile] › tests/fairbet.spec.ts:611:7 › FairBet E2E Suite › advanced filters: filter state persists across page reload @smoke
[1A[2K[243/333] [mobile] › tests/freemium/pro-gate-sheet.spec.ts:19:7 › ProGateSheet — upgrade prompt › sheet opens and shows benefit copy for the requested feature @smoke
  ✓  242 [mobile] › tests/freemium/magic-link.spec.ts:82:7 › Magic-link end-to-end flow › verify → session cookie set → sign-out clears session @smoke (1.3s)
[1A[2K[244/333] [mobile] › tests/freemium/pro-gate-sheet.spec.ts:36:7 › ProGateSheet — upgrade prompt › sheet displays monthly and annual pricing @smoke
  -  222 [mobile] › tests/fairbet.spec.ts:549:7 › FairBet E2E Suite › empty state renders intentional messaging when no cards @smoke
[1A[2K[245/333] [mobile] › tests/freemium/pro-gate-sheet.spec.ts:53:7 › ProGateSheet — upgrade prompt › dismissing sheet via close button hides the sheet @smoke
  ✘  243 [mobile] › tests/freemium/pro-gate-sheet.spec.ts:19:7 › ProGateSheet — upgrade prompt › sheet opens and shows benefit copy for the requested feature @smoke (1.1s)
[1A[2K  62) [mobile] › tests/freemium/pro-gate-sheet.spec.ts:19:7 › ProGateSheet — upgrade prompt › sheet opens and shows benefit copy for the requested feature @smoke 

    Error: page.evaluate: Error: __openProGateSheet not mounted
        at eval (eval at evaluate (:302:30), <anonymous>:3:20)
        at UtilityScript.evaluate (<anonymous>:304:16)
        at UtilityScript.<anonymous> (<anonymous>:1:44)
        at eval (eval at evaluate (:302:30), <anonymous>:3:20)
        at UtilityScript.evaluate (<anonymous>:304:16)
        at UtilityScript.<anonymous> (<anonymous>:1:44)
        at openSheet (/Users/michaelfuscoletti/Desktop/scroll-down-web/web/tests/freemium/pro-gate-sheet.spec.ts:7:14)
        at /Users/michaelfuscoletti/Desktop/scroll-down-web/web/tests/freemium/pro-gate-sheet.spec.ts:24:11

    attachment #1: screenshot (image/png) ──────────────────────────────────────────────────────────
    test-results/freemium-pro-gate-sheet-Pr-569fb-the-requested-feature-smoke-mobile/test-failed-1.png
    ────────────────────────────────────────────────────────────────────────────────────────────────

    attachment #2: video (video/webm) ──────────────────────────────────────────────────────────────
    test-results/freemium-pro-gate-sheet-Pr-569fb-the-requested-feature-smoke-mobile/video.webm
    ────────────────────────────────────────────────────────────────────────────────────────────────

    Error Context: test-results/freemium-pro-gate-sheet-Pr-569fb-the-requested-feature-smoke-mobile/error-context.md


(node:65047) Warning: The 'NO_COLOR' env is ignored due to the 'FORCE_COLOR' env being set.
(Use `node --trace-warnings ...` to show where the warning was created)
[1A[2K(node:65047) Warning: The 'NO_COLOR' env is ignored due to the 'FORCE_COLOR' env being set.
(Use `node --trace-warnings ...` to show where the warning was created)


  ✘  244 [mobile] › tests/freemium/pro-gate-sheet.spec.ts:36:7 › ProGateSheet — upgrade prompt › sheet displays monthly and annual pricing @smoke (690ms)
[1A[2K  63) [mobile] › tests/freemium/pro-gate-sheet.spec.ts:36:7 › ProGateSheet — upgrade prompt › sheet displays monthly and annual pricing @smoke 

    Error: page.evaluate: Error: __openProGateSheet not mounted
        at eval (eval at evaluate (:302:30), <anonymous>:3:20)
        at UtilityScript.evaluate (<anonymous>:304:16)
        at UtilityScript.<anonymous> (<anonymous>:1:44)
        at eval (eval at evaluate (:302:30), <anonymous>:3:20)
        at UtilityScript.evaluate (<anonymous>:304:16)
        at UtilityScript.<anonymous> (<anonymous>:1:44)
        at openSheet (/Users/michaelfuscoletti/Desktop/scroll-down-web/web/tests/freemium/pro-gate-sheet.spec.ts:7:14)
        at /Users/michaelfuscoletti/Desktop/scroll-down-web/web/tests/freemium/pro-gate-sheet.spec.ts:38:11

    attachment #1: screenshot (image/png) ──────────────────────────────────────────────────────────
    test-results/freemium-pro-gate-sheet-Pr-69be7-ly-and-annual-pricing-smoke-mobile/test-failed-1.png
    ────────────────────────────────────────────────────────────────────────────────────────────────

    attachment #2: video (video/webm) ──────────────────────────────────────────────────────────────
    test-results/freemium-pro-gate-sheet-Pr-69be7-ly-and-annual-pricing-smoke-mobile/video.webm
    ────────────────────────────────────────────────────────────────────────────────────────────────

    Error Context: test-results/freemium-pro-gate-sheet-Pr-69be7-ly-and-annual-pricing-smoke-mobile/error-context.md


(node:65048) Warning: The 'NO_COLOR' env is ignored due to the 'FORCE_COLOR' env being set.
(Use `node --trace-warnings ...` to show where the warning was created)
[1A[2K(node:65048) Warning: The 'NO_COLOR' env is ignored due to the 'FORCE_COLOR' env being set.
(Use `node --trace-warnings ...` to show where the warning was created)


  ✘  245 [mobile] › tests/freemium/pro-gate-sheet.spec.ts:53:7 › ProGateSheet — upgrade prompt › dismissing sheet via close button hides the sheet @smoke (568ms)
[1A[2K  64) [mobile] › tests/freemium/pro-gate-sheet.spec.ts:53:7 › ProGateSheet — upgrade prompt › dismissing sheet via close button hides the sheet @smoke 

    Error: page.evaluate: Error: __openProGateSheet not mounted
        at eval (eval at evaluate (:302:30), <anonymous>:3:20)
        at UtilityScript.evaluate (<anonymous>:304:16)
        at UtilityScript.<anonymous> (<anonymous>:1:44)
        at eval (eval at evaluate (:302:30), <anonymous>:3:20)
        at UtilityScript.evaluate (<anonymous>:304:16)
        at UtilityScript.<anonymous> (<anonymous>:1:44)
        at openSheet (/Users/michaelfuscoletti/Desktop/scroll-down-web/web/tests/freemium/pro-gate-sheet.spec.ts:7:14)
        at /Users/michaelfuscoletti/Desktop/scroll-down-web/web/tests/freemium/pro-gate-sheet.spec.ts:55:11

    attachment #1: screenshot (image/png) ──────────────────────────────────────────────────────────
    test-results/freemium-pro-gate-sheet-Pr-f4b28-utton-hides-the-sheet-smoke-mobile/test-failed-1.png
    ────────────────────────────────────────────────────────────────────────────────────────────────

    attachment #2: video (video/webm) ──────────────────────────────────────────────────────────────
    test-results/freemium-pro-gate-sheet-Pr-f4b28-utton-hides-the-sheet-smoke-mobile/video.webm
    ────────────────────────────────────────────────────────────────────────────────────────────────

    Error Context: test-results/freemium-pro-gate-sheet-Pr-f4b28-utton-hides-the-sheet-smoke-mobile/error-context.md


(node:65047) Warning: The 'NO_COLOR' env is ignored due to the 'FORCE_COLOR' env being set.
(Use `node --trace-warnings ...` to show where the warning was created)
[1A[2K(node:65047) Warning: The 'NO_COLOR' env is ignored due to the 'FORCE_COLOR' env being set.
(Use `node --trace-warnings ...` to show where the warning was created)


[1A[2K[246/333] [mobile] › tests/freemium/pro-gate-sheet.spec.ts:102:7 › ProGateSheet — upgrade prompt › sheet shows 'Create free account' for anonymous users @smoke
(node:65051) Warning: The 'NO_COLOR' env is ignored due to the 'FORCE_COLOR' env being set.
(Use `node --trace-warnings ...` to show where the warning was created)
[1A[2K(node:65051) Warning: The 'NO_COLOR' env is ignored due to the 'FORCE_COLOR' env being set.
(Use `node --trace-warnings ...` to show where the warning was created)


(node:65048) Warning: The 'NO_COLOR' env is ignored due to the 'FORCE_COLOR' env being set.
(Use `node --trace-warnings ...` to show where the warning was created)
[1A[2K(node:65048) Warning: The 'NO_COLOR' env is ignored due to the 'FORCE_COLOR' env being set.
(Use `node --trace-warnings ...` to show where the warning was created)


[1A[2K[247/333] [mobile] › tests/freemium/pro-gate.spec.ts:33:7 › Pro gate — tier store › generates and persists a stable anon ID @smoke
(node:65051) Warning: The 'NO_COLOR' env is ignored due to the 'FORCE_COLOR' env being set.
(Use `node --trace-warnings ...` to show where the warning was created)
[1A[2K(node:65051) Warning: The 'NO_COLOR' env is ignored due to the 'FORCE_COLOR' env being set.
(Use `node --trace-warnings ...` to show where the warning was created)


[1A[2K[248/333] [mobile] › tests/freemium/pro-gate.spec.ts:46:7 › Pro gate — tier store › sd-anon-id cookie is set after page load @smoke
  ✘  246 [mobile] › tests/freemium/pro-gate-sheet.spec.ts:102:7 › ProGateSheet — upgrade prompt › sheet shows 'Create free account' for anonymous users @smoke (801ms)
[1A[2K  65) [mobile] › tests/freemium/pro-gate-sheet.spec.ts:102:7 › ProGateSheet — upgrade prompt › sheet shows 'Create free account' for anonymous users @smoke 

    Error: page.evaluate: Error: __openProGateSheet not mounted
        at eval (eval at evaluate (:302:30), <anonymous>:3:20)
        at UtilityScript.evaluate (<anonymous>:304:16)
        at UtilityScript.<anonymous> (<anonymous>:1:44)
        at eval (eval at evaluate (:302:30), <anonymous>:3:20)
        at UtilityScript.evaluate (<anonymous>:304:16)
        at UtilityScript.<anonymous> (<anonymous>:1:44)
        at openSheet (/Users/michaelfuscoletti/Desktop/scroll-down-web/web/tests/freemium/pro-gate-sheet.spec.ts:7:14)
        at /Users/michaelfuscoletti/Desktop/scroll-down-web/web/tests/freemium/pro-gate-sheet.spec.ts:107:11

    attachment #1: screenshot (image/png) ──────────────────────────────────────────────────────────
    test-results/freemium-pro-gate-sheet-Pr-be8b5-t-for-anonymous-users-smoke-mobile/test-failed-1.png
    ────────────────────────────────────────────────────────────────────────────────────────────────

    attachment #2: video (video/webm) ──────────────────────────────────────────────────────────────
    test-results/freemium-pro-gate-sheet-Pr-be8b5-t-for-anonymous-users-smoke-mobile/video.webm
    ────────────────────────────────────────────────────────────────────────────────────────────────

    Error Context: test-results/freemium-pro-gate-sheet-Pr-be8b5-t-for-anonymous-users-smoke-mobile/error-context.md


  ✘  247 [mobile] › tests/freemium/pro-gate.spec.ts:33:7 › Pro gate — tier store › generates and persists a stable anon ID @smoke (708ms)
[1A[2K  66) [mobile] › tests/freemium/pro-gate.spec.ts:33:7 › Pro gate — tier store › generates and persists a stable anon ID @smoke 

    Error: [2mexpect([22m[31mreceived[39m[2m).[22mnot[2m.[22mtoBeNull[2m()[22m

    Received: [31mnull[39m

      35 |
      36 |     const state1 = await getStoredTier(page);
    > 37 |     expect(state1).not.toBeNull();
         |                        ^
      38 |     expect(state1!.anonId).toMatch(UUID_RE);
      39 |
      40 |     // Reload — ID must be the same
        at /Users/michaelfuscoletti/Desktop/scroll-down-web/web/tests/freemium/pro-gate.spec.ts:37:24

    attachment #1: screenshot (image/png) ──────────────────────────────────────────────────────────
    test-results/freemium-pro-gate-Pro-gate-b6b56-ists-a-stable-anon-ID-smoke-mobile/test-failed-1.png
    ────────────────────────────────────────────────────────────────────────────────────────────────

    attachment #2: video (video/webm) ──────────────────────────────────────────────────────────────
    test-results/freemium-pro-gate-Pro-gate-b6b56-ists-a-stable-anon-ID-smoke-mobile/video.webm
    ────────────────────────────────────────────────────────────────────────────────────────────────

    Error Context: test-results/freemium-pro-gate-Pro-gate-b6b56-ists-a-stable-anon-ID-smoke-mobile/error-context.md


(node:65082) Warning: The 'NO_COLOR' env is ignored due to the 'FORCE_COLOR' env being set.
(Use `node --trace-warnings ...` to show where the warning was created)
[1A[2K(node:65082) Warning: The 'NO_COLOR' env is ignored due to the 'FORCE_COLOR' env being set.
(Use `node --trace-warnings ...` to show where the warning was created)


(node:65093) Warning: The 'NO_COLOR' env is ignored due to the 'FORCE_COLOR' env being set.
(Use `node --trace-warnings ...` to show where the warning was created)
[1A[2K(node:65093) Warning: The 'NO_COLOR' env is ignored due to the 'FORCE_COLOR' env being set.
(Use `node --trace-warnings ...` to show where the warning was created)


  ✘  248 [mobile] › tests/freemium/pro-gate.spec.ts:46:7 › Pro gate — tier store › sd-anon-id cookie is set after page load @smoke (603ms)
[1A[2K  67) [mobile] › tests/freemium/pro-gate.spec.ts:46:7 › Pro gate — tier store › sd-anon-id cookie is set after page load @smoke 

    Error: [2mexpect([22m[31mreceived[39m[2m).[22mnot[2m.[22mtoBeNull[2m()[22m

    Received: [31mnull[39m

      48 |
      49 |     const anonCookie = await getAnonCookie(page);
    > 50 |     expect(anonCookie).not.toBeNull();
         |                            ^
      51 |     expect(anonCookie).toMatch(UUID_RE);
      52 |   });
      53 |
        at /Users/michaelfuscoletti/Desktop/scroll-down-web/web/tests/freemium/pro-gate.spec.ts:50:28

    attachment #1: screenshot (image/png) ──────────────────────────────────────────────────────────
    test-results/freemium-pro-gate-Pro-gate-1f136-s-set-after-page-load-smoke-mobile/test-failed-1.png
    ────────────────────────────────────────────────────────────────────────────────────────────────

    attachment #2: video (video/webm) ──────────────────────────────────────────────────────────────
    test-results/freemium-pro-gate-Pro-gate-1f136-s-set-after-page-load-smoke-mobile/video.webm
    ────────────────────────────────────────────────────────────────────────────────────────────────

    Error Context: test-results/freemium-pro-gate-Pro-gate-1f136-s-set-after-page-load-smoke-mobile/error-context.md


(node:65082) Warning: The 'NO_COLOR' env is ignored due to the 'FORCE_COLOR' env being set.
(Use `node --trace-warnings ...` to show where the warning was created)
[1A[2K(node:65082) Warning: The 'NO_COLOR' env is ignored due to the 'FORCE_COLOR' env being set.
(Use `node --trace-warnings ...` to show where the warning was created)


(node:65094) Warning: The 'NO_COLOR' env is ignored due to the 'FORCE_COLOR' env being set.
(Use `node --trace-warnings ...` to show where the warning was created)
[1A[2K(node:65094) Warning: The 'NO_COLOR' env is ignored due to the 'FORCE_COLOR' env being set.
(Use `node --trace-warnings ...` to show where the warning was created)


[1A[2K[249/333] [mobile] › tests/freemium/pro-gate.spec.ts:54:7 › Pro gate — tier store › sd-tier cookie is set to free by default @smoke
(node:65093) Warning: The 'NO_COLOR' env is ignored due to the 'FORCE_COLOR' env being set.
(Use `node --trace-warnings ...` to show where the warning was created)
[1A[2K(node:65093) Warning: The 'NO_COLOR' env is ignored due to the 'FORCE_COLOR' env being set.
(Use `node --trace-warnings ...` to show where the warning was created)


[1A[2K[250/333] [mobile] › tests/freemium/pro-gate.spec.ts:78:7 › Pro gate — tier store › ?tier=pro query param sets tier cookie in dev mode @smoke
(node:65094) Warning: The 'NO_COLOR' env is ignored due to the 'FORCE_COLOR' env being set.
(Use `node --trace-warnings ...` to show where the warning was created)
[1A[2K(node:65094) Warning: The 'NO_COLOR' env is ignored due to the 'FORCE_COLOR' env being set.
(Use `node --trace-warnings ...` to show where the warning was created)


[1A[2K[251/333] [mobile] › tests/freemium/pro-gate.spec.ts:91:7 › Pro gate — API route (requirePro) › live odds API returns 402 for free-tier requests @smoke
  ✘  249 [mobile] › tests/freemium/pro-gate.spec.ts:54:7 › Pro gate — tier store › sd-tier cookie is set to free by default @smoke (1.0s)
[1A[2K  68) [mobile] › tests/freemium/pro-gate.spec.ts:54:7 › Pro gate — tier store › sd-tier cookie is set to free by default @smoke 

    Error: [2mexpect([22m[31mreceived[39m[2m).[22mtoBe[2m([22m[32mexpected[39m[2m) // Object.is equality[22m

    Expected: [32m"free"[39m
    Received: [31mnull[39m

      56 |
      57 |     const tierCookie = await getTierCookie(page);
    > 58 |     expect(tierCookie).toBe("free");
         |                        ^
      59 |   });
      60 |
      61 |   test("default tier is free", async ({ page }) => {
        at /Users/michaelfuscoletti/Desktop/scroll-down-web/web/tests/freemium/pro-gate.spec.ts:58:24

    attachment #1: screenshot (image/png) ──────────────────────────────────────────────────────────
    test-results/freemium-pro-gate-Pro-gate-ecb8f-et-to-free-by-default-smoke-mobile/test-failed-1.png
    ────────────────────────────────────────────────────────────────────────────────────────────────

    attachment #2: video (video/webm) ──────────────────────────────────────────────────────────────
    test-results/freemium-pro-gate-Pro-gate-ecb8f-et-to-free-by-default-smoke-mobile/video.webm
    ────────────────────────────────────────────────────────────────────────────────────────────────

    Error Context: test-results/freemium-pro-gate-Pro-gate-ecb8f-et-to-free-by-default-smoke-mobile/error-context.md


  ✘  250 [mobile] › tests/freemium/pro-gate.spec.ts:78:7 › Pro gate — tier store › ?tier=pro query param sets tier cookie in dev mode @smoke (992ms)
[1A[2K  69) [mobile] › tests/freemium/pro-gate.spec.ts:78:7 › Pro gate — tier store › ?tier=pro query param sets tier cookie in dev mode @smoke 

    Error: [2mexpect([22m[31mreceived[39m[2m).[22mtoBe[2m([22m[32mexpected[39m[2m) // Object.is equality[22m

    Expected: [32m"free"[39m
    Received: [31mnull[39m

      84 |     // Cookie and stored state must agree regardless of whether the override fired.
      85 |     // In production the override is a no-op; in dev both become 'pro'.
    > 86 |     expect(tierCookie).toBe(state?.tier ?? "free");
         |                        ^
      87 |   });
      88 | });
      89 |
        at /Users/michaelfuscoletti/Desktop/scroll-down-web/web/tests/freemium/pro-gate.spec.ts:86:24

    attachment #1: screenshot (image/png) ──────────────────────────────────────────────────────────
    test-results/freemium-pro-gate-Pro-gate-dec21-er-cookie-in-dev-mode-smoke-mobile/test-failed-1.png
    ────────────────────────────────────────────────────────────────────────────────────────────────

    attachment #2: video (video/webm) ──────────────────────────────────────────────────────────────
    test-results/freemium-pro-gate-Pro-gate-dec21-er-cookie-in-dev-mode-smoke-mobile/video.webm
    ────────────────────────────────────────────────────────────────────────────────────────────────

    Error Context: test-results/freemium-pro-gate-Pro-gate-dec21-er-cookie-in-dev-mode-smoke-mobile/error-context.md


(node:65138) Warning: The 'NO_COLOR' env is ignored due to the 'FORCE_COLOR' env being set.
(Use `node --trace-warnings ...` to show where the warning was created)
[1A[2K(node:65138) Warning: The 'NO_COLOR' env is ignored due to the 'FORCE_COLOR' env being set.
(Use `node --trace-warnings ...` to show where the warning was created)


(node:65139) Warning: The 'NO_COLOR' env is ignored due to the 'FORCE_COLOR' env being set.
(Use `node --trace-warnings ...` to show where the warning was created)
[1A[2K(node:65139) Warning: The 'NO_COLOR' env is ignored due to the 'FORCE_COLOR' env being set.
(Use `node --trace-warnings ...` to show where the warning was created)


(node:65138) Warning: The 'NO_COLOR' env is ignored due to the 'FORCE_COLOR' env being set.
(Use `node --trace-warnings ...` to show where the warning was created)
[1A[2K(node:65138) Warning: The 'NO_COLOR' env is ignored due to the 'FORCE_COLOR' env being set.
(Use `node --trace-warnings ...` to show where the warning was created)


  -  251 [mobile] › tests/freemium/pro-gate.spec.ts:91:7 › Pro gate — API route (requirePro) › live odds API returns 402 for free-tier requests @smoke
[1A[2K[252/333] [mobile] › tests/freemium/tier-gating-suite.spec.ts:63:7 › ISSUE-047 / ?tier=pro suppresses gate + ads › pro tier override hides detail banner ad on game detail @smoke
[1A[2K[253/333] [mobile] › tests/freemium/tier-gating-suite.spec.ts:27:7 › ISSUE-047 / free tier gated feature › free user opening a gated feature sees ProGateSheet, then dismisses @smoke
(node:65139) Warning: The 'NO_COLOR' env is ignored due to the 'FORCE_COLOR' env being set.
(Use `node --trace-warnings ...` to show where the warning was created)
[1A[2K(node:65139) Warning: The 'NO_COLOR' env is ignored due to the 'FORCE_COLOR' env being set.
(Use `node --trace-warnings ...` to show where the warning was created)


[1A[2K[254/333] [mobile] › tests/freemium/tier-gating-suite.spec.ts:51:7 › ISSUE-047 / ?tier=pro suppresses gate + ads › pro tier override hides native ad cards on home feed @smoke
  -  254 [mobile] › tests/freemium/tier-gating-suite.spec.ts:51:7 › ISSUE-047 / ?tier=pro suppresses gate + ads › pro tier override hides native ad cards on home feed @smoke
[1A[2K[255/333] [mobile] › tests/freemium/tier-gating-suite.spec.ts:105:7 › ISSUE-047 / magic-link sign-in › verify token sets sd-session cookie and redirects to home @smoke
  ✘  253 [mobile] › tests/freemium/tier-gating-suite.spec.ts:27:7 › ISSUE-047 / free tier gated feature › free user opening a gated feature sees ProGateSheet, then dismisses @smoke (1.2s)
[1A[2K  70) [mobile] › tests/freemium/tier-gating-suite.spec.ts:27:7 › ISSUE-047 / free tier gated feature › free user opening a gated feature sees ProGateSheet, then dismisses @smoke 

    Error: [2mexpect([22m[31mreceived[39m[2m).[22mtoBe[2m([22m[32mexpected[39m[2m) // Object.is equality[22m

    Expected: [32m"free"[39m
    Received: [31mnull[39m

      29 |   }) => {
      30 |     await page.goto("/?tier=free");
    > 31 |     expect(await cookieValue(page, "sd-tier")).toBe("free");
         |                                                ^
      32 |
      33 |     await openGate(page, "live_odds");
      34 |     const sheet = page.locator("[data-testid='pro-gate-sheet']");
        at /Users/michaelfuscoletti/Desktop/scroll-down-web/web/tests/freemium/tier-gating-suite.spec.ts:31:48

    attachment #1: screenshot (image/png) ──────────────────────────────────────────────────────────
    test-results/freemium-tier-gating-suite-77b98-eSheet-then-dismisses-smoke-mobile/test-failed-1.png
    ────────────────────────────────────────────────────────────────────────────────────────────────

    attachment #2: video (video/webm) ──────────────────────────────────────────────────────────────
    test-results/freemium-tier-gating-suite-77b98-eSheet-then-dismisses-smoke-mobile/video.webm
    ────────────────────────────────────────────────────────────────────────────────────────────────

    Error Context: test-results/freemium-tier-gating-suite-77b98-eSheet-then-dismisses-smoke-mobile/error-context.md


(node:65183) Warning: The 'NO_COLOR' env is ignored due to the 'FORCE_COLOR' env being set.
(Use `node --trace-warnings ...` to show where the warning was created)
[1A[2K(node:65183) Warning: The 'NO_COLOR' env is ignored due to the 'FORCE_COLOR' env being set.
(Use `node --trace-warnings ...` to show where the warning was created)


(node:65183) Warning: The 'NO_COLOR' env is ignored due to the 'FORCE_COLOR' env being set.
(Use `node --trace-warnings ...` to show where the warning was created)
[1A[2K(node:65183) Warning: The 'NO_COLOR' env is ignored due to the 'FORCE_COLOR' env being set.
(Use `node --trace-warnings ...` to show where the warning was created)


[1A[2K[256/333] [mobile] › tests/freemium/tier-gating-suite.spec.ts:135:7 › ISSUE-047 / sign-out restores gate › after sign-out user is anonymous and gated feature reopens sheet @smoke
  ✓  255 [mobile] › tests/freemium/tier-gating-suite.spec.ts:105:7 › ISSUE-047 / magic-link sign-in › verify token sets sd-session cookie and redirects to home @smoke (481ms)
[1A[2K[257/333] [mobile] › tests/game/ai-story-e2e.spec.ts:34:7 › AI game story — section absent when disabled @smoke › game-story-section not in DOM when quality gate is on (default)
  ✘  256 [mobile] › tests/freemium/tier-gating-suite.spec.ts:135:7 › ISSUE-047 / sign-out restores gate › after sign-out user is anonymous and gated feature reopens sheet @smoke (913ms)
[1A[2K  71) [mobile] › tests/freemium/tier-gating-suite.spec.ts:135:7 › ISSUE-047 / sign-out restores gate › after sign-out user is anonymous and gated feature reopens sheet @smoke 

    Error: page.evaluate: Error: __openProGateSheet not mounted
        at eval (eval at evaluate (:302:30), <anonymous>:3:20)
        at UtilityScript.evaluate (<anonymous>:304:16)
        at UtilityScript.<anonymous> (<anonymous>:1:44)
        at eval (eval at evaluate (:302:30), <anonymous>:3:20)
        at UtilityScript.evaluate (<anonymous>:304:16)
        at UtilityScript.<anonymous> (<anonymous>:1:44)
        at openGate (/Users/michaelfuscoletti/Desktop/scroll-down-web/web/tests/freemium/tier-gating-suite.spec.ts:10:14)
        at /Users/michaelfuscoletti/Desktop/scroll-down-web/web/tests/freemium/tier-gating-suite.spec.ts:164:11

    attachment #1: screenshot (image/png) ──────────────────────────────────────────────────────────
    test-results/freemium-tier-gating-suite-77865-feature-reopens-sheet-smoke-mobile/test-failed-1.png
    ────────────────────────────────────────────────────────────────────────────────────────────────

    attachment #2: video (video/webm) ──────────────────────────────────────────────────────────────
    test-results/freemium-tier-gating-suite-77865-feature-reopens-sheet-smoke-mobile/video.webm
    ────────────────────────────────────────────────────────────────────────────────────────────────

    Error Context: test-results/freemium-tier-gating-suite-77865-feature-reopens-sheet-smoke-mobile/error-context.md


(node:65215) Warning: The 'NO_COLOR' env is ignored due to the 'FORCE_COLOR' env being set.
(Use `node --trace-warnings ...` to show where the warning was created)
[1A[2K(node:65215) Warning: The 'NO_COLOR' env is ignored due to the 'FORCE_COLOR' env being set.
(Use `node --trace-warnings ...` to show where the warning was created)


(node:65215) Warning: The 'NO_COLOR' env is ignored due to the 'FORCE_COLOR' env being set.
(Use `node --trace-warnings ...` to show where the warning was created)
[1A[2K(node:65215) Warning: The 'NO_COLOR' env is ignored due to the 'FORCE_COLOR' env being set.
(Use `node --trace-warnings ...` to show where the warning was created)


[1A[2K[258/333] [mobile] › tests/game/ai-story-e2e.spec.ts:102:7 › AI game story — graceful degradation on 5xx @smoke › box score renders normally when AI story API returns 500
  -  252 [mobile] › tests/freemium/tier-gating-suite.spec.ts:63:7 › ISSUE-047 / ?tier=pro suppresses gate + ads › pro tier override hides detail banner ad on game detail @smoke
[1A[2K[259/333] [mobile] › tests/game/ai-story-e2e.spec.ts:126:7 › AI game story — graceful degradation on 5xx @smoke › story section absent (no error shown) when AI story API returns 500
  ✘  234 [mobile] › tests/freemium/billing.spec.ts:154:7 › ProGateSheet — checkout CTA › Upgrade to Pro button is present and not disabled when sheet is open @smoke (30.1s)
[1A[2K  72) [mobile] › tests/freemium/billing.spec.ts:154:7 › ProGateSheet — checkout CTA › Upgrade to Pro button is present and not disabled when sheet is open @smoke 

    [31mTest timeout of 30000ms exceeded.[39m

    Error: page.waitForFunction: Test timeout of 30000ms exceeded.

       7 | async function waitForProGateTestHook(page: Page): Promise<void> {
       8 |   await waitForLoad(page);
    >  9 |   await page.waitForFunction(
         |              ^
      10 |     () =>
      11 |       typeof (window as unknown as { __openProGateSheet?: unknown }).__openProGateSheet ===
      12 |       "function",
        at waitForProGateTestHook (/Users/michaelfuscoletti/Desktop/scroll-down-web/web/tests/freemium/billing.spec.ts:9:14)
        at /Users/michaelfuscoletti/Desktop/scroll-down-web/web/tests/freemium/billing.spec.ts:158:5

    attachment #1: screenshot (image/png) ──────────────────────────────────────────────────────────
    test-results/freemium-billing-ProGateSh-a301c-ed-when-sheet-is-open-smoke-mobile/test-failed-1.png
    ────────────────────────────────────────────────────────────────────────────────────────────────

    attachment #2: video (video/webm) ──────────────────────────────────────────────────────────────
    test-results/freemium-billing-ProGateSh-a301c-ed-when-sheet-is-open-smoke-mobile/video.webm
    ────────────────────────────────────────────────────────────────────────────────────────────────

    Error Context: test-results/freemium-billing-ProGateSh-a301c-ed-when-sheet-is-open-smoke-mobile/error-context.md


(node:65427) Warning: The 'NO_COLOR' env is ignored due to the 'FORCE_COLOR' env being set.
(Use `node --trace-warnings ...` to show where the warning was created)
[1A[2K(node:65427) Warning: The 'NO_COLOR' env is ignored due to the 'FORCE_COLOR' env being set.
(Use `node --trace-warnings ...` to show where the warning was created)


(node:65427) Warning: The 'NO_COLOR' env is ignored due to the 'FORCE_COLOR' env being set.
(Use `node --trace-warnings ...` to show where the warning was created)
[1A[2K(node:65427) Warning: The 'NO_COLOR' env is ignored due to the 'FORCE_COLOR' env being set.
(Use `node --trace-warnings ...` to show where the warning was created)


[1A[2K[260/333] [mobile] › tests/game/ai-story-e2e.spec.ts:147:7 › AI game story — graceful degradation on 5xx @smoke › play-by-play timeline accessible when AI story API unavailable
  -  257 [mobile] › tests/game/ai-story-e2e.spec.ts:34:7 › AI game story — section absent when disabled @smoke › game-story-section not in DOM when quality gate is on (default)
[1A[2K[261/333] [mobile] › tests/game/ai-story-e2e.spec.ts:169:7 › AI game story — feedback API contract @smoke › POST /api/story-feedback accepts up vote
  ✓  261 [mobile] › tests/game/ai-story-e2e.spec.ts:169:7 › AI game story — feedback API contract @smoke › POST /api/story-feedback accepts up vote (358ms)
[1A[2K[262/333] [mobile] › tests/game/ai-story-e2e.spec.ts:180:7 › AI game story — feedback API contract @smoke › POST /api/story-feedback accepts down vote
  ✓  262 [mobile] › tests/game/ai-story-e2e.spec.ts:180:7 › AI game story — feedback API contract @smoke › POST /api/story-feedback accepts down vote (9ms)
[1A[2K[263/333] [mobile] › tests/game/ai-story-e2e.spec.ts:191:7 › AI game story — feedback API contract @smoke › POST /api/story-feedback rejects missing storyId
  ✓  263 [mobile] › tests/game/ai-story-e2e.spec.ts:191:7 › AI game story — feedback API contract @smoke › POST /api/story-feedback rejects missing storyId (9ms)
[1A[2K[264/333] [mobile] › tests/game/ai-story-e2e.spec.ts:198:7 › AI game story — feedback API contract @smoke › POST /api/story-feedback rejects invalid vote value
  ✓  264 [mobile] › tests/game/ai-story-e2e.spec.ts:198:7 › AI game story — feedback API contract @smoke › POST /api/story-feedback rejects invalid vote value (9ms)
[1A[2K[265/333] [mobile] › tests/game/detail.spec.ts:224:7 › Game Detail Page › social reaction sections are not visible for non-admin users @smoke
  -  258 [mobile] › tests/game/ai-story-e2e.spec.ts:102:7 › AI game story — graceful degradation on 5xx @smoke › box score renders normally when AI story API returns 500
[1A[2K[266/333] [mobile] › tests/game/fact-verification.spec.ts:121:7 › fact-verification — valid stories @smoke › fixture 1 (NBA): LeBron 30 pts, 115-98 — passes
  ✓  266 [mobile] › tests/game/fact-verification.spec.ts:121:7 › fact-verification — valid stories @smoke › fixture 1 (NBA): LeBron 30 pts, 115-98 — passes (323ms)
[1A[2K[267/333] [mobile] › tests/game/fact-verification.spec.ts:127:7 › fact-verification — valid stories @smoke › fixture 2 (NFL): Mahomes 312 yds, Chiefs 27-14 — passes
  ✓  267 [mobile] › tests/game/fact-verification.spec.ts:127:7 › fact-verification — valid stories @smoke › fixture 2 (NFL): Mahomes 312 yds, Chiefs 27-14 — passes (14ms)
[1A[2K[268/333] [mobile] › tests/game/fact-verification.spec.ts:133:7 › fact-verification — valid stories @smoke › fixture 3 (MLB): Freeman 2 HR, 3 RBI, Dodgers 5-3 — passes
  ✓  268 [mobile] › tests/game/fact-verification.spec.ts:133:7 › fact-verification — valid stories @smoke › fixture 3 (MLB): Freeman 2 HR, 3 RBI, Dodgers 5-3 — passes (13ms)
[1A[2K[269/333] [mobile] › tests/game/fact-verification.spec.ts:139:7 › fact-verification — valid stories @smoke › fixture 4 (NBA): SGA 40 pts, Thunder 98-87 — passes
  ✓  269 [mobile] › tests/game/fact-verification.spec.ts:139:7 › fact-verification — valid stories @smoke › fixture 4 (NBA): SGA 40 pts, Thunder 98-87 — passes (16ms)
[1A[2K[270/333] [mobile] › tests/game/fact-verification.spec.ts:145:7 › fact-verification — valid stories @smoke › fixture 5 (NFL): Harris 120 yds, Bills 24-17 — passes
  ✓  270 [mobile] › tests/game/fact-verification.spec.ts:145:7 › fact-verification — valid stories @smoke › fixture 5 (NFL): Harris 120 yds, Bills 24-17 — passes (11ms)
[1A[2K[271/333] [mobile] › tests/game/fact-verification.spec.ts:155:7 › fact-verification — injected numeric errors @smoke › fixture 1 (NBA): hallucinated 35 pts (actual 30) — rejected
  ✓  271 [mobile] › tests/game/fact-verification.spec.ts:155:7 › fact-verification — injected numeric errors @smoke › fixture 1 (NBA): hallucinated 35 pts (actual 30) — rejected (12ms)
[1A[2K[272/333] [mobile] › tests/game/fact-verification.spec.ts:161:7 › fact-verification — injected numeric errors @smoke › fixture 2 (NFL): hallucinated 350 yds (actual 312) — rejected
  ✓  272 [mobile] › tests/game/fact-verification.spec.ts:161:7 › fact-verification — injected numeric errors @smoke › fixture 2 (NFL): hallucinated 350 yds (actual 312) — rejected (8ms)
[1A[2K[273/333] [mobile] › tests/game/fact-verification.spec.ts:167:7 › fact-verification — injected numeric errors @smoke › fixture 3 (MLB): hallucinated 6 RBI (actual 3) — rejected
  ✓  273 [mobile] › tests/game/fact-verification.spec.ts:167:7 › fact-verification — injected numeric errors @smoke › fixture 3 (MLB): hallucinated 6 RBI (actual 3) — rejected (10ms)
[1A[2K[274/333] [mobile] › tests/game/fact-verification.spec.ts:173:7 › fact-verification — injected numeric errors @smoke › fixture 4 (NBA): hallucinated 45 pts (actual 40) — rejected
  ✓  274 [mobile] › tests/game/fact-verification.spec.ts:173:7 › fact-verification — injected numeric errors @smoke › fixture 4 (NBA): hallucinated 45 pts (actual 40) — rejected (13ms)
[1A[2K[275/333] [mobile] › tests/game/fact-verification.spec.ts:179:7 › fact-verification — injected numeric errors @smoke › fixture 5 (NFL): hallucinated 130 yds (actual 120) — rejected
  ✓  275 [mobile] › tests/game/fact-verification.spec.ts:179:7 › fact-verification — injected numeric errors @smoke › fixture 5 (NFL): hallucinated 130 yds (actual 120) — rejected (12ms)
[1A[2K[276/333] [mobile] › tests/game/fact-verification.spec.ts:189:7 › fact-verification — API contract @smoke › returns 400 when story is missing
  ✓  276 [mobile] › tests/game/fact-verification.spec.ts:189:7 › fact-verification — API contract @smoke › returns 400 when story is missing (13ms)
[1A[2K[277/333] [mobile] › tests/game/fact-verification.spec.ts:194:7 › fact-verification — API contract @smoke › returns 400 when boxScore fields are missing
  ✓  277 [mobile] › tests/game/fact-verification.spec.ts:194:7 › fact-verification — API contract @smoke › returns 400 when boxScore fields are missing (5ms)
[1A[2K[278/333] [mobile] › tests/game/fact-verification.spec.ts:201:7 › fact-verification — API contract @smoke › response always includes valid, rejectedNumbers, storyNumbers, whitelistSize
  ✓  278 [mobile] › tests/game/fact-verification.spec.ts:201:7 › fact-verification — API contract @smoke › response always includes valid, rejectedNumbers, storyNumbers, whitelistSize (11ms)
[1A[2K[279/333] [mobile] › tests/game/fact-verification.spec.ts:210:7 › fact-verification — API contract @smoke › storyNumbers contains every distinct number from the story
  ✓  279 [mobile] › tests/game/fact-verification.spec.ts:210:7 › fact-verification — API contract @smoke › storyNumbers contains every distinct number from the story (12ms)
[1A[2K[280/333] [mobile] › tests/game/player-stats.spec.ts:16:7 › Player Stats — headline and expansion › player-stats-table is visible and shows team title when player data exists @smoke
  -  259 [mobile] › tests/game/ai-story-e2e.spec.ts:126:7 › AI game story — graceful degradation on 5xx @smoke › story section absent (no error shown) when AI story API returns 500
[1A[2K[281/333] [mobile] › tests/game/salient-events.spec.ts:106:7 › salient-events API — core contract @smoke › POST returns events array and narrativeType
  ✓  281 [mobile] › tests/game/salient-events.spec.ts:106:7 › salient-events API — core contract @smoke › POST returns events array and narrativeType (332ms)
[1A[2K[282/333] [mobile] › tests/game/salient-events.spec.ts:112:7 › salient-events API — core contract @smoke › events array has at most 15 items across all sports
  ✓  282 [mobile] › tests/game/salient-events.spec.ts:112:7 › salient-events API — core contract @smoke › events array has at most 15 items across all sports (41ms)
[1A[2K[283/333] [mobile] › tests/game/salient-events.spec.ts:119:7 › salient-events API — core contract @smoke › every event has type, description, and impactWeight in valid ranges
  ✘  235 [mobile] › tests/freemium/billing.spec.ts:171:7 › ProGateSheet — checkout CTA › unauthenticated upgrade click redirects to /login @smoke (30.1s)
[1A[2K  73) [mobile] › tests/freemium/billing.spec.ts:171:7 › ProGateSheet — checkout CTA › unauthenticated upgrade click redirects to /login @smoke 

    [31mTest timeout of 30000ms exceeded.[39m

    Error: page.waitForFunction: Test timeout of 30000ms exceeded.

       7 | async function waitForProGateTestHook(page: Page): Promise<void> {
       8 |   await waitForLoad(page);
    >  9 |   await page.waitForFunction(
         |              ^
      10 |     () =>
      11 |       typeof (window as unknown as { __openProGateSheet?: unknown }).__openProGateSheet ===
      12 |       "function",
        at waitForProGateTestHook (/Users/michaelfuscoletti/Desktop/scroll-down-web/web/tests/freemium/billing.spec.ts:9:14)
        at /Users/michaelfuscoletti/Desktop/scroll-down-web/web/tests/freemium/billing.spec.ts:175:5

    attachment #1: screenshot (image/png) ──────────────────────────────────────────────────────────
    test-results/freemium-billing-ProGateSh-1f685-ck-redirects-to-login-smoke-mobile/test-failed-1.png
    ────────────────────────────────────────────────────────────────────────────────────────────────

    attachment #2: video (video/webm) ──────────────────────────────────────────────────────────────
    test-results/freemium-billing-ProGateSh-1f685-ck-redirects-to-login-smoke-mobile/video.webm
    ────────────────────────────────────────────────────────────────────────────────────────────────

    Error Context: test-results/freemium-billing-ProGateSh-1f685-ck-redirects-to-login-smoke-mobile/error-context.md


  ✓  283 [mobile] › tests/game/salient-events.spec.ts:119:7 › salient-events API — core contract @smoke › every event has type, description, and impactWeight in valid ranges (69ms)
[1A[2K[284/333] [mobile] › tests/game/salient-events.spec.ts:144:7 › salient-events API — core contract @smoke › narrativeType is exactly one of the five valid values
  ✓  284 [mobile] › tests/game/salient-events.spec.ts:144:7 › salient-events API — core contract @smoke › narrativeType is exactly one of the five valid values (91ms)
[1A[2K[285/333] [mobile] › tests/game/salient-events.spec.ts:152:7 › salient-events API — core contract @smoke › 400 returned for missing required fields
  ✓  285 [mobile] › tests/game/salient-events.spec.ts:152:7 › salient-events API — core contract @smoke › 400 returned for missing required fields (6ms)
[1A[2K[286/333] [mobile] › tests/game/story-generation.spec.ts:233:7 › story-generation — NBA @smoke › comeback: no banned phrases, valid word/sentence counts
(node:65567) Warning: The 'NO_COLOR' env is ignored due to the 'FORCE_COLOR' env being set.
(Use `node --trace-warnings ...` to show where the warning was created)
[1A[2K(node:65567) Warning: The 'NO_COLOR' env is ignored due to the 'FORCE_COLOR' env being set.
(Use `node --trace-warnings ...` to show where the warning was created)


(node:65567) Warning: The 'NO_COLOR' env is ignored due to the 'FORCE_COLOR' env being set.
(Use `node --trace-warnings ...` to show where the warning was created)
[1A[2K(node:65567) Warning: The 'NO_COLOR' env is ignored due to the 'FORCE_COLOR' env being set.
(Use `node --trace-warnings ...` to show where the warning was created)


[1A[2K[287/333] [mobile] › tests/game/salient-events.spec.ts:133:7 › salient-events API — core contract @smoke › events are sorted by impactWeight descending
  ✘  286 [mobile] › tests/game/story-generation.spec.ts:233:7 › story-generation — NBA @smoke › comeback: no banned phrases, valid word/sentence counts (732ms)
[1A[2K  74) [mobile] › tests/game/story-generation.spec.ts:233:7 › story-generation — NBA @smoke › comeback: no banned phrases, valid word/sentence counts 

    Error: Unexpected 401 for {"sport":"NBA","homeTeam":"Nets","awayTeam":"Knicks","homeScore":108,"awayScore":100,"playerStats":[{"team":"Nets","playerName":"Ben Simmons","points":22,"rebounds":9,"assists":11,"rawStats":{}},{"team":"Knicks","playerName":"Julius Randle","points":35,"rebounds":11,"assists":5,"rawStats":{}}],"plays":[{"playIndex":1,"quarter":1,"homeScore":0,"awayScore":18,"scoreChanged":true,"pointsScored":18,"periodLabel":"Q1"},{"playIndex":2,"quarter":2,"homeScore":10,"awayScore":22,"scoreChanged":true,"pointsScored":10,"periodLabel":"Q2"},{"playIndex":3,"quarter":3,"homeScore":30,"awayScore":30,"scoreChanged":true,"pointsScored":20,"periodLabel":"Q3"},{"playIndex":4,"quarter":4,"homeScore":55,"awayScore":40,"scoreChanged":true,"pointsScored":25,"periodLabel":"Q4"},{"playIndex":5,"quarter":4,"homeScore":108,"awayScore":100,"scoreChanged":true,"pointsScored":8,"tier":1,"description":"Simmons finishes the alley-oop to seal it","periodLabel":"Q4"}]}

    [2mexpect([22m[31mreceived[39m[2m).[22mtoBe[2m([22m[32mexpected[39m[2m) // Object.is equality[22m

    Expected: [32mtrue[39m
    Received: [31mfalse[39m

      214 |   }
      215 |
    > 216 |   expect(res.ok(), `Unexpected ${res.status()} for ${JSON.stringify(box)}`).toBe(true);
          |                                                                             ^
      217 |   return (await res.json()) as StoryResponse;
      218 | }
      219 |
        at postStory (/Users/michaelfuscoletti/Desktop/scroll-down-web/web/tests/game/story-generation.spec.ts:216:77)
        at /Users/michaelfuscoletti/Desktop/scroll-down-web/web/tests/game/story-generation.spec.ts:234:20

    Error Context: test-results/game-story-generation-stor-703aa--valid-word-sentence-counts-mobile/error-context.md


  ✓  287 [mobile] › tests/game/salient-events.spec.ts:133:7 › salient-events API — core contract @smoke › events are sorted by impactWeight descending (429ms)
[1A[2K[288/333] [mobile] › tests/game/story-generation.spec.ts:251:7 › story-generation — NBA @smoke › defensive: no banned phrases, valid word/sentence counts
  ✘  288 [mobile] › tests/game/story-generation.spec.ts:251:7 › story-generation — NBA @smoke › defensive: no banned phrases, valid word/sentence counts (12ms)
[1A[2K  75) [mobile] › tests/game/story-generation.spec.ts:251:7 › story-generation — NBA @smoke › defensive: no banned phrases, valid word/sentence counts 

    Error: Unexpected 401 for {"sport":"NBA","homeTeam":"Jazz","awayTeam":"Grizzlies","homeScore":88,"awayScore":82,"playerStats":[{"team":"Jazz","playerName":"Walker Kessler","points":14,"rebounds":16,"assists":3,"rawStats":{}},{"team":"Grizzlies","playerName":"Ja Morant","points":26,"rebounds":6,"assists":9,"rawStats":{}}],"plays":[{"playIndex":1,"quarter":1,"homeScore":0,"awayScore":5,"scoreChanged":true,"pointsScored":5,"periodLabel":"Q1"},{"playIndex":2,"quarter":2,"homeScore":8,"awayScore":5,"scoreChanged":true,"pointsScored":8,"periodLabel":"Q2"},{"playIndex":3,"quarter":3,"homeScore":20,"awayScore":18,"scoreChanged":true,"pointsScored":5,"periodLabel":"Q3"},{"playIndex":4,"quarter":4,"homeScore":88,"awayScore":82,"scoreChanged":true,"pointsScored":4,"tier":1,"description":"Kessler blocks Morant's drive to preserve the lead","periodLabel":"Q4"}]}

    [2mexpect([22m[31mreceived[39m[2m).[22mtoBe[2m([22m[32mexpected[39m[2m) // Object.is equality[22m

    Expected: [32mtrue[39m
    Received: [31mfalse[39m

      214 |   }
      215 |
    > 216 |   expect(res.ok(), `Unexpected ${res.status()} for ${JSON.stringify(box)}`).toBe(true);
          |                                                                             ^
      217 |   return (await res.json()) as StoryResponse;
      218 | }
      219 |
        at postStory (/Users/michaelfuscoletti/Desktop/scroll-down-web/web/tests/game/story-generation.spec.ts:216:77)
        at /Users/michaelfuscoletti/Desktop/scroll-down-web/web/tests/game/story-generation.spec.ts:252:20

    Error Context: test-results/game-story-generation-stor-5fd42--valid-word-sentence-counts-mobile/error-context.md


(node:65581) Warning: The 'NO_COLOR' env is ignored due to the 'FORCE_COLOR' env being set.
(Use `node --trace-warnings ...` to show where the warning was created)
[1A[2K(node:65581) Warning: The 'NO_COLOR' env is ignored due to the 'FORCE_COLOR' env being set.
(Use `node --trace-warnings ...` to show where the warning was created)


(node:65582) Warning: The 'NO_COLOR' env is ignored due to the 'FORCE_COLOR' env being set.
(Use `node --trace-warnings ...` to show where the warning was created)
[1A[2K(node:65582) Warning: The 'NO_COLOR' env is ignored due to the 'FORCE_COLOR' env being set.
(Use `node --trace-warnings ...` to show where the warning was created)


(node:65581) Warning: The 'NO_COLOR' env is ignored due to the 'FORCE_COLOR' env being set.
(Use `node --trace-warnings ...` to show where the warning was created)
[1A[2K(node:65581) Warning: The 'NO_COLOR' env is ignored due to the 'FORCE_COLOR' env being set.
(Use `node --trace-warnings ...` to show where the warning was created)


(node:65582) Warning: The 'NO_COLOR' env is ignored due to the 'FORCE_COLOR' env being set.
(Use `node --trace-warnings ...` to show where the warning was created)
[1A[2K(node:65582) Warning: The 'NO_COLOR' env is ignored due to the 'FORCE_COLOR' env being set.
(Use `node --trace-warnings ...` to show where the warning was created)


[1A[2K[289/333] [mobile] › tests/game/story-generation.spec.ts:242:7 › story-generation — NBA @smoke › blowout: no banned phrases, valid word/sentence counts
[1A[2K[290/333] [mobile] › tests/game/story-generation.spec.ts:326:7 › story API — validation contract @smoke › returns 400 for missing required fields
  ✘  289 [mobile] › tests/game/story-generation.spec.ts:242:7 › story-generation — NBA @smoke › blowout: no banned phrases, valid word/sentence counts (27ms)
[1A[2K  76) [mobile] › tests/game/story-generation.spec.ts:242:7 › story-generation — NBA @smoke › blowout: no banned phrases, valid word/sentence counts 

    Error: Unexpected 401 for {"sport":"NBA","homeTeam":"Bucks","awayTeam":"Pistons","homeScore":128,"awayScore":94,"playerStats":[{"team":"Bucks","playerName":"Giannis Antetokounmpo","points":42,"rebounds":14,"assists":6,"rawStats":{}},{"team":"Bucks","playerName":"Khris Middleton","points":31,"rebounds":6,"assists":4,"rawStats":{}}],"plays":[{"playIndex":1,"quarter":1,"homeScore":12,"awayScore":4,"scoreChanged":true,"pointsScored":8,"periodLabel":"Q1"},{"playIndex":2,"quarter":2,"homeScore":38,"awayScore":14,"scoreChanged":true,"pointsScored":10,"periodLabel":"Q2"},{"playIndex":3,"quarter":3,"homeScore":80,"awayScore":50,"scoreChanged":true,"pointsScored":8,"periodLabel":"Q3"},{"playIndex":4,"quarter":4,"homeScore":128,"awayScore":94,"scoreChanged":true,"pointsScored":6,"periodLabel":"Q4"}]}

    [2mexpect([22m[31mreceived[39m[2m).[22mtoBe[2m([22m[32mexpected[39m[2m) // Object.is equality[22m

    Expected: [32mtrue[39m
    Received: [31mfalse[39m

      214 |   }
      215 |
    > 216 |   expect(res.ok(), `Unexpected ${res.status()} for ${JSON.stringify(box)}`).toBe(true);
          |                                                                             ^
      217 |   return (await res.json()) as StoryResponse;
      218 | }
      219 |
        at postStory (/Users/michaelfuscoletti/Desktop/scroll-down-web/web/tests/game/story-generation.spec.ts:216:77)
        at /Users/michaelfuscoletti/Desktop/scroll-down-web/web/tests/game/story-generation.spec.ts:243:20

    Error Context: test-results/game-story-generation-stor-774e4--valid-word-sentence-counts-mobile/error-context.md


  ✘  290 [mobile] › tests/game/story-generation.spec.ts:326:7 › story API — validation contract @smoke › returns 400 for missing required fields (27ms)
[1A[2K  77) [mobile] › tests/game/story-generation.spec.ts:326:7 › story API — validation contract @smoke › returns 400 for missing required fields 

    Error: [2mexpect([22m[31mreceived[39m[2m).[22mtoBe[2m([22m[32mexpected[39m[2m) // Object.is equality[22m

    Expected: [32m400[39m
    Received: [31m401[39m

      326 |   test("returns 400 for missing required fields", async ({ request }) => {
      327 |     const res = await request.post(ENDPOINT, { data: { sport: "NBA" } });
    > 328 |     expect(res.status()).toBe(400);
          |                          ^
      329 |   });
      330 |
      331 |   test("returns 503 or a valid story structure", async ({ request }) => {
        at /Users/michaelfuscoletti/Desktop/scroll-down-web/web/tests/game/story-generation.spec.ts:328:26

    Error Context: test-results/game-story-generation-stor-68682-for-missing-required-fields-mobile/error-context.md


(node:65594) Warning: The 'NO_COLOR' env is ignored due to the 'FORCE_COLOR' env being set.
(Use `node --trace-warnings ...` to show where the warning was created)
[1A[2K(node:65594) Warning: The 'NO_COLOR' env is ignored due to the 'FORCE_COLOR' env being set.
(Use `node --trace-warnings ...` to show where the warning was created)


(node:65595) Warning: The 'NO_COLOR' env is ignored due to the 'FORCE_COLOR' env being set.
(Use `node --trace-warnings ...` to show where the warning was created)
[1A[2K(node:65595) Warning: The 'NO_COLOR' env is ignored due to the 'FORCE_COLOR' env being set.
(Use `node --trace-warnings ...` to show where the warning was created)


(node:65594) Warning: The 'NO_COLOR' env is ignored due to the 'FORCE_COLOR' env being set.
(Use `node --trace-warnings ...` to show where the warning was created)
[1A[2K(node:65594) Warning: The 'NO_COLOR' env is ignored due to the 'FORCE_COLOR' env being set.
(Use `node --trace-warnings ...` to show where the warning was created)


(node:65595) Warning: The 'NO_COLOR' env is ignored due to the 'FORCE_COLOR' env being set.
(Use `node --trace-warnings ...` to show where the warning was created)
[1A[2K(node:65595) Warning: The 'NO_COLOR' env is ignored due to the 'FORCE_COLOR' env being set.
(Use `node --trace-warnings ...` to show where the warning was created)


[1A[2K[291/333] [mobile] › tests/game/story-generation.spec.ts:331:7 › story API — validation contract @smoke › returns 503 or a valid story structure
[1A[2K[292/333] [mobile] › tests/game/story-section.spec.ts:19:7 › story-feedback API @smoke › accepts valid up vote
  ✘  291 [mobile] › tests/game/story-generation.spec.ts:331:7 › story API — validation contract @smoke › returns 503 or a valid story structure (27ms)
[1A[2K  78) [mobile] › tests/game/story-generation.spec.ts:331:7 › story API — validation contract @smoke › returns 503 or a valid story structure 

    Error: [2mexpect([22m[31mreceived[39m[2m).[22mtoContain[2m([22m[32mexpected[39m[2m) // indexOf[22m

    Expected value: [32m401[39m
    Received array: [31m[200, 503][39m

      331 |   test("returns 503 or a valid story structure", async ({ request }) => {
      332 |     const res = await request.post(ENDPOINT, { data: NBA_COMEBACK });
    > 333 |     expect([200, 503]).toContain(res.status());
          |                        ^
      334 |     if (res.status() === 200) {
      335 |       const body = (await res.json()) as Record<string, unknown>;
      336 |       expect(typeof body.story).toBe("string");
        at /Users/michaelfuscoletti/Desktop/scroll-down-web/web/tests/game/story-generation.spec.ts:333:24

    Error Context: test-results/game-story-generation-stor-84849--or-a-valid-story-structure-mobile/error-context.md


  ✓  292 [mobile] › tests/game/story-section.spec.ts:19:7 › story-feedback API @smoke › accepts valid up vote (29ms)
[1A[2K[293/333] [mobile] › tests/game/story-section.spec.ts:37:7 › story-feedback API @smoke › rejects missing storyId
  ✓  293 [mobile] › tests/game/story-section.spec.ts:37:7 › story-feedback API @smoke › rejects missing storyId (9ms)
[1A[2K[294/333] [mobile] › tests/game/story-section.spec.ts:42:7 › story-feedback API @smoke › rejects invalid vote value
  ✓  294 [mobile] › tests/game/story-section.spec.ts:42:7 › story-feedback API @smoke › rejects invalid vote value (9ms)
[1A[2K[295/333] [mobile] › tests/game/story-section.spec.ts:50:7 › story-feedback API @smoke › rejects invalid JSON
  ✓  295 [mobile] › tests/game/story-section.spec.ts:50:7 › story-feedback API @smoke › rejects invalid JSON (9ms)
[1A[2K[296/333] [mobile] › tests/game/story-section.spec.ts:62:7 › story section — quality gate @smoke › game-story-section absent when STORY_QUALITY_GATE=true (default)
(node:65609) Warning: The 'NO_COLOR' env is ignored due to the 'FORCE_COLOR' env being set.
(Use `node --trace-warnings ...` to show where the warning was created)
[1A[2K(node:65609) Warning: The 'NO_COLOR' env is ignored due to the 'FORCE_COLOR' env being set.
(Use `node --trace-warnings ...` to show where the warning was created)


(node:65609) Warning: The 'NO_COLOR' env is ignored due to the 'FORCE_COLOR' env being set.
(Use `node --trace-warnings ...` to show where the warning was created)
[1A[2K(node:65609) Warning: The 'NO_COLOR' env is ignored due to the 'FORCE_COLOR' env being set.
(Use `node --trace-warnings ...` to show where the warning was created)


[1A[2K[297/333] [mobile] › tests/game/story-section.spec.ts:28:7 › story-feedback API @smoke › accepts valid down vote
  ✓  297 [mobile] › tests/game/story-section.spec.ts:28:7 › story-feedback API @smoke › accepts valid down vote (597ms)
[1A[2K[298/333] [mobile] › tests/home/reveal-persistence.spec.ts:145:7 › Reveal state — persistence and mode transitions @smoke › reveal persists after page reload @smoke
  ✓  296 [mobile] › tests/game/story-section.spec.ts:62:7 › story section — quality gate @smoke › game-story-section absent when STORY_QUALITY_GATE=true (default) (3.1s)
[1A[2K[299/333] [mobile] › tests/home/reveal-persistence.spec.ts:182:7 › Reveal state — persistence and mode transitions @smoke › reveal persists after new browser context (tab close/reopen)
  -  260 [mobile] › tests/game/ai-story-e2e.spec.ts:147:7 › AI game story — graceful degradation on 5xx @smoke › play-by-play timeline accessible when AI story API unavailable
[1A[2K[300/333] [mobile] › tests/home/reveal-persistence.spec.ts:233:7 › Reveal state — persistence and mode transitions @smoke › Following Live mode — scores visible without reveal @smoke
  -  265 [mobile] › tests/game/detail.spec.ts:224:7 › Game Detail Page › social reaction sections are not visible for non-admin users @smoke
[1A[2K[301/333] [mobile] › tests/home/reveal-persistence.spec.ts:263:7 › Reveal state — persistence and mode transitions @smoke › disabling Following Live re-hides unrevealed game scores
  -  280 [mobile] › tests/game/player-stats.spec.ts:16:7 › Player Stats — headline and expansion › player-stats-table is visible and shows team title when player data exists @smoke
[1A[2K[302/333] [mobile] › tests/home/reveal-persistence.spec.ts:302:7 › Reveal state — persistence and mode transitions @smoke › Following Live banner Turn off re-hides scores @smoke
  -  298 [mobile] › tests/home/reveal-persistence.spec.ts:145:7 › Reveal state — persistence and mode transitions @smoke › reveal persists after page reload @smoke
[1A[2K[303/333] [mobile] › tests/home/reveal-persistence.spec.ts:333:7 › Reveal state — persistence and mode transitions @smoke › UPDATE indicator shown when score changed after reveal snapshot
  -  299 [mobile] › tests/home/reveal-persistence.spec.ts:182:7 › Reveal state — persistence and mode transitions @smoke › reveal persists after new browser context (tab close/reopen)
[1A[2K[304/333] [mobile] › tests/mobile/responsive.spec.ts:6:7 › Mobile Responsive Layout › BottomTabs nav is visible at mobile width @smoke
  ✓  304 [mobile] › tests/mobile/responsive.spec.ts:6:7 › Mobile Responsive Layout › BottomTabs nav is visible at mobile width @smoke (468ms)
[1A[2K[305/333] [mobile] › tests/mobile/responsive.spec.ts:55:7 › Mobile Responsive Layout › Login page form is usable at mobile width @smoke
  ✓  305 [mobile] › tests/mobile/responsive.spec.ts:55:7 › Mobile Responsive Layout › Login page form is usable at mobile width @smoke (418ms)
[1A[2K[306/333] [mobile] › tests/nav/degraded-banner.spec.ts:9:7 › Degraded banner › does not show when health endpoint returns ok @smoke
  ✓  306 [mobile] › tests/nav/degraded-banner.spec.ts:9:7 › Degraded banner › does not show when health endpoint returns ok @smoke (682ms)
[1A[2K[307/333] [mobile] › tests/nav/degraded-banner.spec.ts:24:7 › Degraded banner › shows banner with trust-preserving copy after threshold failures @smoke
  -  300 [mobile] › tests/home/reveal-persistence.spec.ts:233:7 › Reveal state — persistence and mode transitions @smoke › Following Live mode — scores visible without reveal @smoke
[1A[2K[308/333] [mobile] › tests/nav/nav-visibility.spec.ts:4:7 › Nav visibility @smoke › logged-out user sees exactly Games and FairBet nav links
  -  307 [mobile] › tests/nav/degraded-banner.spec.ts:24:7 › Degraded banner › shows banner with trust-preserving copy after threshold failures @smoke
[1A[2K[309/333] [mobile] › tests/performance/load-times.spec.ts:4:7 › Page Load Performance › Home page loads within 5 seconds @smoke
  ✓  309 [mobile] › tests/performance/load-times.spec.ts:4:7 › Page Load Performance › Home page loads within 5 seconds @smoke (468ms)
[1A[2K[310/333] [mobile] › tests/performance/load-times.spec.ts:38:7 › Page Load Performance › Navigation between pages is fast @smoke
  ✓  310 [mobile] › tests/performance/load-times.spec.ts:38:7 › Page Load Performance › Navigation between pages is fast @smoke (731ms)
[1A[2K[311/333] [mobile] › tests/pwa/install-and-offline.spec.ts:21:7 › PWA install prompt › does not appear on first session @smoke
  ✓  311 [mobile] › tests/pwa/install-and-offline.spec.ts:21:7 › PWA install prompt › does not appear on first session @smoke (433ms)
[1A[2K[312/333] [mobile] › tests/pwa/install-and-offline.spec.ts:37:7 › PWA install prompt › appears on second session when beforeinstallprompt fires @smoke
  -  301 [mobile] › tests/home/reveal-persistence.spec.ts:263:7 › Reveal state — persistence and mode transitions @smoke › disabling Following Live re-hides unrevealed game scores
[1A[2K[313/333] [mobile] › tests/pwa/install-and-offline.spec.ts:120:7 › Offline banner › appears when connection is lost @smoke
  ✓  313 [mobile] › tests/pwa/install-and-offline.spec.ts:120:7 › Offline banner › appears when connection is lost @smoke (447ms)
[1A[2K[314/333] [mobile] › tests/pwa/install-and-offline.spec.ts:133:7 › Offline banner › auto-dismisses within 3s of reconnection @smoke
  -  302 [mobile] › tests/home/reveal-persistence.spec.ts:302:7 › Reveal state — persistence and mode transitions @smoke › Following Live banner Turn off re-hides scores @smoke
[1A[2K[315/333] [mobile] › tests/pwa/offline-scenarios.spec.ts:113:7 › PWA offline scenarios @smoke › game list renders from SW cache when API requests are blocked @smoke
  ✘  312 [mobile] › tests/pwa/install-and-offline.spec.ts:37:7 › PWA install prompt › appears on second session when beforeinstallprompt fires @smoke (3.8s)
[1A[2K  79) [mobile] › tests/pwa/install-and-offline.spec.ts:37:7 › PWA install prompt › appears on second session when beforeinstallprompt fires @smoke 

    Error: [2mexpect([22m[31mlocator[39m[2m).[22mtoBeVisible[2m([22m[2m)[22m failed

    Locator: getByTestId('pwa-install-prompt')
    Expected: visible
    Timeout: 3000ms
    Error: element(s) not found

    Call log:
    [2m  - Expect "toBeVisible" with timeout 3000ms[22m
    [2m  - waiting for getByTestId('pwa-install-prompt')[22m


      50 |
      51 |     const prompt = page.getByTestId("pwa-install-prompt");
    > 52 |     await expect(prompt).toBeVisible({ timeout: 3_000 });
         |                          ^
      53 |   });
      54 |
      55 |   test("dismiss persists — prompt never reappears", async ({ page }) => {
        at /Users/michaelfuscoletti/Desktop/scroll-down-web/web/tests/pwa/install-and-offline.spec.ts:52:26

    attachment #1: screenshot (image/png) ──────────────────────────────────────────────────────────
    test-results/pwa-install-and-offline-PW-391e7-reinstallprompt-fires-smoke-mobile/test-failed-1.png
    ────────────────────────────────────────────────────────────────────────────────────────────────

    attachment #2: video (video/webm) ──────────────────────────────────────────────────────────────
    test-results/pwa-install-and-offline-PW-391e7-reinstallprompt-fires-smoke-mobile/video.webm
    ────────────────────────────────────────────────────────────────────────────────────────────────

    Error Context: test-results/pwa-install-and-offline-PW-391e7-reinstallprompt-fires-smoke-mobile/error-context.md


(node:66135) Warning: The 'NO_COLOR' env is ignored due to the 'FORCE_COLOR' env being set.
(Use `node --trace-warnings ...` to show where the warning was created)
[1A[2K(node:66135) Warning: The 'NO_COLOR' env is ignored due to the 'FORCE_COLOR' env being set.
(Use `node --trace-warnings ...` to show where the warning was created)


(node:66135) Warning: The 'NO_COLOR' env is ignored due to the 'FORCE_COLOR' env being set.
(Use `node --trace-warnings ...` to show where the warning was created)
[1A[2K(node:66135) Warning: The 'NO_COLOR' env is ignored due to the 'FORCE_COLOR' env being set.
(Use `node --trace-warnings ...` to show where the warning was created)


[1A[2K[316/333] [mobile] › tests/pwa/offline-scenarios.spec.ts:160:7 › PWA offline scenarios @smoke › reveal state persists after offline route-block and reconnect @smoke
  ✓  316 [mobile] › tests/pwa/offline-scenarios.spec.ts:160:7 › PWA offline scenarios @smoke › reveal state persists after offline route-block and reconnect @smoke (1.7s)
[1A[2K[317/333] [mobile] › tests/pwa/offline-scenarios.spec.ts:201:7 › PWA offline scenarios @smoke › offline banner appears within 2s of route block and auto-dismisses within 3s of unblock @smoke
  ✘  314 [mobile] › tests/pwa/install-and-offline.spec.ts:133:7 › Offline banner › auto-dismisses within 3s of reconnection @smoke (4.5s)
[1A[2K  80) [mobile] › tests/pwa/install-and-offline.spec.ts:133:7 › Offline banner › auto-dismisses within 3s of reconnection @smoke 

    Error: [2mexpect([22m[31mlocator[39m[2m).not.[22mtoBeVisible[2m([22m[2m)[22m failed

    Locator:  getByTestId('offline-banner')
    Expected: not visible
    Received: visible
    Timeout:  4000ms

    Call log:
    [2m  - Expect "not toBeVisible" with timeout 4000ms[22m
    [2m  - waiting for getByTestId('offline-banner')[22m
    [2m    8 × locator resolved to <div role="status" aria-live="polite" aria-atomic="true" data-testid="offline-banner" class="w-full bg-neutral-800 border-b border-neutral-700">…</div>[22m
    [2m      - unexpected value "visible"[22m


      148 |
      149 |     // Banner should disappear within 4s (3s auto-dismiss + margin)
    > 150 |     await expect(banner).not.toBeVisible({ timeout: 4_000 });
          |                              ^
      151 |   });
      152 |
      153 |   test("does not overlap reveal overlay or nav zones", async ({ page, context }) => {
        at /Users/michaelfuscoletti/Desktop/scroll-down-web/web/tests/pwa/install-and-offline.spec.ts:150:30

    attachment #1: screenshot (image/png) ──────────────────────────────────────────────────────────
    test-results/pwa-install-and-offline-Of-e2f8f-in-3s-of-reconnection-smoke-mobile/test-failed-1.png
    ────────────────────────────────────────────────────────────────────────────────────────────────

    attachment #2: video (video/webm) ──────────────────────────────────────────────────────────────
    test-results/pwa-install-and-offline-Of-e2f8f-in-3s-of-reconnection-smoke-mobile/video.webm
    ────────────────────────────────────────────────────────────────────────────────────────────────

    Error Context: test-results/pwa-install-and-offline-Of-e2f8f-in-3s-of-reconnection-smoke-mobile/error-context.md


(node:66204) Warning: The 'NO_COLOR' env is ignored due to the 'FORCE_COLOR' env being set.
(Use `node --trace-warnings ...` to show where the warning was created)
[1A[2K(node:66204) Warning: The 'NO_COLOR' env is ignored due to the 'FORCE_COLOR' env being set.
(Use `node --trace-warnings ...` to show where the warning was created)


(node:66204) Warning: The 'NO_COLOR' env is ignored due to the 'FORCE_COLOR' env being set.
(Use `node --trace-warnings ...` to show where the warning was created)
[1A[2K(node:66204) Warning: The 'NO_COLOR' env is ignored due to the 'FORCE_COLOR' env being set.
(Use `node --trace-warnings ...` to show where the warning was created)


[1A[2K[318/333] [mobile] › tests/pwa/offline-scenarios.spec.ts:231:7 › PWA offline scenarios @smoke › install prompt appears on simulated second session @smoke
  ✘  308 [mobile] › tests/nav/nav-visibility.spec.ts:4:7 › Nav visibility @smoke › logged-out user sees exactly Games and FairBet nav links (10.5s)
[1A[2K  81) [mobile] › tests/nav/nav-visibility.spec.ts:4:7 › Nav visibility @smoke › logged-out user sees exactly Games and FairBet nav links 

    Error: [2mexpect([22m[31mlocator[39m[2m).[22mtoBeVisible[2m([22m[2m)[22m failed

    Locator: locator('[data-testid=\'top-nav\'] nav').getByRole('link', { name: 'Games' })
    Expected: visible
    Timeout: 10000ms
    Error: element(s) not found

    Call log:
    [2m  - Expect "toBeVisible" with timeout 10000ms[22m
    [2m  - waiting for locator('[data-testid=\'top-nav\'] nav').getByRole('link', { name: 'Games' })[22m


       7 |     const links = nav.locator("a[href]").filter({ hasText: /^(Games|FairBet|Golf|Analytics|History)$/ });
       8 |     await expect(links).toHaveCount(2);
    >  9 |     await expect(nav.getByRole("link", { name: "Games" })).toBeVisible();
         |                                                            ^
      10 |     await expect(nav.getByRole("link", { name: "FairBet" })).toBeVisible();
      11 |   });
      12 | });
        at /Users/michaelfuscoletti/Desktop/scroll-down-web/web/tests/nav/nav-visibility.spec.ts:9:60

    attachment #1: screenshot (image/png) ──────────────────────────────────────────────────────────
    test-results/nav-nav-visibility-Nav-vis-cc73f-Games-and-FairBet-nav-links-mobile/test-failed-1.png
    ────────────────────────────────────────────────────────────────────────────────────────────────

    attachment #2: video (video/webm) ──────────────────────────────────────────────────────────────
    test-results/nav-nav-visibility-Nav-vis-cc73f-Games-and-FairBet-nav-links-mobile/video.webm
    ────────────────────────────────────────────────────────────────────────────────────────────────

    Error Context: test-results/nav-nav-visibility-Nav-vis-cc73f-Games-and-FairBet-nav-links-mobile/error-context.md


(node:66235) Warning: The 'NO_COLOR' env is ignored due to the 'FORCE_COLOR' env being set.
(Use `node --trace-warnings ...` to show where the warning was created)
[1A[2K(node:66235) Warning: The 'NO_COLOR' env is ignored due to the 'FORCE_COLOR' env being set.
(Use `node --trace-warnings ...` to show where the warning was created)


  -  303 [mobile] › tests/home/reveal-persistence.spec.ts:333:7 › Reveal state — persistence and mode transitions @smoke › UPDATE indicator shown when score changed after reveal snapshot
[1A[2K[319/333] [mobile] › tests/pwa/service-worker.spec.ts:35:7 › Service Worker › static assets served from cache on second visit @smoke
(node:66235) Warning: The 'NO_COLOR' env is ignored due to the 'FORCE_COLOR' env being set.
(Use `node --trace-warnings ...` to show where the warning was created)
[1A[2K(node:66235) Warning: The 'NO_COLOR' env is ignored due to the 'FORCE_COLOR' env being set.
(Use `node --trace-warnings ...` to show where the warning was created)


[1A[2K[320/333] [mobile] › tests/pwa/service-worker.spec.ts:7:7 › Service Worker › registers and activates on first load @smoke
  ✘  318 [mobile] › tests/pwa/offline-scenarios.spec.ts:231:7 › PWA offline scenarios @smoke › install prompt appears on simulated second session @smoke (3.9s)
[1A[2K  82) [mobile] › tests/pwa/offline-scenarios.spec.ts:231:7 › PWA offline scenarios @smoke › install prompt appears on simulated second session @smoke 

    Error: [2mexpect([22m[31mlocator[39m[2m).[22mtoBeVisible[2m([22m[2m)[22m failed

    Locator: getByTestId('pwa-install-prompt')
    Expected: visible
    Timeout: 3000ms
    Error: element(s) not found

    Call log:
    [2m  - Expect "toBeVisible" with timeout 3000ms[22m
    [2m  - waiting for getByTestId('pwa-install-prompt')[22m


      256 |
      257 |       const prompt = page.getByTestId("pwa-install-prompt");
    > 258 |       await expect(prompt).toBeVisible({ timeout: 3_000 });
          |                            ^
      259 |     },
      260 |   );
      261 | });
        at /Users/michaelfuscoletti/Desktop/scroll-down-web/web/tests/pwa/offline-scenarios.spec.ts:258:28

    attachment #1: screenshot (image/png) ──────────────────────────────────────────────────────────
    test-results/pwa-offline-scenarios-PWA--b903e-ulated-second-session-smoke-mobile/test-failed-1.png
    ────────────────────────────────────────────────────────────────────────────────────────────────

    attachment #2: video (video/webm) ──────────────────────────────────────────────────────────────
    test-results/pwa-offline-scenarios-PWA--b903e-ulated-second-session-smoke-mobile/video.webm
    ────────────────────────────────────────────────────────────────────────────────────────────────

    Error Context: test-results/pwa-offline-scenarios-PWA--b903e-ulated-second-session-smoke-mobile/error-context.md


(node:66285) Warning: The 'NO_COLOR' env is ignored due to the 'FORCE_COLOR' env being set.
(Use `node --trace-warnings ...` to show where the warning was created)
[1A[2K(node:66285) Warning: The 'NO_COLOR' env is ignored due to the 'FORCE_COLOR' env being set.
(Use `node --trace-warnings ...` to show where the warning was created)


(node:66285) Warning: The 'NO_COLOR' env is ignored due to the 'FORCE_COLOR' env being set.
(Use `node --trace-warnings ...` to show where the warning was created)
[1A[2K(node:66285) Warning: The 'NO_COLOR' env is ignored due to the 'FORCE_COLOR' env being set.
(Use `node --trace-warnings ...` to show where the warning was created)


  ✘  317 [mobile] › tests/pwa/offline-scenarios.spec.ts:201:7 › PWA offline scenarios @smoke › offline banner appears within 2s of route block and auto-dismisses within 3s of unblock @smoke (5.3s)
[1A[2K  83) [mobile] › tests/pwa/offline-scenarios.spec.ts:201:7 › PWA offline scenarios @smoke › offline banner appears within 2s of route block and auto-dismisses within 3s of unblock @smoke 

    Error: [2mexpect([22m[31mlocator[39m[2m).not.[22mtoBeVisible[2m([22m[2m)[22m failed

    Locator:  getByTestId('offline-banner')
    Expected: not visible
    Received: visible
    Timeout:  4000ms

    Call log:
    [2m  - Expect "not toBeVisible" with timeout 4000ms[22m
    [2m  - waiting for getByTestId('offline-banner')[22m
    [2m    8 × locator resolved to <div role="status" aria-live="polite" aria-atomic="true" data-testid="offline-banner" class="w-full bg-neutral-800 border-b border-neutral-700">…</div>[22m
    [2m      - unexpected value "visible"[22m


      223 |       // Banner auto-dismisses after PWA.OFFLINE_AUTO_DISMISS_MS (default 3 000 ms).
      224 |       // Allow an extra 1s margin for JS microtask scheduling.
    > 225 |       await expect(banner).not.toBeVisible({ timeout: 4_000 });
          |                                ^
      226 |     },
      227 |   );
      228 |
        at /Users/michaelfuscoletti/Desktop/scroll-down-web/web/tests/pwa/offline-scenarios.spec.ts:225:32

    attachment #1: screenshot (image/png) ──────────────────────────────────────────────────────────
    test-results/pwa-offline-scenarios-PWA--a4830--within-3s-of-unblock-smoke-mobile/test-failed-1.png
    ────────────────────────────────────────────────────────────────────────────────────────────────

    attachment #2: video (video/webm) ──────────────────────────────────────────────────────────────
    test-results/pwa-offline-scenarios-PWA--a4830--within-3s-of-unblock-smoke-mobile/video.webm
    ────────────────────────────────────────────────────────────────────────────────────────────────

    Error Context: test-results/pwa-offline-scenarios-PWA--a4830--within-3s-of-unblock-smoke-mobile/error-context.md


[1A[2K[321/333] [mobile] › tests/realtime/trust.spec.ts:10:7 › Tab visibility refresh › re-fetch fires after tab returns from >5s hide @smoke
(node:66297) Warning: The 'NO_COLOR' env is ignored due to the 'FORCE_COLOR' env being set.
(Use `node --trace-warnings ...` to show where the warning was created)
[1A[2K(node:66297) Warning: The 'NO_COLOR' env is ignored due to the 'FORCE_COLOR' env being set.
(Use `node --trace-warnings ...` to show where the warning was created)


(node:66297) Warning: The 'NO_COLOR' env is ignored due to the 'FORCE_COLOR' env being set.
(Use `node --trace-warnings ...` to show where the warning was created)
[1A[2K(node:66297) Warning: The 'NO_COLOR' env is ignored due to the 'FORCE_COLOR' env being set.
(Use `node --trace-warnings ...` to show where the warning was created)


[1A[2K[322/333] [mobile] › tests/realtime/trust.spec.ts:62:7 › Tab visibility refresh › page remains usable and shows data after visibility refresh @smoke
  -  321 [mobile] › tests/realtime/trust.spec.ts:10:7 › Tab visibility refresh › re-fetch fires after tab returns from >5s hide @smoke
[1A[2K[323/333] [mobile] › tests/realtime/trust.spec.ts:98:7 › Tab visibility refresh › short hide (<5s) does not show any error state @smoke
  ✓  323 [mobile] › tests/realtime/trust.spec.ts:98:7 › Tab visibility refresh › short hide (<5s) does not show any error state @smoke (2.0s)
[1A[2K[324/333] [mobile] › tests/realtime/trust.spec.ts:131:7 › Transport fallback visible behavior › page loads and shows data when WebSocket is unavailable @smoke
  ✓  324 [mobile] › tests/realtime/trust.spec.ts:131:7 › Transport fallback visible behavior › page loads and shows data when WebSocket is unavailable @smoke (997ms)
[1A[2K[325/333] [mobile] › tests/realtime/trust.spec.ts:214:7 › Transport fallback visible behavior › game rows still render when WS is blocked (HTTP fallback) @smoke
  -  322 [mobile] › tests/realtime/trust.spec.ts:62:7 › Tab visibility refresh › page remains usable and shows data after visibility refresh @smoke
[1A[2K[326/333] [mobile] › tests/realtime/trust.spec.ts:233:7 › Stale-data state UI (mocked) › freshness label absent immediately after load (data is fresh) @smoke
  ✘  315 [mobile] › tests/pwa/offline-scenarios.spec.ts:113:7 › PWA offline scenarios @smoke › game list renders from SW cache when API requests are blocked @smoke (30.1s)
[1A[2K  84) [mobile] › tests/pwa/offline-scenarios.spec.ts:113:7 › PWA offline scenarios @smoke › game list renders from SW cache when API requests are blocked @smoke 

    [31mTest timeout of 30000ms exceeded.[39m

    attachment #1: screenshot (image/png) ──────────────────────────────────────────────────────────
    test-results/pwa-offline-scenarios-PWA--6331b--requests-are-blocked-smoke-mobile/test-failed-2.png
    ────────────────────────────────────────────────────────────────────────────────────────────────

    attachment #2: screenshot (image/png) ──────────────────────────────────────────────────────────
    test-results/pwa-offline-scenarios-PWA--6331b--requests-are-blocked-smoke-mobile/test-failed-1.png
    ────────────────────────────────────────────────────────────────────────────────────────────────

    attachment #3: video (video/webm) ──────────────────────────────────────────────────────────────
    test-results/pwa-offline-scenarios-PWA--6331b--requests-are-blocked-smoke-mobile/video.webm
    ────────────────────────────────────────────────────────────────────────────────────────────────

    Error Context: test-results/pwa-offline-scenarios-PWA--6331b--requests-are-blocked-smoke-mobile/error-context.md


(node:66683) Warning: The 'NO_COLOR' env is ignored due to the 'FORCE_COLOR' env being set.
(Use `node --trace-warnings ...` to show where the warning was created)
[1A[2K(node:66683) Warning: The 'NO_COLOR' env is ignored due to the 'FORCE_COLOR' env being set.
(Use `node --trace-warnings ...` to show where the warning was created)


(node:66683) Warning: The 'NO_COLOR' env is ignored due to the 'FORCE_COLOR' env being set.
(Use `node --trace-warnings ...` to show where the warning was created)
[1A[2K(node:66683) Warning: The 'NO_COLOR' env is ignored due to the 'FORCE_COLOR' env being set.
(Use `node --trace-warnings ...` to show where the warning was created)


[1A[2K[327/333] [mobile] › tests/sync/reveal-sync.spec.ts:20:7 › Reveal sync API (ISSUE-062) › PUT reveal IDs appear in subsequent GET @smoke
  ✓  327 [mobile] › tests/sync/reveal-sync.spec.ts:20:7 › Reveal sync API (ISSUE-062) › PUT reveal IDs appear in subsequent GET @smoke (483ms)
[1A[2K[328/333] [mobile] › tests/sync/reveal-sync.spec.ts:46:7 › Reveal sync API (ISSUE-062) › PUT to same user merges additively @smoke
  ✓  328 [mobile] › tests/sync/reveal-sync.spec.ts:46:7 › Reveal sync API (ISSUE-062) › PUT to same user merges additively @smoke (37ms)
[1A[2K[329/333] [mobile] › tests/sync/reveal-sync.spec.ts:64:7 › Reveal sync API (ISSUE-062) › GET returns empty state for new Pro user @smoke
  ✓  329 [mobile] › tests/sync/reveal-sync.spec.ts:64:7 › Reveal sync API (ISSUE-062) › GET returns empty state for new Pro user @smoke (14ms)
[1A[2K[330/333] [mobile] › tests/sync/reveal-sync.spec.ts:76:7 › Reveal sync API (ISSUE-062) › free user GET returns 403 @smoke
  ✓  330 [mobile] › tests/sync/reveal-sync.spec.ts:76:7 › Reveal sync API (ISSUE-062) › free user GET returns 403 @smoke (13ms)
[1A[2K[331/333] [mobile] › tests/sync/reveal-sync.spec.ts:83:7 › Reveal sync API (ISSUE-062) › free user PUT returns 403 @smoke
  ✓  331 [mobile] › tests/sync/reveal-sync.spec.ts:83:7 › Reveal sync API (ISSUE-062) › free user PUT returns 403 @smoke (10ms)
[1A[2K[332/333] [mobile] › tests/sync/reveal-sync.spec.ts:134:7 › Reveal sync client (ISSUE-062) › remote reveal IDs are merged into local reveal state on load @smoke
  ✓  332 [mobile] › tests/sync/reveal-sync.spec.ts:134:7 › Reveal sync client (ISSUE-062) › remote reveal IDs are merged into local reveal state on load @smoke (2.0s)
[1A[2K[333/333] [mobile] › tests/sync/reveal-sync.spec.ts:206:7 › Reveal sync client (ISSUE-062) › local reveal triggers PUT to /api/sync/reveal for Pro user @smoke
  -  325 [mobile] › tests/realtime/trust.spec.ts:214:7 › Transport fallback visible behavior › game rows still render when WS is blocked (HTTP fallback) @smoke
  ✘  319 [mobile] › tests/pwa/service-worker.spec.ts:35:7 › Service Worker › static assets served from cache on second visit @smoke (30.0s)
[1A[2K  85) [mobile] › tests/pwa/service-worker.spec.ts:35:7 › Service Worker › static assets served from cache on second visit @smoke 

    [31mTest timeout of 30000ms exceeded.[39m

    Error: page.goto: Target page, context or browser has been closed

      68 |     });
      69 |
    > 70 |     await page.goto("/");
         |                ^
      71 |     await page.waitForLoadState("networkidle");
      72 |
      73 |     // After second visit, static assets may come from SW cache.
        at /Users/michaelfuscoletti/Desktop/scroll-down-web/web/tests/pwa/service-worker.spec.ts:70:16

    attachment #1: screenshot (image/png) ──────────────────────────────────────────────────────────
    test-results/pwa-service-worker-Service-ee8aa-cache-on-second-visit-smoke-mobile/test-failed-1.png
    ────────────────────────────────────────────────────────────────────────────────────────────────

    Error Context: test-results/pwa-service-worker-Service-ee8aa-cache-on-second-visit-smoke-mobile/error-context.md


  ✘  320 [mobile] › tests/pwa/service-worker.spec.ts:7:7 › Service Worker › registers and activates on first load @smoke (30.1s)
[1A[2K  86) [mobile] › tests/pwa/service-worker.spec.ts:7:7 › Service Worker › registers and activates on first load @smoke 

    [31mTest timeout of 30000ms exceeded.[39m

    Error: page.evaluate: Target page, context or browser has been closed

      19 |     if (!controlled) {
      20 |       // SW may still be activating — check registration at least succeeded
    > 21 |       const registered = await page.evaluate(async () => {
         |                                     ^
      22 |         const reg = await navigator.serviceWorker.getRegistration("/");
      23 |         return reg !== undefined;
      24 |       });
        at /Users/michaelfuscoletti/Desktop/scroll-down-web/web/tests/pwa/service-worker.spec.ts:21:37

    attachment #1: screenshot (image/png) ──────────────────────────────────────────────────────────
    test-results/pwa-service-worker-Service-46fe7-tivates-on-first-load-smoke-mobile/test-failed-1.png
    ────────────────────────────────────────────────────────────────────────────────────────────────

    attachment #2: video (video/webm) ──────────────────────────────────────────────────────────────
    test-results/pwa-service-worker-Service-46fe7-tivates-on-first-load-smoke-mobile/video.webm
    ────────────────────────────────────────────────────────────────────────────────────────────────

    Error Context: test-results/pwa-service-worker-Service-46fe7-tivates-on-first-load-smoke-mobile/error-context.md


  ✓  333 [mobile] › tests/sync/reveal-sync.spec.ts:206:7 › Reveal sync client (ISSUE-062) › local reveal triggers PUT to /api/sync/reveal for Pro user @smoke (3.8s)
  -  326 [mobile] › tests/realtime/trust.spec.ts:233:7 › Stale-data state UI (mocked) › freshness label absent immediately after load (data is fresh) @smoke


  1) [chromium] › tests/account.spec.ts:16:7 › Account page › unauthenticated user is redirected to /login @smoke 

    TimeoutError: page.waitForURL: Timeout 10000ms exceeded.
    =========================== logs ===========================
    waiting for navigation until "load"
    ============================================================

      17 |     // Navigate without any session cookie
      18 |     await page.goto("/account");
    > 19 |     await page.waitForURL(/\/login/, { timeout: 10_000 });
         |                ^
      20 |     await expect(page).toHaveURL(/\/login/);
      21 |   });
      22 |
        at /Users/michaelfuscoletti/Desktop/scroll-down-web/web/tests/account.spec.ts:19:16

    attachment #1: screenshot (image/png) ──────────────────────────────────────────────────────────
    test-results/account-Account-page-unaut-c56a5-s-redirected-to-login-smoke-chromium/test-failed-1.png
    ────────────────────────────────────────────────────────────────────────────────────────────────

    attachment #2: video (video/webm) ──────────────────────────────────────────────────────────────
    test-results/account-Account-page-unaut-c56a5-s-redirected-to-login-smoke-chromium/video.webm
    ────────────────────────────────────────────────────────────────────────────────────────────────

    Error Context: test-results/account-Account-page-unaut-c56a5-s-redirected-to-login-smoke-chromium/error-context.md

  2) [chromium] › tests/account.spec.ts:25:7 › Account page › free user sees plan label and upgrade CTA @smoke 

    TimeoutError: page.waitForURL: Timeout 10000ms exceeded.
    =========================== logs ===========================
    waiting for navigation until "load"
    ============================================================

      26 |     // Use ?tier=free dev override to simulate free session via session mock
      27 |     await page.goto("/account");
    > 28 |     await page.waitForURL(/\/login/, { timeout: 10_000 });
         |                ^
      29 |     // Without a session we land on login — the redirect is the acceptance criteria
      30 |     await expect(page).toHaveURL(/\/login/);
      31 |   });
        at /Users/michaelfuscoletti/Desktop/scroll-down-web/web/tests/account.spec.ts:28:16

    attachment #1: screenshot (image/png) ──────────────────────────────────────────────────────────
    test-results/account-Account-page-free--22ccd-label-and-upgrade-CTA-smoke-chromium/test-failed-1.png
    ────────────────────────────────────────────────────────────────────────────────────────────────

    attachment #2: video (video/webm) ──────────────────────────────────────────────────────────────
    test-results/account-Account-page-free--22ccd-label-and-upgrade-CTA-smoke-chromium/video.webm
    ────────────────────────────────────────────────────────────────────────────────────────────────

    Error Context: test-results/account-Account-page-free--22ccd-label-and-upgrade-CTA-smoke-chromium/error-context.md

  3) [chromium] › tests/account.spec.ts:33:7 › Account page › free user sees Free plan label when billing/info returns free tier @smoke 

    TimeoutError: page.waitForSelector: Timeout 10000ms exceeded.
    Call log:
    [2m  - waiting for locator('[data-testid=\'account-page\']') to be visible[22m


      58 |
      59 |     await page.goto("/account");
    > 60 |     await page.waitForSelector("[data-testid='account-page']", { timeout: 10_000 });
         |                ^
      61 |
      62 |     const planLabel = page.locator("[data-testid='account-plan-label']");
      63 |     await expect(planLabel).toBeVisible();
        at /Users/michaelfuscoletti/Desktop/scroll-down-web/web/tests/account.spec.ts:60:16

    attachment #1: screenshot (image/png) ──────────────────────────────────────────────────────────
    test-results/account-Account-page-free--66449-nfo-returns-free-tier-smoke-chromium/test-failed-1.png
    ────────────────────────────────────────────────────────────────────────────────────────────────

    attachment #2: video (video/webm) ──────────────────────────────────────────────────────────────
    test-results/account-Account-page-free--66449-nfo-returns-free-tier-smoke-chromium/video.webm
    ────────────────────────────────────────────────────────────────────────────────────────────────

    Error Context: test-results/account-Account-page-free--66449-nfo-returns-free-tier-smoke-chromium/error-context.md

  4) [chromium] › tests/account.spec.ts:75:7 › Account page › pro user sees Pro plan, billing date, and manage button @smoke 

    TimeoutError: page.waitForSelector: Timeout 10000ms exceeded.
    Call log:
    [2m  - waiting for locator('[data-testid=\'account-page\']') to be visible[22m


      101 |
      102 |     await page.goto("/account");
    > 103 |     await page.waitForSelector("[data-testid='account-page']", { timeout: 10_000 });
          |                ^
      104 |
      105 |     const planLabel = page.locator("[data-testid='account-plan-label']");
      106 |     await expect(planLabel).toBeVisible();
        at /Users/michaelfuscoletti/Desktop/scroll-down-web/web/tests/account.spec.ts:103:16

    attachment #1: screenshot (image/png) ──────────────────────────────────────────────────────────
    test-results/account-Account-page-pro-u-24dae-ate-and-manage-button-smoke-chromium/test-failed-1.png
    ────────────────────────────────────────────────────────────────────────────────────────────────

    attachment #2: video (video/webm) ──────────────────────────────────────────────────────────────
    test-results/account-Account-page-pro-u-24dae-ate-and-manage-button-smoke-chromium/video.webm
    ────────────────────────────────────────────────────────────────────────────────────────────────

    Error Context: test-results/account-Account-page-pro-u-24dae-ate-and-manage-button-smoke-chromium/error-context.md

  5) [chromium] › tests/account.spec.ts:122:7 › Account page › nav avatar links to /account for authenticated users @smoke 

    [31mTest timeout of 30000ms exceeded.[39m

    Error: locator.getAttribute: Test timeout of 30000ms exceeded.
    Call log:
    [2m  - waiting for locator('[data-testid=\'nav-account-link\']')[22m


      155 |     const navLink = page.locator("[data-testid='nav-account-link']");
      156 |     // Avatar only visible on md+ screens; use force option on smaller viewports
    > 157 |     const href = await navLink.getAttribute("href");
          |                                ^
      158 |     expect(href).toBe("/account");
      159 |   });
      160 | });
        at /Users/michaelfuscoletti/Desktop/scroll-down-web/web/tests/account.spec.ts:157:32

    attachment #1: screenshot (image/png) ──────────────────────────────────────────────────────────
    test-results/account-Account-page-nav-a-5047f-r-authenticated-users-smoke-chromium/test-failed-1.png
    ────────────────────────────────────────────────────────────────────────────────────────────────

    attachment #2: video (video/webm) ──────────────────────────────────────────────────────────────
    test-results/account-Account-page-nav-a-5047f-r-authenticated-users-smoke-chromium/video.webm
    ────────────────────────────────────────────────────────────────────────────────────────────────

    Error Context: test-results/account-Account-page-nav-a-5047f-r-authenticated-users-smoke-chromium/error-context.md

  6) [chromium] › tests/analytics/navigation.spec.ts:12:7 › Analytics navigation @smoke › tab bar is visible on simulator page 

    Error: [2mexpect([22m[31mlocator[39m[2m).[22mtoBeVisible[2m([22m[2m)[22m failed

    Locator: getByRole('link', { name: 'Profiles' })
    Expected: visible
    Timeout: 10000ms
    Error: element(s) not found

    Call log:
    [2m  - Expect "toBeVisible" with timeout 10000ms[22m
    [2m  - waiting for getByRole('link', { name: 'Profiles' })[22m


      18 |     const profilesTab = authedPage.getByRole("link", { name: "Profiles" });
      19 |     await expect(simulatorTab).toBeVisible();
    > 20 |     await expect(profilesTab).toBeVisible();
         |                               ^
      21 |   });
      22 |
      23 |   test("simulator tab is active on simulator page", async ({ authedPage }) => {
        at /Users/michaelfuscoletti/Desktop/scroll-down-web/web/tests/analytics/navigation.spec.ts:20:31

    attachment #1: screenshot (image/png) ──────────────────────────────────────────────────────────
    test-results/analytics-navigation-Analy-4eaef-s-visible-on-simulator-page-chromium/test-failed-1.png
    ────────────────────────────────────────────────────────────────────────────────────────────────

    Error Context: test-results/analytics-navigation-Analy-4eaef-s-visible-on-simulator-page-chromium/error-context.md

  7) [chromium] › tests/analytics/navigation.spec.ts:31:7 › Analytics navigation @smoke › clicking Profiles tab navigates to profiles page 

    [31mTest timeout of 30000ms exceeded.[39m

    Error: locator.click: Target page, context or browser has been closed
    Call log:
    [2m  - waiting for getByRole('link', { name: 'Profiles' })[22m


      35 |     await waitForLoad(authedPage);
      36 |
    > 37 |     await authedPage.getByRole("link", { name: "Profiles" }).click();
         |                                                              ^
      38 |     await authedPage.waitForURL("/analytics/profiles", { timeout: 10_000 });
      39 |     expect(authedPage.url()).toContain("/analytics/profiles");
      40 |   });
        at /Users/michaelfuscoletti/Desktop/scroll-down-web/web/tests/analytics/navigation.spec.ts:37:62

    attachment #1: screenshot (image/png) ──────────────────────────────────────────────────────────
    test-results/analytics-navigation-Analy-68a3a--navigates-to-profiles-page-chromium/test-failed-1.png
    ────────────────────────────────────────────────────────────────────────────────────────────────

    Error Context: test-results/analytics-navigation-Analy-68a3a--navigates-to-profiles-page-chromium/error-context.md

  8) [chromium] › tests/analytics/navigation.spec.ts:71:7 › Analytics navigation @smoke › analytics landing links to forecasts and simulator 

    Error: [2mexpect([22m[31mlocator[39m[2m).[22mtoBeVisible[2m([22m[2m)[22m failed

    Locator: getByRole('link', { name: /Today's Forecasts/ })
    Expected: visible
    Timeout: 10000ms
    Error: element(s) not found

    Call log:
    [2m  - Expect "toBeVisible" with timeout 10000ms[22m
    [2m  - waiting for getByRole('link', { name: /Today's Forecasts/ })[22m


      74 |
      75 |     const forecastsCard = authedPage.getByRole("link", { name: /Today's Forecasts/ });
    > 76 |     await expect(forecastsCard).toBeVisible();
         |                                 ^
      77 |     await expect(forecastsCard).toHaveAttribute("href", "/analytics/forecasts");
      78 |
      79 |     const mlbCard = authedPage.getByRole("link", { name: /MLB Simulator/ });
        at /Users/michaelfuscoletti/Desktop/scroll-down-web/web/tests/analytics/navigation.spec.ts:76:33

    attachment #1: screenshot (image/png) ──────────────────────────────────────────────────────────
    test-results/analytics-navigation-Analy-c3f1c--to-forecasts-and-simulator-chromium/test-failed-1.png
    ────────────────────────────────────────────────────────────────────────────────────────────────

    Error Context: test-results/analytics-navigation-Analy-c3f1c--to-forecasts-and-simulator-chromium/error-context.md

  9) [chromium] › tests/auth/signup-login.spec.ts:45:7 › Sign Up › sign up with short password shows validation error @smoke 

    [31mTest timeout of 30000ms exceeded.[39m

    Error: locator.fill: Test timeout of 30000ms exceeded.
    Call log:
    [2m  - waiting for getByPlaceholder('Re-enter password')[22m


      48 |     await page.getByPlaceholder('you@example.com').fill(email);
      49 |     await page.getByPlaceholder('Min 8 characters').fill('short');
    > 50 |     await page.getByPlaceholder('Re-enter password').fill('short');
         |                                                      ^
      51 |     await page.locator('form button[type="submit"]').click();
      52 |
      53 |     await expect(page.getByText('Password must be at least 8 characters')).toBeVisible();
        at /Users/michaelfuscoletti/Desktop/scroll-down-web/web/tests/auth/signup-login.spec.ts:50:54

    attachment #1: screenshot (image/png) ──────────────────────────────────────────────────────────
    test-results/auth-signup-login-Sign-Up--e3e26-hows-validation-error-smoke-chromium/test-failed-1.png
    ────────────────────────────────────────────────────────────────────────────────────────────────

    attachment #2: video (video/webm) ──────────────────────────────────────────────────────────────
    test-results/auth-signup-login-Sign-Up--e3e26-hows-validation-error-smoke-chromium/video.webm
    ────────────────────────────────────────────────────────────────────────────────────────────────

    Error Context: test-results/auth-signup-login-Sign-Up--e3e26-hows-validation-error-smoke-chromium/error-context.md

  10) [chromium] › tests/auth/signup-login.spec.ts:56:7 › Sign Up › sign up with mismatched passwords shows error @smoke 

    [31mTest timeout of 30000ms exceeded.[39m

    Error: locator.fill: Test timeout of 30000ms exceeded.
    Call log:
    [2m  - waiting for getByPlaceholder('Re-enter password')[22m


      59 |     await page.getByPlaceholder('you@example.com').fill(email);
      60 |     await page.getByPlaceholder('Min 8 characters').fill('ValidPass123!');
    > 61 |     await page.getByPlaceholder('Re-enter password').fill('DifferentPass456!');
         |                                                      ^
      62 |     await page.locator('form button[type="submit"]').click();
      63 |
      64 |     await expect(page.getByText("Passwords don't match")).toBeVisible();
        at /Users/michaelfuscoletti/Desktop/scroll-down-web/web/tests/auth/signup-login.spec.ts:61:54

    attachment #1: screenshot (image/png) ──────────────────────────────────────────────────────────
    test-results/auth-signup-login-Sign-Up--d9fec-passwords-shows-error-smoke-chromium/test-failed-1.png
    ────────────────────────────────────────────────────────────────────────────────────────────────

    attachment #2: video (video/webm) ──────────────────────────────────────────────────────────────
    test-results/auth-signup-login-Sign-Up--d9fec-passwords-shows-error-smoke-chromium/video.webm
    ────────────────────────────────────────────────────────────────────────────────────────────────

    Error Context: test-results/auth-signup-login-Sign-Up--d9fec-passwords-shows-error-smoke-chromium/error-context.md

  11) [chromium] › tests/fairbet/odds.spec.ts:92:7 › FairBet Page - Odds › "How it works" button opens explainer @smoke 

    Error: [2mexpect([22m[31mlocator[39m[2m).[22mtoBeVisible[2m([22m[2m)[22m failed

    Locator: getByRole('heading', { name: 'How FairBet Works' })
    Expected: visible
    Timeout: 10000ms
    Error: element(s) not found

    Call log:
    [2m  - Expect "toBeVisible" with timeout 10000ms[22m
    [2m  - waiting for getByRole('heading', { name: 'How FairBet Works' })[22m


       97 |     await expect(
       98 |       page.getByRole("heading", { name: "How FairBet Works" })
    >  99 |     ).toBeVisible();
          |       ^
      100 |   });
      101 |
      102 |   test("bet cards render after loading or empty state shown", async ({ page }) => {
        at /Users/michaelfuscoletti/Desktop/scroll-down-web/web/tests/fairbet/odds.spec.ts:99:7

    attachment #1: screenshot (image/png) ──────────────────────────────────────────────────────────
    test-results/fairbet-odds-FairBet-Page--ef4b7-utton-opens-explainer-smoke-chromium/test-failed-1.png
    ────────────────────────────────────────────────────────────────────────────────────────────────

    attachment #2: video (video/webm) ──────────────────────────────────────────────────────────────
    test-results/fairbet-odds-FairBet-Page--ef4b7-utton-opens-explainer-smoke-chromium/video.webm
    ────────────────────────────────────────────────────────────────────────────────────────────────

    Error Context: test-results/fairbet-odds-FairBet-Page--ef4b7-utton-opens-explainer-smoke-chromium/error-context.md

  12) [chromium] › tests/fairbet/phase9.spec.ts:300:7 › History Pro Gate (ISSUE-058) › free user sees gate overlay with upgrade CTA on /history @smoke 

    Error: [2mexpect([22m[31mlocator[39m[2m).[22mtoBeVisible[2m([22m[2m)[22m failed

    Locator: locator('[data-testid=\'history-gate-overlay\']')
    Expected: visible
    Timeout: 5000ms
    Error: element(s) not found

    Call log:
    [2m  - Expect "toBeVisible" with timeout 5000ms[22m
    [2m  - waiting for locator('[data-testid=\'history-gate-overlay\']')[22m


      302 |     await waitForLoad(page);
      303 |
    > 304 |     await expect(page.locator("[data-testid='history-gate-overlay']")).toBeVisible({
          |                                                                        ^
      305 |       timeout: 5_000,
      306 |     });
      307 |     await expect(page.locator("[data-testid='history-gate-title']")).toBeVisible();
        at /Users/michaelfuscoletti/Desktop/scroll-down-web/web/tests/fairbet/phase9.spec.ts:304:72

    attachment #1: screenshot (image/png) ──────────────────────────────────────────────────────────
    test-results/fairbet-phase9-History-Pro-8c64c-pgrade-CTA-on-history-smoke-chromium/test-failed-1.png
    ────────────────────────────────────────────────────────────────────────────────────────────────

    attachment #2: video (video/webm) ──────────────────────────────────────────────────────────────
    test-results/fairbet-phase9-History-Pro-8c64c-pgrade-CTA-on-history-smoke-chromium/video.webm
    ────────────────────────────────────────────────────────────────────────────────────────────────

    Error Context: test-results/fairbet-phase9-History-Pro-8c64c-pgrade-CTA-on-history-smoke-chromium/error-context.md

  13) [chromium] › tests/fairbet/phase9.spec.ts:314:7 › History Pro Gate (ISSUE-058) › free user clicking upgrade CTA opens the pro gate sheet @smoke 

    Error: [2mexpect([22m[31mlocator[39m[2m).[22mtoBeVisible[2m([22m[2m)[22m failed

    Locator: locator('[data-testid=\'history-upgrade-cta\']')
    Expected: visible
    Timeout: 5000ms
    Error: element(s) not found

    Call log:
    [2m  - Expect "toBeVisible" with timeout 5000ms[22m
    [2m  - waiting for locator('[data-testid=\'history-upgrade-cta\']')[22m


      317 |
      318 |     const cta = page.locator("[data-testid='history-upgrade-cta']");
    > 319 |     await expect(cta).toBeVisible({ timeout: 5_000 });
          |                       ^
      320 |     await cta.click();
      321 |
      322 |     await expect(page.locator("[data-testid='pro-gate-sheet']")).toBeVisible({ timeout: 3_000 });
        at /Users/michaelfuscoletti/Desktop/scroll-down-web/web/tests/fairbet/phase9.spec.ts:319:23

    attachment #1: screenshot (image/png) ──────────────────────────────────────────────────────────
    test-results/fairbet-phase9-History-Pro-8e427-ns-the-pro-gate-sheet-smoke-chromium/test-failed-1.png
    ────────────────────────────────────────────────────────────────────────────────────────────────

    attachment #2: video (video/webm) ──────────────────────────────────────────────────────────────
    test-results/fairbet-phase9-History-Pro-8e427-ns-the-pro-gate-sheet-smoke-chromium/video.webm
    ────────────────────────────────────────────────────────────────────────────────────────────────

    Error Context: test-results/fairbet-phase9-History-Pro-8e427-ns-the-pro-gate-sheet-smoke-chromium/error-context.md

  14) [chromium] › tests/fairbet/phase9.spec.ts:328:7 › History Pro Gate (ISSUE-058) › pro user sees full history content without gate @smoke 

    Error: [2mexpect([22m[31mlocator[39m[2m).[22mtoBeVisible[2m([22m[2m)[22m failed

    Locator: locator('[data-testid=\'page-history\']')
    Expected: visible
    Timeout: 10000ms
    Error: element(s) not found

    Call log:
    [2m  - Expect "toBeVisible" with timeout 10000ms[22m
    [2m  - waiting for locator('[data-testid=\'page-history\']')[22m


      331 |
      332 |     await expect(page.locator("[data-testid='history-gate-overlay']")).not.toBeVisible();
    > 333 |     await expect(page.locator("[data-testid='page-history']")).toBeVisible({ timeout: 10_000 });
          |                                                                ^
      334 |   });
      335 |
      336 |   test("history API returns 403 pro_required for free tier requests @smoke", async ({
        at /Users/michaelfuscoletti/Desktop/scroll-down-web/web/tests/fairbet/phase9.spec.ts:333:64

    attachment #1: screenshot (image/png) ──────────────────────────────────────────────────────────
    test-results/fairbet-phase9-History-Pro-50531--content-without-gate-smoke-chromium/test-failed-1.png
    ────────────────────────────────────────────────────────────────────────────────────────────────

    attachment #2: video (video/webm) ──────────────────────────────────────────────────────────────
    test-results/fairbet-phase9-History-Pro-50531--content-without-gate-smoke-chromium/video.webm
    ────────────────────────────────────────────────────────────────────────────────────────────────

    Error Context: test-results/fairbet-phase9-History-Pro-50531--content-without-gate-smoke-chromium/error-context.md

  15) [chromium] › tests/fairbet/source-attribution.spec.ts:19:7 › FairBet - Source Attribution › each bet card has a source attribution line @smoke 

    [31mTest timeout of 30000ms exceeded.[39m

    attachment #1: screenshot (image/png) ──────────────────────────────────────────────────────────
    test-results/fairbet-source-attribution-f7a8a-urce-attribution-line-smoke-chromium/test-failed-1.png
    ────────────────────────────────────────────────────────────────────────────────────────────────

    attachment #2: video (video/webm) ──────────────────────────────────────────────────────────────
    test-results/fairbet-source-attribution-f7a8a-urce-attribution-line-smoke-chromium/video.webm
    ────────────────────────────────────────────────────────────────────────────────────────────────

    Error Context: test-results/fairbet-source-attribution-f7a8a-urce-attribution-line-smoke-chromium/error-context.md

  16) [chromium] › tests/fairbet.spec.ts:69:7 › FairBet E2E Suite › traffic-light tier badge present on at least one card @smoke 

    [31mTest timeout of 30000ms exceeded.[39m

    attachment #1: screenshot (image/png) ──────────────────────────────────────────────────────────
    test-results/fairbet-FairBet-E2E-Suite--38ac9--on-at-least-one-card-smoke-chromium/test-failed-1.png
    ────────────────────────────────────────────────────────────────────────────────────────────────

    attachment #2: video (video/webm) ──────────────────────────────────────────────────────────────
    test-results/fairbet-FairBet-E2E-Suite--38ac9--on-at-least-one-card-smoke-chromium/video.webm
    ────────────────────────────────────────────────────────────────────────────────────────────────

    Error Context: test-results/fairbet-FairBet-E2E-Suite--38ac9--on-at-least-one-card-smoke-chromium/error-context.md

  17) [chromium] › tests/fairbet.spec.ts:93:7 › FairBet E2E Suite › book chip row renders with at least one chip @smoke 

    [31mTest timeout of 30000ms exceeded.[39m

    attachment #1: screenshot (image/png) ──────────────────────────────────────────────────────────
    test-results/fairbet-FairBet-E2E-Suite--9c1ec-ith-at-least-one-chip-smoke-chromium/test-failed-1.png
    ────────────────────────────────────────────────────────────────────────────────────────────────

    attachment #2: video (video/webm) ──────────────────────────────────────────────────────────────
    test-results/fairbet-FairBet-E2E-Suite--9c1ec-ith-at-least-one-chip-smoke-chromium/video.webm
    ────────────────────────────────────────────────────────────────────────────────────────────────

    Error Context: test-results/fairbet-FairBet-E2E-Suite--9c1ec-ith-at-least-one-chip-smoke-chromium/error-context.md

  18) [chromium] › tests/fairbet.spec.ts:170:7 › FairBet E2E Suite › line-movement row is blurred for free users and unblurred for pro @smoke 

    [31mTest timeout of 30000ms exceeded.[39m

    attachment #1: screenshot (image/png) ──────────────────────────────────────────────────────────
    test-results/fairbet-FairBet-E2E-Suite--f2493-and-unblurred-for-pro-smoke-chromium/test-failed-1.png
    ────────────────────────────────────────────────────────────────────────────────────────────────

    attachment #2: video (video/webm) ──────────────────────────────────────────────────────────────
    test-results/fairbet-FairBet-E2E-Suite--f2493-and-unblurred-for-pro-smoke-chromium/video.webm
    ────────────────────────────────────────────────────────────────────────────────────────────────

    Error Context: test-results/fairbet-FairBet-E2E-Suite--f2493-and-unblurred-for-pro-smoke-chromium/error-context.md

  19) [chromium] › tests/fairbet.spec.ts:308:7 › FairBet E2E Suite › CLV: Log bet modal opens with book and odds pre-filled @smoke 

    [31mTest timeout of 30000ms exceeded.[39m

    attachment #1: screenshot (image/png) ──────────────────────────────────────────────────────────
    test-results/fairbet-FairBet-E2E-Suite--b20e9-k-and-odds-pre-filled-smoke-chromium/test-failed-1.png
    ────────────────────────────────────────────────────────────────────────────────────────────────

    attachment #2: video (video/webm) ──────────────────────────────────────────────────────────────
    test-results/fairbet-FairBet-E2E-Suite--b20e9-k-and-odds-pre-filled-smoke-chromium/video.webm
    ────────────────────────────────────────────────────────────────────────────────────────────────

    Error Context: test-results/fairbet-FairBet-E2E-Suite--b20e9-k-and-odds-pre-filled-smoke-chromium/error-context.md

  20) [chromium] › tests/fairbet.spec.ts:337:7 › FairBet E2E Suite › CLV: Log bet modal can confirm and modal closes @smoke 

    [31mTest timeout of 30000ms exceeded.[39m

    attachment #1: screenshot (image/png) ──────────────────────────────────────────────────────────
    test-results/fairbet-FairBet-E2E-Suite--38e5e-firm-and-modal-closes-smoke-chromium/test-failed-1.png
    ────────────────────────────────────────────────────────────────────────────────────────────────

    attachment #2: video (video/webm) ──────────────────────────────────────────────────────────────
    test-results/fairbet-FairBet-E2E-Suite--38e5e-firm-and-modal-closes-smoke-chromium/video.webm
    ────────────────────────────────────────────────────────────────────────────────────────────────

    Error Context: test-results/fairbet-FairBet-E2E-Suite--38e5e-firm-and-modal-closes-smoke-chromium/error-context.md

  21) [chromium] › tests/fairbet.spec.ts:364:7 › FairBet E2E Suite › CLV: free user does not see Log bet button @smoke 

    [31mTest timeout of 30000ms exceeded.[39m

    attachment #1: screenshot (image/png) ──────────────────────────────────────────────────────────
    test-results/fairbet-FairBet-E2E-Suite--8b665-ot-see-Log-bet-button-smoke-chromium/test-failed-1.png
    ────────────────────────────────────────────────────────────────────────────────────────────────

    attachment #2: video (video/webm) ──────────────────────────────────────────────────────────────
    test-results/fairbet-FairBet-E2E-Suite--8b665-ot-see-Log-bet-button-smoke-chromium/video.webm
    ────────────────────────────────────────────────────────────────────────────────────────────────

    Error Context: test-results/fairbet-FairBet-E2E-Suite--8b665-ot-see-Log-bet-button-smoke-chromium/error-context.md

  22) [chromium] › tests/freemium/billing.spec.ts:81:7 › GET /api/billing/portal › returns 404 when authenticated but no Stripe customer @smoke 

    Error: [2mexpect([22m[31mreceived[39m[2m).[22mtoBeTruthy[2m()[22m

    Received: [31mundefined[39m

      35 |   const cookies = await request.storageState();
      36 |   const session = cookies.cookies.find((c) => c.name === "sd-session");
    > 37 |   expect(session).toBeTruthy();
         |                   ^
      38 |   return session!.value;
      39 | }
      40 |
        at signInAs (/Users/michaelfuscoletti/Desktop/scroll-down-web/web/tests/freemium/billing.spec.ts:37:19)
        at /Users/michaelfuscoletti/Desktop/scroll-down-web/web/tests/freemium/billing.spec.ts:85:5

    Error Context: test-results/freemium-billing-GET-api-b-04c13-ut-no-Stripe-customer-smoke-chromium/error-context.md

  23) [chromium] › tests/freemium/billing.spec.ts:154:7 › ProGateSheet — checkout CTA › Upgrade to Pro button is present and not disabled when sheet is open @smoke 

    [31mTest timeout of 30000ms exceeded.[39m

    Error: page.waitForFunction: Test timeout of 30000ms exceeded.

       7 | async function waitForProGateTestHook(page: Page): Promise<void> {
       8 |   await waitForLoad(page);
    >  9 |   await page.waitForFunction(
         |              ^
      10 |     () =>
      11 |       typeof (window as unknown as { __openProGateSheet?: unknown }).__openProGateSheet ===
      12 |       "function",
        at waitForProGateTestHook (/Users/michaelfuscoletti/Desktop/scroll-down-web/web/tests/freemium/billing.spec.ts:9:14)
        at /Users/michaelfuscoletti/Desktop/scroll-down-web/web/tests/freemium/billing.spec.ts:158:5

    attachment #1: screenshot (image/png) ──────────────────────────────────────────────────────────
    test-results/freemium-billing-ProGateSh-a301c-ed-when-sheet-is-open-smoke-chromium/test-failed-1.png
    ────────────────────────────────────────────────────────────────────────────────────────────────

    attachment #2: video (video/webm) ──────────────────────────────────────────────────────────────
    test-results/freemium-billing-ProGateSh-a301c-ed-when-sheet-is-open-smoke-chromium/video.webm
    ────────────────────────────────────────────────────────────────────────────────────────────────

    Error Context: test-results/freemium-billing-ProGateSh-a301c-ed-when-sheet-is-open-smoke-chromium/error-context.md

  24) [chromium] › tests/freemium/billing.spec.ts:171:7 › ProGateSheet — checkout CTA › unauthenticated upgrade click redirects to /login @smoke 

    [31mTest timeout of 30000ms exceeded.[39m

    Error: page.waitForFunction: Test timeout of 30000ms exceeded.

       7 | async function waitForProGateTestHook(page: Page): Promise<void> {
       8 |   await waitForLoad(page);
    >  9 |   await page.waitForFunction(
         |              ^
      10 |     () =>
      11 |       typeof (window as unknown as { __openProGateSheet?: unknown }).__openProGateSheet ===
      12 |       "function",
        at waitForProGateTestHook (/Users/michaelfuscoletti/Desktop/scroll-down-web/web/tests/freemium/billing.spec.ts:9:14)
        at /Users/michaelfuscoletti/Desktop/scroll-down-web/web/tests/freemium/billing.spec.ts:175:5

    attachment #1: screenshot (image/png) ──────────────────────────────────────────────────────────
    test-results/freemium-billing-ProGateSh-1f685-ck-redirects-to-login-smoke-chromium/test-failed-1.png
    ────────────────────────────────────────────────────────────────────────────────────────────────

    attachment #2: video (video/webm) ──────────────────────────────────────────────────────────────
    test-results/freemium-billing-ProGateSh-1f685-ck-redirects-to-login-smoke-chromium/video.webm
    ────────────────────────────────────────────────────────────────────────────────────────────────

    Error Context: test-results/freemium-billing-ProGateSh-1f685-ck-redirects-to-login-smoke-chromium/error-context.md

  25) [chromium] › tests/freemium/pro-gate-sheet.spec.ts:19:7 › ProGateSheet — upgrade prompt › sheet opens and shows benefit copy for the requested feature @smoke 

    Error: page.evaluate: Error: __openProGateSheet not mounted
        at eval (eval at evaluate (:302:30), <anonymous>:3:20)
        at UtilityScript.evaluate (<anonymous>:304:16)
        at UtilityScript.<anonymous> (<anonymous>:1:44)
        at eval (eval at evaluate (:302:30), <anonymous>:3:20)
        at UtilityScript.evaluate (<anonymous>:304:16)
        at UtilityScript.<anonymous> (<anonymous>:1:44)
        at openSheet (/Users/michaelfuscoletti/Desktop/scroll-down-web/web/tests/freemium/pro-gate-sheet.spec.ts:7:14)
        at /Users/michaelfuscoletti/Desktop/scroll-down-web/web/tests/freemium/pro-gate-sheet.spec.ts:24:11

    attachment #1: screenshot (image/png) ──────────────────────────────────────────────────────────
    test-results/freemium-pro-gate-sheet-Pr-569fb-the-requested-feature-smoke-chromium/test-failed-1.png
    ────────────────────────────────────────────────────────────────────────────────────────────────

    attachment #2: video (video/webm) ──────────────────────────────────────────────────────────────
    test-results/freemium-pro-gate-sheet-Pr-569fb-the-requested-feature-smoke-chromium/video.webm
    ────────────────────────────────────────────────────────────────────────────────────────────────

    Error Context: test-results/freemium-pro-gate-sheet-Pr-569fb-the-requested-feature-smoke-chromium/error-context.md

  26) [chromium] › tests/freemium/pro-gate-sheet.spec.ts:36:7 › ProGateSheet — upgrade prompt › sheet displays monthly and annual pricing @smoke 

    Error: page.evaluate: Error: __openProGateSheet not mounted
        at eval (eval at evaluate (:302:30), <anonymous>:3:20)
        at UtilityScript.evaluate (<anonymous>:304:16)
        at UtilityScript.<anonymous> (<anonymous>:1:44)
        at eval (eval at evaluate (:302:30), <anonymous>:3:20)
        at UtilityScript.evaluate (<anonymous>:304:16)
        at UtilityScript.<anonymous> (<anonymous>:1:44)
        at openSheet (/Users/michaelfuscoletti/Desktop/scroll-down-web/web/tests/freemium/pro-gate-sheet.spec.ts:7:14)
        at /Users/michaelfuscoletti/Desktop/scroll-down-web/web/tests/freemium/pro-gate-sheet.spec.ts:38:11

    attachment #1: screenshot (image/png) ──────────────────────────────────────────────────────────
    test-results/freemium-pro-gate-sheet-Pr-69be7-ly-and-annual-pricing-smoke-chromium/test-failed-1.png
    ────────────────────────────────────────────────────────────────────────────────────────────────

    attachment #2: video (video/webm) ──────────────────────────────────────────────────────────────
    test-results/freemium-pro-gate-sheet-Pr-69be7-ly-and-annual-pricing-smoke-chromium/video.webm
    ────────────────────────────────────────────────────────────────────────────────────────────────

    Error Context: test-results/freemium-pro-gate-sheet-Pr-69be7-ly-and-annual-pricing-smoke-chromium/error-context.md

  27) [chromium] › tests/freemium/pro-gate-sheet.spec.ts:53:7 › ProGateSheet — upgrade prompt › dismissing sheet via close button hides the sheet @smoke 

    Error: page.evaluate: Error: __openProGateSheet not mounted
        at eval (eval at evaluate (:302:30), <anonymous>:3:20)
        at UtilityScript.evaluate (<anonymous>:304:16)
        at UtilityScript.<anonymous> (<anonymous>:1:44)
        at eval (eval at evaluate (:302:30), <anonymous>:3:20)
        at UtilityScript.evaluate (<anonymous>:304:16)
        at UtilityScript.<anonymous> (<anonymous>:1:44)
        at openSheet (/Users/michaelfuscoletti/Desktop/scroll-down-web/web/tests/freemium/pro-gate-sheet.spec.ts:7:14)
        at /Users/michaelfuscoletti/Desktop/scroll-down-web/web/tests/freemium/pro-gate-sheet.spec.ts:55:11

    attachment #1: screenshot (image/png) ──────────────────────────────────────────────────────────
    test-results/freemium-pro-gate-sheet-Pr-f4b28-utton-hides-the-sheet-smoke-chromium/test-failed-1.png
    ────────────────────────────────────────────────────────────────────────────────────────────────

    attachment #2: video (video/webm) ──────────────────────────────────────────────────────────────
    test-results/freemium-pro-gate-sheet-Pr-f4b28-utton-hides-the-sheet-smoke-chromium/video.webm
    ────────────────────────────────────────────────────────────────────────────────────────────────

    Error Context: test-results/freemium-pro-gate-sheet-Pr-f4b28-utton-hides-the-sheet-smoke-chromium/error-context.md

  28) [chromium] › tests/freemium/pro-gate-sheet.spec.ts:102:7 › ProGateSheet — upgrade prompt › sheet shows 'Create free account' for anonymous users @smoke 

    Error: page.evaluate: Error: __openProGateSheet not mounted
        at eval (eval at evaluate (:302:30), <anonymous>:3:20)
        at UtilityScript.evaluate (<anonymous>:304:16)
        at UtilityScript.<anonymous> (<anonymous>:1:44)
        at eval (eval at evaluate (:302:30), <anonymous>:3:20)
        at UtilityScript.evaluate (<anonymous>:304:16)
        at UtilityScript.<anonymous> (<anonymous>:1:44)
        at openSheet (/Users/michaelfuscoletti/Desktop/scroll-down-web/web/tests/freemium/pro-gate-sheet.spec.ts:7:14)
        at /Users/michaelfuscoletti/Desktop/scroll-down-web/web/tests/freemium/pro-gate-sheet.spec.ts:107:11

    attachment #1: screenshot (image/png) ──────────────────────────────────────────────────────────
    test-results/freemium-pro-gate-sheet-Pr-be8b5-t-for-anonymous-users-smoke-chromium/test-failed-1.png
    ────────────────────────────────────────────────────────────────────────────────────────────────

    attachment #2: video (video/webm) ──────────────────────────────────────────────────────────────
    test-results/freemium-pro-gate-sheet-Pr-be8b5-t-for-anonymous-users-smoke-chromium/video.webm
    ────────────────────────────────────────────────────────────────────────────────────────────────

    Error Context: test-results/freemium-pro-gate-sheet-Pr-be8b5-t-for-anonymous-users-smoke-chromium/error-context.md

  29) [chromium] › tests/freemium/pro-gate.spec.ts:33:7 › Pro gate — tier store › generates and persists a stable anon ID @smoke 

    Error: [2mexpect([22m[31mreceived[39m[2m).[22mnot[2m.[22mtoBeNull[2m()[22m

    Received: [31mnull[39m

      35 |
      36 |     const state1 = await getStoredTier(page);
    > 37 |     expect(state1).not.toBeNull();
         |                        ^
      38 |     expect(state1!.anonId).toMatch(UUID_RE);
      39 |
      40 |     // Reload — ID must be the same
        at /Users/michaelfuscoletti/Desktop/scroll-down-web/web/tests/freemium/pro-gate.spec.ts:37:24

    attachment #1: screenshot (image/png) ──────────────────────────────────────────────────────────
    test-results/freemium-pro-gate-Pro-gate-b6b56-ists-a-stable-anon-ID-smoke-chromium/test-failed-1.png
    ────────────────────────────────────────────────────────────────────────────────────────────────

    attachment #2: video (video/webm) ──────────────────────────────────────────────────────────────
    test-results/freemium-pro-gate-Pro-gate-b6b56-ists-a-stable-anon-ID-smoke-chromium/video.webm
    ────────────────────────────────────────────────────────────────────────────────────────────────

    Error Context: test-results/freemium-pro-gate-Pro-gate-b6b56-ists-a-stable-anon-ID-smoke-chromium/error-context.md

  30) [chromium] › tests/freemium/pro-gate.spec.ts:46:7 › Pro gate — tier store › sd-anon-id cookie is set after page load @smoke 

    Error: [2mexpect([22m[31mreceived[39m[2m).[22mnot[2m.[22mtoBeNull[2m()[22m

    Received: [31mnull[39m

      48 |
      49 |     const anonCookie = await getAnonCookie(page);
    > 50 |     expect(anonCookie).not.toBeNull();
         |                            ^
      51 |     expect(anonCookie).toMatch(UUID_RE);
      52 |   });
      53 |
        at /Users/michaelfuscoletti/Desktop/scroll-down-web/web/tests/freemium/pro-gate.spec.ts:50:28

    attachment #1: screenshot (image/png) ──────────────────────────────────────────────────────────
    test-results/freemium-pro-gate-Pro-gate-1f136-s-set-after-page-load-smoke-chromium/test-failed-1.png
    ────────────────────────────────────────────────────────────────────────────────────────────────

    attachment #2: video (video/webm) ──────────────────────────────────────────────────────────────
    test-results/freemium-pro-gate-Pro-gate-1f136-s-set-after-page-load-smoke-chromium/video.webm
    ────────────────────────────────────────────────────────────────────────────────────────────────

    Error Context: test-results/freemium-pro-gate-Pro-gate-1f136-s-set-after-page-load-smoke-chromium/error-context.md

  31) [chromium] › tests/freemium/pro-gate.spec.ts:54:7 › Pro gate — tier store › sd-tier cookie is set to free by default @smoke 

    Error: [2mexpect([22m[31mreceived[39m[2m).[22mtoBe[2m([22m[32mexpected[39m[2m) // Object.is equality[22m

    Expected: [32m"free"[39m
    Received: [31mnull[39m

      56 |
      57 |     const tierCookie = await getTierCookie(page);
    > 58 |     expect(tierCookie).toBe("free");
         |                        ^
      59 |   });
      60 |
      61 |   test("default tier is free", async ({ page }) => {
        at /Users/michaelfuscoletti/Desktop/scroll-down-web/web/tests/freemium/pro-gate.spec.ts:58:24

    attachment #1: screenshot (image/png) ──────────────────────────────────────────────────────────
    test-results/freemium-pro-gate-Pro-gate-ecb8f-et-to-free-by-default-smoke-chromium/test-failed-1.png
    ────────────────────────────────────────────────────────────────────────────────────────────────

    attachment #2: video (video/webm) ──────────────────────────────────────────────────────────────
    test-results/freemium-pro-gate-Pro-gate-ecb8f-et-to-free-by-default-smoke-chromium/video.webm
    ────────────────────────────────────────────────────────────────────────────────────────────────

    Error Context: test-results/freemium-pro-gate-Pro-gate-ecb8f-et-to-free-by-default-smoke-chromium/error-context.md

  32) [chromium] › tests/freemium/pro-gate.spec.ts:78:7 › Pro gate — tier store › ?tier=pro query param sets tier cookie in dev mode @smoke 

    Error: [2mexpect([22m[31mreceived[39m[2m).[22mtoBe[2m([22m[32mexpected[39m[2m) // Object.is equality[22m

    Expected: [32m"free"[39m
    Received: [31mnull[39m

      84 |     // Cookie and stored state must agree regardless of whether the override fired.
      85 |     // In production the override is a no-op; in dev both become 'pro'.
    > 86 |     expect(tierCookie).toBe(state?.tier ?? "free");
         |                        ^
      87 |   });
      88 | });
      89 |
        at /Users/michaelfuscoletti/Desktop/scroll-down-web/web/tests/freemium/pro-gate.spec.ts:86:24

    attachment #1: screenshot (image/png) ──────────────────────────────────────────────────────────
    test-results/freemium-pro-gate-Pro-gate-dec21-er-cookie-in-dev-mode-smoke-chromium/test-failed-1.png
    ────────────────────────────────────────────────────────────────────────────────────────────────

    attachment #2: video (video/webm) ──────────────────────────────────────────────────────────────
    test-results/freemium-pro-gate-Pro-gate-dec21-er-cookie-in-dev-mode-smoke-chromium/video.webm
    ────────────────────────────────────────────────────────────────────────────────────────────────

    Error Context: test-results/freemium-pro-gate-Pro-gate-dec21-er-cookie-in-dev-mode-smoke-chromium/error-context.md

  33) [chromium] › tests/freemium/tier-gating-suite.spec.ts:27:7 › ISSUE-047 / free tier gated feature › free user opening a gated feature sees ProGateSheet, then dismisses @smoke 

    Error: [2mexpect([22m[31mreceived[39m[2m).[22mtoBe[2m([22m[32mexpected[39m[2m) // Object.is equality[22m

    Expected: [32m"free"[39m
    Received: [31mnull[39m

      29 |   }) => {
      30 |     await page.goto("/?tier=free");
    > 31 |     expect(await cookieValue(page, "sd-tier")).toBe("free");
         |                                                ^
      32 |
      33 |     await openGate(page, "live_odds");
      34 |     const sheet = page.locator("[data-testid='pro-gate-sheet']");
        at /Users/michaelfuscoletti/Desktop/scroll-down-web/web/tests/freemium/tier-gating-suite.spec.ts:31:48

    attachment #1: screenshot (image/png) ──────────────────────────────────────────────────────────
    test-results/freemium-tier-gating-suite-77b98-eSheet-then-dismisses-smoke-chromium/test-failed-1.png
    ────────────────────────────────────────────────────────────────────────────────────────────────

    attachment #2: video (video/webm) ──────────────────────────────────────────────────────────────
    test-results/freemium-tier-gating-suite-77b98-eSheet-then-dismisses-smoke-chromium/video.webm
    ────────────────────────────────────────────────────────────────────────────────────────────────

    Error Context: test-results/freemium-tier-gating-suite-77b98-eSheet-then-dismisses-smoke-chromium/error-context.md

  34) [chromium] › tests/freemium/tier-gating-suite.spec.ts:135:7 › ISSUE-047 / sign-out restores gate › after sign-out user is anonymous and gated feature reopens sheet @smoke 

    Error: page.evaluate: Error: __openProGateSheet not mounted
        at eval (eval at evaluate (:302:30), <anonymous>:3:20)
        at UtilityScript.evaluate (<anonymous>:304:16)
        at UtilityScript.<anonymous> (<anonymous>:1:44)
        at eval (eval at evaluate (:302:30), <anonymous>:3:20)
        at UtilityScript.evaluate (<anonymous>:304:16)
        at UtilityScript.<anonymous> (<anonymous>:1:44)
        at openGate (/Users/michaelfuscoletti/Desktop/scroll-down-web/web/tests/freemium/tier-gating-suite.spec.ts:10:14)
        at /Users/michaelfuscoletti/Desktop/scroll-down-web/web/tests/freemium/tier-gating-suite.spec.ts:164:11

    attachment #1: screenshot (image/png) ──────────────────────────────────────────────────────────
    test-results/freemium-tier-gating-suite-77865-feature-reopens-sheet-smoke-chromium/test-failed-1.png
    ────────────────────────────────────────────────────────────────────────────────────────────────

    attachment #2: video (video/webm) ──────────────────────────────────────────────────────────────
    test-results/freemium-tier-gating-suite-77865-feature-reopens-sheet-smoke-chromium/video.webm
    ────────────────────────────────────────────────────────────────────────────────────────────────

    Error Context: test-results/freemium-tier-gating-suite-77865-feature-reopens-sheet-smoke-chromium/error-context.md

  35) [chromium] › tests/game/story-generation.spec.ts:233:7 › story-generation — NBA @smoke › comeback: no banned phrases, valid word/sentence counts 

    Error: Unexpected 401 for {"sport":"NBA","homeTeam":"Nets","awayTeam":"Knicks","homeScore":108,"awayScore":100,"playerStats":[{"team":"Nets","playerName":"Ben Simmons","points":22,"rebounds":9,"assists":11,"rawStats":{}},{"team":"Knicks","playerName":"Julius Randle","points":35,"rebounds":11,"assists":5,"rawStats":{}}],"plays":[{"playIndex":1,"quarter":1,"homeScore":0,"awayScore":18,"scoreChanged":true,"pointsScored":18,"periodLabel":"Q1"},{"playIndex":2,"quarter":2,"homeScore":10,"awayScore":22,"scoreChanged":true,"pointsScored":10,"periodLabel":"Q2"},{"playIndex":3,"quarter":3,"homeScore":30,"awayScore":30,"scoreChanged":true,"pointsScored":20,"periodLabel":"Q3"},{"playIndex":4,"quarter":4,"homeScore":55,"awayScore":40,"scoreChanged":true,"pointsScored":25,"periodLabel":"Q4"},{"playIndex":5,"quarter":4,"homeScore":108,"awayScore":100,"scoreChanged":true,"pointsScored":8,"tier":1,"description":"Simmons finishes the alley-oop to seal it","periodLabel":"Q4"}]}

    [2mexpect([22m[31mreceived[39m[2m).[22mtoBe[2m([22m[32mexpected[39m[2m) // Object.is equality[22m

    Expected: [32mtrue[39m
    Received: [31mfalse[39m

      214 |   }
      215 |
    > 216 |   expect(res.ok(), `Unexpected ${res.status()} for ${JSON.stringify(box)}`).toBe(true);
          |                                                                             ^
      217 |   return (await res.json()) as StoryResponse;
      218 | }
      219 |
        at postStory (/Users/michaelfuscoletti/Desktop/scroll-down-web/web/tests/game/story-generation.spec.ts:216:77)
        at /Users/michaelfuscoletti/Desktop/scroll-down-web/web/tests/game/story-generation.spec.ts:234:20

    Error Context: test-results/game-story-generation-stor-703aa--valid-word-sentence-counts-chromium/error-context.md

  36) [chromium] › tests/game/story-generation.spec.ts:242:7 › story-generation — NBA @smoke › blowout: no banned phrases, valid word/sentence counts 

    Error: Unexpected 401 for {"sport":"NBA","homeTeam":"Bucks","awayTeam":"Pistons","homeScore":128,"awayScore":94,"playerStats":[{"team":"Bucks","playerName":"Giannis Antetokounmpo","points":42,"rebounds":14,"assists":6,"rawStats":{}},{"team":"Bucks","playerName":"Khris Middleton","points":31,"rebounds":6,"assists":4,"rawStats":{}}],"plays":[{"playIndex":1,"quarter":1,"homeScore":12,"awayScore":4,"scoreChanged":true,"pointsScored":8,"periodLabel":"Q1"},{"playIndex":2,"quarter":2,"homeScore":38,"awayScore":14,"scoreChanged":true,"pointsScored":10,"periodLabel":"Q2"},{"playIndex":3,"quarter":3,"homeScore":80,"awayScore":50,"scoreChanged":true,"pointsScored":8,"periodLabel":"Q3"},{"playIndex":4,"quarter":4,"homeScore":128,"awayScore":94,"scoreChanged":true,"pointsScored":6,"periodLabel":"Q4"}]}

    [2mexpect([22m[31mreceived[39m[2m).[22mtoBe[2m([22m[32mexpected[39m[2m) // Object.is equality[22m

    Expected: [32mtrue[39m
    Received: [31mfalse[39m

      214 |   }
      215 |
    > 216 |   expect(res.ok(), `Unexpected ${res.status()} for ${JSON.stringify(box)}`).toBe(true);
          |                                                                             ^
      217 |   return (await res.json()) as StoryResponse;
      218 | }
      219 |
        at postStory (/Users/michaelfuscoletti/Desktop/scroll-down-web/web/tests/game/story-generation.spec.ts:216:77)
        at /Users/michaelfuscoletti/Desktop/scroll-down-web/web/tests/game/story-generation.spec.ts:243:20

    Error Context: test-results/game-story-generation-stor-774e4--valid-word-sentence-counts-chromium/error-context.md

  37) [chromium] › tests/game/story-generation.spec.ts:251:7 › story-generation — NBA @smoke › defensive: no banned phrases, valid word/sentence counts 

    Error: Unexpected 401 for {"sport":"NBA","homeTeam":"Jazz","awayTeam":"Grizzlies","homeScore":88,"awayScore":82,"playerStats":[{"team":"Jazz","playerName":"Walker Kessler","points":14,"rebounds":16,"assists":3,"rawStats":{}},{"team":"Grizzlies","playerName":"Ja Morant","points":26,"rebounds":6,"assists":9,"rawStats":{}}],"plays":[{"playIndex":1,"quarter":1,"homeScore":0,"awayScore":5,"scoreChanged":true,"pointsScored":5,"periodLabel":"Q1"},{"playIndex":2,"quarter":2,"homeScore":8,"awayScore":5,"scoreChanged":true,"pointsScored":8,"periodLabel":"Q2"},{"playIndex":3,"quarter":3,"homeScore":20,"awayScore":18,"scoreChanged":true,"pointsScored":5,"periodLabel":"Q3"},{"playIndex":4,"quarter":4,"homeScore":88,"awayScore":82,"scoreChanged":true,"pointsScored":4,"tier":1,"description":"Kessler blocks Morant's drive to preserve the lead","periodLabel":"Q4"}]}

    [2mexpect([22m[31mreceived[39m[2m).[22mtoBe[2m([22m[32mexpected[39m[2m) // Object.is equality[22m

    Expected: [32mtrue[39m
    Received: [31mfalse[39m

      214 |   }
      215 |
    > 216 |   expect(res.ok(), `Unexpected ${res.status()} for ${JSON.stringify(box)}`).toBe(true);
          |                                                                             ^
      217 |   return (await res.json()) as StoryResponse;
      218 | }
      219 |
        at postStory (/Users/michaelfuscoletti/Desktop/scroll-down-web/web/tests/game/story-generation.spec.ts:216:77)
        at /Users/michaelfuscoletti/Desktop/scroll-down-web/web/tests/game/story-generation.spec.ts:252:20

    Error Context: test-results/game-story-generation-stor-5fd42--valid-word-sentence-counts-chromium/error-context.md

  38) [chromium] › tests/game/story-generation.spec.ts:326:7 › story API — validation contract @smoke › returns 400 for missing required fields 

    Error: [2mexpect([22m[31mreceived[39m[2m).[22mtoBe[2m([22m[32mexpected[39m[2m) // Object.is equality[22m

    Expected: [32m400[39m
    Received: [31m401[39m

      326 |   test("returns 400 for missing required fields", async ({ request }) => {
      327 |     const res = await request.post(ENDPOINT, { data: { sport: "NBA" } });
    > 328 |     expect(res.status()).toBe(400);
          |                          ^
      329 |   });
      330 |
      331 |   test("returns 503 or a valid story structure", async ({ request }) => {
        at /Users/michaelfuscoletti/Desktop/scroll-down-web/web/tests/game/story-generation.spec.ts:328:26

    Error Context: test-results/game-story-generation-stor-68682-for-missing-required-fields-chromium/error-context.md

  39) [chromium] › tests/game/story-generation.spec.ts:331:7 › story API — validation contract @smoke › returns 503 or a valid story structure 

    Error: [2mexpect([22m[31mreceived[39m[2m).[22mtoContain[2m([22m[32mexpected[39m[2m) // indexOf[22m

    Expected value: [32m401[39m
    Received array: [31m[200, 503][39m

      331 |   test("returns 503 or a valid story structure", async ({ request }) => {
      332 |     const res = await request.post(ENDPOINT, { data: NBA_COMEBACK });
    > 333 |     expect([200, 503]).toContain(res.status());
          |                        ^
      334 |     if (res.status() === 200) {
      335 |       const body = (await res.json()) as Record<string, unknown>;
      336 |       expect(typeof body.story).toBe("string");
        at /Users/michaelfuscoletti/Desktop/scroll-down-web/web/tests/game/story-generation.spec.ts:333:24

    Error Context: test-results/game-story-generation-stor-84849--or-a-valid-story-structure-chromium/error-context.md

  40) [chromium] › tests/pwa/install-and-offline.spec.ts:37:7 › PWA install prompt › appears on second session when beforeinstallprompt fires @smoke 

    Error: [2mexpect([22m[31mlocator[39m[2m).[22mtoBeVisible[2m([22m[2m)[22m failed

    Locator: getByTestId('pwa-install-prompt')
    Expected: visible
    Timeout: 3000ms
    Error: element(s) not found

    Call log:
    [2m  - Expect "toBeVisible" with timeout 3000ms[22m
    [2m  - waiting for getByTestId('pwa-install-prompt')[22m


      50 |
      51 |     const prompt = page.getByTestId("pwa-install-prompt");
    > 52 |     await expect(prompt).toBeVisible({ timeout: 3_000 });
         |                          ^
      53 |   });
      54 |
      55 |   test("dismiss persists — prompt never reappears", async ({ page }) => {
        at /Users/michaelfuscoletti/Desktop/scroll-down-web/web/tests/pwa/install-and-offline.spec.ts:52:26

    attachment #1: screenshot (image/png) ──────────────────────────────────────────────────────────
    test-results/pwa-install-and-offline-PW-391e7-reinstallprompt-fires-smoke-chromium/test-failed-1.png
    ────────────────────────────────────────────────────────────────────────────────────────────────

    attachment #2: video (video/webm) ──────────────────────────────────────────────────────────────
    test-results/pwa-install-and-offline-PW-391e7-reinstallprompt-fires-smoke-chromium/video.webm
    ────────────────────────────────────────────────────────────────────────────────────────────────

    Error Context: test-results/pwa-install-and-offline-PW-391e7-reinstallprompt-fires-smoke-chromium/error-context.md

  41) [chromium] › tests/pwa/install-and-offline.spec.ts:133:7 › Offline banner › auto-dismisses within 3s of reconnection @smoke 

    Error: [2mexpect([22m[31mlocator[39m[2m).not.[22mtoBeVisible[2m([22m[2m)[22m failed

    Locator:  getByTestId('offline-banner')
    Expected: not visible
    Received: visible
    Timeout:  4000ms

    Call log:
    [2m  - Expect "not toBeVisible" with timeout 4000ms[22m
    [2m  - waiting for getByTestId('offline-banner')[22m
    [2m    8 × locator resolved to <div role="status" aria-live="polite" aria-atomic="true" data-testid="offline-banner" class="w-full bg-neutral-800 border-b border-neutral-700">…</div>[22m
    [2m      - unexpected value "visible"[22m


      148 |
      149 |     // Banner should disappear within 4s (3s auto-dismiss + margin)
    > 150 |     await expect(banner).not.toBeVisible({ timeout: 4_000 });
          |                              ^
      151 |   });
      152 |
      153 |   test("does not overlap reveal overlay or nav zones", async ({ page, context }) => {
        at /Users/michaelfuscoletti/Desktop/scroll-down-web/web/tests/pwa/install-and-offline.spec.ts:150:30

    attachment #1: screenshot (image/png) ──────────────────────────────────────────────────────────
    test-results/pwa-install-and-offline-Of-e2f8f-in-3s-of-reconnection-smoke-chromium/test-failed-1.png
    ────────────────────────────────────────────────────────────────────────────────────────────────

    attachment #2: video (video/webm) ──────────────────────────────────────────────────────────────
    test-results/pwa-install-and-offline-Of-e2f8f-in-3s-of-reconnection-smoke-chromium/video.webm
    ────────────────────────────────────────────────────────────────────────────────────────────────

    Error Context: test-results/pwa-install-and-offline-Of-e2f8f-in-3s-of-reconnection-smoke-chromium/error-context.md

  42) [chromium] › tests/pwa/offline-scenarios.spec.ts:113:7 › PWA offline scenarios @smoke › game list renders from SW cache when API requests are blocked @smoke 

    [31mTest timeout of 30000ms exceeded.[39m

    attachment #1: screenshot (image/png) ──────────────────────────────────────────────────────────
    test-results/pwa-offline-scenarios-PWA--6331b--requests-are-blocked-smoke-chromium/test-failed-1.png
    ────────────────────────────────────────────────────────────────────────────────────────────────

    attachment #2: screenshot (image/png) ──────────────────────────────────────────────────────────
    test-results/pwa-offline-scenarios-PWA--6331b--requests-are-blocked-smoke-chromium/test-failed-2.png
    ────────────────────────────────────────────────────────────────────────────────────────────────

    attachment #3: video (video/webm) ──────────────────────────────────────────────────────────────
    test-results/pwa-offline-scenarios-PWA--6331b--requests-are-blocked-smoke-chromium/video.webm
    ────────────────────────────────────────────────────────────────────────────────────────────────

    Error Context: test-results/pwa-offline-scenarios-PWA--6331b--requests-are-blocked-smoke-chromium/error-context.md

  43) [chromium] › tests/pwa/offline-scenarios.spec.ts:201:7 › PWA offline scenarios @smoke › offline banner appears within 2s of route block and auto-dismisses within 3s of unblock @smoke 

    Error: [2mexpect([22m[31mlocator[39m[2m).not.[22mtoBeVisible[2m([22m[2m)[22m failed

    Locator:  getByTestId('offline-banner')
    Expected: not visible
    Received: visible
    Timeout:  4000ms

    Call log:
    [2m  - Expect "not toBeVisible" with timeout 4000ms[22m
    [2m  - waiting for getByTestId('offline-banner')[22m
    [2m    8 × locator resolved to <div role="status" aria-live="polite" aria-atomic="true" data-testid="offline-banner" class="w-full bg-neutral-800 border-b border-neutral-700">…</div>[22m
    [2m      - unexpected value "visible"[22m


      223 |       // Banner auto-dismisses after PWA.OFFLINE_AUTO_DISMISS_MS (default 3 000 ms).
      224 |       // Allow an extra 1s margin for JS microtask scheduling.
    > 225 |       await expect(banner).not.toBeVisible({ timeout: 4_000 });
          |                                ^
      226 |     },
      227 |   );
      228 |
        at /Users/michaelfuscoletti/Desktop/scroll-down-web/web/tests/pwa/offline-scenarios.spec.ts:225:32

    attachment #1: screenshot (image/png) ──────────────────────────────────────────────────────────
    test-results/pwa-offline-scenarios-PWA--a4830--within-3s-of-unblock-smoke-chromium/test-failed-1.png
    ────────────────────────────────────────────────────────────────────────────────────────────────

    attachment #2: video (video/webm) ──────────────────────────────────────────────────────────────
    test-results/pwa-offline-scenarios-PWA--a4830--within-3s-of-unblock-smoke-chromium/video.webm
    ────────────────────────────────────────────────────────────────────────────────────────────────

    Error Context: test-results/pwa-offline-scenarios-PWA--a4830--within-3s-of-unblock-smoke-chromium/error-context.md

  44) [chromium] › tests/pwa/offline-scenarios.spec.ts:231:7 › PWA offline scenarios @smoke › install prompt appears on simulated second session @smoke 

    Error: [2mexpect([22m[31mlocator[39m[2m).[22mtoBeVisible[2m([22m[2m)[22m failed

    Locator: getByTestId('pwa-install-prompt')
    Expected: visible
    Timeout: 3000ms
    Error: element(s) not found

    Call log:
    [2m  - Expect "toBeVisible" with timeout 3000ms[22m
    [2m  - waiting for getByTestId('pwa-install-prompt')[22m


      256 |
      257 |       const prompt = page.getByTestId("pwa-install-prompt");
    > 258 |       await expect(prompt).toBeVisible({ timeout: 3_000 });
          |                            ^
      259 |     },
      260 |   );
      261 | });
        at /Users/michaelfuscoletti/Desktop/scroll-down-web/web/tests/pwa/offline-scenarios.spec.ts:258:28

    attachment #1: screenshot (image/png) ──────────────────────────────────────────────────────────
    test-results/pwa-offline-scenarios-PWA--b903e-ulated-second-session-smoke-chromium/test-failed-1.png
    ────────────────────────────────────────────────────────────────────────────────────────────────

    attachment #2: video (video/webm) ──────────────────────────────────────────────────────────────
    test-results/pwa-offline-scenarios-PWA--b903e-ulated-second-session-smoke-chromium/video.webm
    ────────────────────────────────────────────────────────────────────────────────────────────────

    Error Context: test-results/pwa-offline-scenarios-PWA--b903e-ulated-second-session-smoke-chromium/error-context.md

  45) [chromium] › tests/pwa/service-worker.spec.ts:7:7 › Service Worker › registers and activates on first load @smoke 

    [31mTest timeout of 30000ms exceeded.[39m

    Error: page.evaluate: Target page, context or browser has been closed

      19 |     if (!controlled) {
      20 |       // SW may still be activating — check registration at least succeeded
    > 21 |       const registered = await page.evaluate(async () => {
         |                                     ^
      22 |         const reg = await navigator.serviceWorker.getRegistration("/");
      23 |         return reg !== undefined;
      24 |       });
        at /Users/michaelfuscoletti/Desktop/scroll-down-web/web/tests/pwa/service-worker.spec.ts:21:37

    attachment #1: screenshot (image/png) ──────────────────────────────────────────────────────────
    test-results/pwa-service-worker-Service-46fe7-tivates-on-first-load-smoke-chromium/test-failed-1.png
    ────────────────────────────────────────────────────────────────────────────────────────────────

    attachment #2: video (video/webm) ──────────────────────────────────────────────────────────────
    test-results/pwa-service-worker-Service-46fe7-tivates-on-first-load-smoke-chromium/video.webm
    ────────────────────────────────────────────────────────────────────────────────────────────────

    Error Context: test-results/pwa-service-worker-Service-46fe7-tivates-on-first-load-smoke-chromium/error-context.md

  46) [chromium] › tests/pwa/service-worker.spec.ts:35:7 › Service Worker › static assets served from cache on second visit @smoke 

    [31mTest timeout of 30000ms exceeded.[39m

    Error: page.goto: Target page, context or browser has been closed

      68 |     });
      69 |
    > 70 |     await page.goto("/");
         |                ^
      71 |     await page.waitForLoadState("networkidle");
      72 |
      73 |     // After second visit, static assets may come from SW cache.
        at /Users/michaelfuscoletti/Desktop/scroll-down-web/web/tests/pwa/service-worker.spec.ts:70:16

    attachment #1: screenshot (image/png) ──────────────────────────────────────────────────────────
    test-results/pwa-service-worker-Service-ee8aa-cache-on-second-visit-smoke-chromium/test-failed-1.png
    ────────────────────────────────────────────────────────────────────────────────────────────────

    Error Context: test-results/pwa-service-worker-Service-ee8aa-cache-on-second-visit-smoke-chromium/error-context.md

  47) [mobile] › tests/account.spec.ts:16:7 › Account page › unauthenticated user is redirected to /login @smoke 

    TimeoutError: page.waitForURL: Timeout 10000ms exceeded.
    =========================== logs ===========================
    waiting for navigation until "load"
    ============================================================

      17 |     // Navigate without any session cookie
      18 |     await page.goto("/account");
    > 19 |     await page.waitForURL(/\/login/, { timeout: 10_000 });
         |                ^
      20 |     await expect(page).toHaveURL(/\/login/);
      21 |   });
      22 |
        at /Users/michaelfuscoletti/Desktop/scroll-down-web/web/tests/account.spec.ts:19:16

    attachment #1: screenshot (image/png) ──────────────────────────────────────────────────────────
    test-results/account-Account-page-unaut-c56a5-s-redirected-to-login-smoke-mobile/test-failed-1.png
    ────────────────────────────────────────────────────────────────────────────────────────────────

    attachment #2: video (video/webm) ──────────────────────────────────────────────────────────────
    test-results/account-Account-page-unaut-c56a5-s-redirected-to-login-smoke-mobile/video.webm
    ────────────────────────────────────────────────────────────────────────────────────────────────

    Error Context: test-results/account-Account-page-unaut-c56a5-s-redirected-to-login-smoke-mobile/error-context.md

  48) [mobile] › tests/account.spec.ts:25:7 › Account page › free user sees plan label and upgrade CTA @smoke 

    TimeoutError: page.waitForURL: Timeout 10000ms exceeded.
    =========================== logs ===========================
    waiting for navigation until "load"
    ============================================================

      26 |     // Use ?tier=free dev override to simulate free session via session mock
      27 |     await page.goto("/account");
    > 28 |     await page.waitForURL(/\/login/, { timeout: 10_000 });
         |                ^
      29 |     // Without a session we land on login — the redirect is the acceptance criteria
      30 |     await expect(page).toHaveURL(/\/login/);
      31 |   });
        at /Users/michaelfuscoletti/Desktop/scroll-down-web/web/tests/account.spec.ts:28:16

    attachment #1: screenshot (image/png) ──────────────────────────────────────────────────────────
    test-results/account-Account-page-free--22ccd-label-and-upgrade-CTA-smoke-mobile/test-failed-1.png
    ────────────────────────────────────────────────────────────────────────────────────────────────

    attachment #2: video (video/webm) ──────────────────────────────────────────────────────────────
    test-results/account-Account-page-free--22ccd-label-and-upgrade-CTA-smoke-mobile/video.webm
    ────────────────────────────────────────────────────────────────────────────────────────────────

    Error Context: test-results/account-Account-page-free--22ccd-label-and-upgrade-CTA-smoke-mobile/error-context.md

  49) [mobile] › tests/account.spec.ts:33:7 › Account page › free user sees Free plan label when billing/info returns free tier @smoke 

    TimeoutError: page.waitForSelector: Timeout 10000ms exceeded.
    Call log:
    [2m  - waiting for locator('[data-testid=\'account-page\']') to be visible[22m


      58 |
      59 |     await page.goto("/account");
    > 60 |     await page.waitForSelector("[data-testid='account-page']", { timeout: 10_000 });
         |                ^
      61 |
      62 |     const planLabel = page.locator("[data-testid='account-plan-label']");
      63 |     await expect(planLabel).toBeVisible();
        at /Users/michaelfuscoletti/Desktop/scroll-down-web/web/tests/account.spec.ts:60:16

    attachment #1: screenshot (image/png) ──────────────────────────────────────────────────────────
    test-results/account-Account-page-free--66449-nfo-returns-free-tier-smoke-mobile/test-failed-1.png
    ────────────────────────────────────────────────────────────────────────────────────────────────

    attachment #2: video (video/webm) ──────────────────────────────────────────────────────────────
    test-results/account-Account-page-free--66449-nfo-returns-free-tier-smoke-mobile/video.webm
    ────────────────────────────────────────────────────────────────────────────────────────────────

    Error Context: test-results/account-Account-page-free--66449-nfo-returns-free-tier-smoke-mobile/error-context.md

  50) [mobile] › tests/account.spec.ts:75:7 › Account page › pro user sees Pro plan, billing date, and manage button @smoke 

    TimeoutError: page.waitForSelector: Timeout 10000ms exceeded.
    Call log:
    [2m  - waiting for locator('[data-testid=\'account-page\']') to be visible[22m


      101 |
      102 |     await page.goto("/account");
    > 103 |     await page.waitForSelector("[data-testid='account-page']", { timeout: 10_000 });
          |                ^
      104 |
      105 |     const planLabel = page.locator("[data-testid='account-plan-label']");
      106 |     await expect(planLabel).toBeVisible();
        at /Users/michaelfuscoletti/Desktop/scroll-down-web/web/tests/account.spec.ts:103:16

    attachment #1: screenshot (image/png) ──────────────────────────────────────────────────────────
    test-results/account-Account-page-pro-u-24dae-ate-and-manage-button-smoke-mobile/test-failed-1.png
    ────────────────────────────────────────────────────────────────────────────────────────────────

    attachment #2: video (video/webm) ──────────────────────────────────────────────────────────────
    test-results/account-Account-page-pro-u-24dae-ate-and-manage-button-smoke-mobile/video.webm
    ────────────────────────────────────────────────────────────────────────────────────────────────

    Error Context: test-results/account-Account-page-pro-u-24dae-ate-and-manage-button-smoke-mobile/error-context.md

  51) [mobile] › tests/account.spec.ts:122:7 › Account page › nav avatar links to /account for authenticated users @smoke 

    [31mTest timeout of 30000ms exceeded.[39m

    Error: locator.getAttribute: Test timeout of 30000ms exceeded.
    Call log:
    [2m  - waiting for locator('[data-testid=\'nav-account-link\']')[22m


      155 |     const navLink = page.locator("[data-testid='nav-account-link']");
      156 |     // Avatar only visible on md+ screens; use force option on smaller viewports
    > 157 |     const href = await navLink.getAttribute("href");
          |                                ^
      158 |     expect(href).toBe("/account");
      159 |   });
      160 | });
        at /Users/michaelfuscoletti/Desktop/scroll-down-web/web/tests/account.spec.ts:157:32

    attachment #1: screenshot (image/png) ──────────────────────────────────────────────────────────
    test-results/account-Account-page-nav-a-5047f-r-authenticated-users-smoke-mobile/test-failed-1.png
    ────────────────────────────────────────────────────────────────────────────────────────────────

    attachment #2: video (video/webm) ──────────────────────────────────────────────────────────────
    test-results/account-Account-page-nav-a-5047f-r-authenticated-users-smoke-mobile/video.webm
    ────────────────────────────────────────────────────────────────────────────────────────────────

    Error Context: test-results/account-Account-page-nav-a-5047f-r-authenticated-users-smoke-mobile/error-context.md

  52) [mobile] › tests/analytics/navigation.spec.ts:12:7 › Analytics navigation @smoke › tab bar is visible on simulator page 

    Error: [2mexpect([22m[31mlocator[39m[2m).[22mtoBeVisible[2m([22m[2m)[22m failed

    Locator: getByRole('link', { name: 'Profiles' })
    Expected: visible
    Timeout: 10000ms
    Error: element(s) not found

    Call log:
    [2m  - Expect "toBeVisible" with timeout 10000ms[22m
    [2m  - waiting for getByRole('link', { name: 'Profiles' })[22m


      18 |     const profilesTab = authedPage.getByRole("link", { name: "Profiles" });
      19 |     await expect(simulatorTab).toBeVisible();
    > 20 |     await expect(profilesTab).toBeVisible();
         |                               ^
      21 |   });
      22 |
      23 |   test("simulator tab is active on simulator page", async ({ authedPage }) => {
        at /Users/michaelfuscoletti/Desktop/scroll-down-web/web/tests/analytics/navigation.spec.ts:20:31

    attachment #1: screenshot (image/png) ──────────────────────────────────────────────────────────
    test-results/analytics-navigation-Analy-4eaef-s-visible-on-simulator-page-mobile/test-failed-1.png
    ────────────────────────────────────────────────────────────────────────────────────────────────

    Error Context: test-results/analytics-navigation-Analy-4eaef-s-visible-on-simulator-page-mobile/error-context.md

  53) [mobile] › tests/analytics/navigation.spec.ts:31:7 › Analytics navigation @smoke › clicking Profiles tab navigates to profiles page 

    [31mTest timeout of 30000ms exceeded.[39m

    Error: locator.click: Target page, context or browser has been closed
    Call log:
    [2m  - waiting for getByRole('link', { name: 'Profiles' })[22m


      35 |     await waitForLoad(authedPage);
      36 |
    > 37 |     await authedPage.getByRole("link", { name: "Profiles" }).click();
         |                                                              ^
      38 |     await authedPage.waitForURL("/analytics/profiles", { timeout: 10_000 });
      39 |     expect(authedPage.url()).toContain("/analytics/profiles");
      40 |   });
        at /Users/michaelfuscoletti/Desktop/scroll-down-web/web/tests/analytics/navigation.spec.ts:37:62

    attachment #1: screenshot (image/png) ──────────────────────────────────────────────────────────
    test-results/analytics-navigation-Analy-68a3a--navigates-to-profiles-page-mobile/test-failed-1.png
    ────────────────────────────────────────────────────────────────────────────────────────────────

    Error Context: test-results/analytics-navigation-Analy-68a3a--navigates-to-profiles-page-mobile/error-context.md

  54) [mobile] › tests/analytics/navigation.spec.ts:71:7 › Analytics navigation @smoke › analytics landing links to forecasts and simulator 

    Error: [2mexpect([22m[31mlocator[39m[2m).[22mtoBeVisible[2m([22m[2m)[22m failed

    Locator: getByRole('link', { name: /Today's Forecasts/ })
    Expected: visible
    Timeout: 10000ms
    Error: element(s) not found

    Call log:
    [2m  - Expect "toBeVisible" with timeout 10000ms[22m
    [2m  - waiting for getByRole('link', { name: /Today's Forecasts/ })[22m


      74 |
      75 |     const forecastsCard = authedPage.getByRole("link", { name: /Today's Forecasts/ });
    > 76 |     await expect(forecastsCard).toBeVisible();
         |                                 ^
      77 |     await expect(forecastsCard).toHaveAttribute("href", "/analytics/forecasts");
      78 |
      79 |     const mlbCard = authedPage.getByRole("link", { name: /MLB Simulator/ });
        at /Users/michaelfuscoletti/Desktop/scroll-down-web/web/tests/analytics/navigation.spec.ts:76:33

    attachment #1: screenshot (image/png) ──────────────────────────────────────────────────────────
    test-results/analytics-navigation-Analy-c3f1c--to-forecasts-and-simulator-mobile/test-failed-1.png
    ────────────────────────────────────────────────────────────────────────────────────────────────

    Error Context: test-results/analytics-navigation-Analy-c3f1c--to-forecasts-and-simulator-mobile/error-context.md

  55) [mobile] › tests/auth/signup-login.spec.ts:45:7 › Sign Up › sign up with short password shows validation error @smoke 

    [31mTest timeout of 30000ms exceeded.[39m

    Error: locator.fill: Test timeout of 30000ms exceeded.
    Call log:
    [2m  - waiting for getByPlaceholder('Re-enter password')[22m


      48 |     await page.getByPlaceholder('you@example.com').fill(email);
      49 |     await page.getByPlaceholder('Min 8 characters').fill('short');
    > 50 |     await page.getByPlaceholder('Re-enter password').fill('short');
         |                                                      ^
      51 |     await page.locator('form button[type="submit"]').click();
      52 |
      53 |     await expect(page.getByText('Password must be at least 8 characters')).toBeVisible();
        at /Users/michaelfuscoletti/Desktop/scroll-down-web/web/tests/auth/signup-login.spec.ts:50:54

    attachment #1: screenshot (image/png) ──────────────────────────────────────────────────────────
    test-results/auth-signup-login-Sign-Up--e3e26-hows-validation-error-smoke-mobile/test-failed-1.png
    ────────────────────────────────────────────────────────────────────────────────────────────────

    attachment #2: video (video/webm) ──────────────────────────────────────────────────────────────
    test-results/auth-signup-login-Sign-Up--e3e26-hows-validation-error-smoke-mobile/video.webm
    ────────────────────────────────────────────────────────────────────────────────────────────────

    Error Context: test-results/auth-signup-login-Sign-Up--e3e26-hows-validation-error-smoke-mobile/error-context.md

  56) [mobile] › tests/auth/signup-login.spec.ts:56:7 › Sign Up › sign up with mismatched passwords shows error @smoke 

    [31mTest timeout of 30000ms exceeded.[39m

    Error: locator.fill: Test timeout of 30000ms exceeded.
    Call log:
    [2m  - waiting for getByPlaceholder('Re-enter password')[22m


      59 |     await page.getByPlaceholder('you@example.com').fill(email);
      60 |     await page.getByPlaceholder('Min 8 characters').fill('ValidPass123!');
    > 61 |     await page.getByPlaceholder('Re-enter password').fill('DifferentPass456!');
         |                                                      ^
      62 |     await page.locator('form button[type="submit"]').click();
      63 |
      64 |     await expect(page.getByText("Passwords don't match")).toBeVisible();
        at /Users/michaelfuscoletti/Desktop/scroll-down-web/web/tests/auth/signup-login.spec.ts:61:54

    attachment #1: screenshot (image/png) ──────────────────────────────────────────────────────────
    test-results/auth-signup-login-Sign-Up--d9fec-passwords-shows-error-smoke-mobile/test-failed-1.png
    ────────────────────────────────────────────────────────────────────────────────────────────────

    attachment #2: video (video/webm) ──────────────────────────────────────────────────────────────
    test-results/auth-signup-login-Sign-Up--d9fec-passwords-shows-error-smoke-mobile/video.webm
    ────────────────────────────────────────────────────────────────────────────────────────────────

    Error Context: test-results/auth-signup-login-Sign-Up--d9fec-passwords-shows-error-smoke-mobile/error-context.md

  57) [mobile] › tests/fairbet/odds.spec.ts:92:7 › FairBet Page - Odds › "How it works" button opens explainer @smoke 

    Error: [2mexpect([22m[31mlocator[39m[2m).[22mtoBeVisible[2m([22m[2m)[22m failed

    Locator: getByRole('heading', { name: 'How FairBet Works' })
    Expected: visible
    Timeout: 10000ms
    Error: element(s) not found

    Call log:
    [2m  - Expect "toBeVisible" with timeout 10000ms[22m
    [2m  - waiting for getByRole('heading', { name: 'How FairBet Works' })[22m


       97 |     await expect(
       98 |       page.getByRole("heading", { name: "How FairBet Works" })
    >  99 |     ).toBeVisible();
          |       ^
      100 |   });
      101 |
      102 |   test("bet cards render after loading or empty state shown", async ({ page }) => {
        at /Users/michaelfuscoletti/Desktop/scroll-down-web/web/tests/fairbet/odds.spec.ts:99:7

    attachment #1: screenshot (image/png) ──────────────────────────────────────────────────────────
    test-results/fairbet-odds-FairBet-Page--ef4b7-utton-opens-explainer-smoke-mobile/test-failed-1.png
    ────────────────────────────────────────────────────────────────────────────────────────────────

    attachment #2: video (video/webm) ──────────────────────────────────────────────────────────────
    test-results/fairbet-odds-FairBet-Page--ef4b7-utton-opens-explainer-smoke-mobile/video.webm
    ────────────────────────────────────────────────────────────────────────────────────────────────

    Error Context: test-results/fairbet-odds-FairBet-Page--ef4b7-utton-opens-explainer-smoke-mobile/error-context.md

  58) [mobile] › tests/fairbet/phase9.spec.ts:300:7 › History Pro Gate (ISSUE-058) › free user sees gate overlay with upgrade CTA on /history @smoke 

    Error: [2mexpect([22m[31mlocator[39m[2m).[22mtoBeVisible[2m([22m[2m)[22m failed

    Locator: locator('[data-testid=\'history-gate-overlay\']')
    Expected: visible
    Timeout: 5000ms
    Error: element(s) not found

    Call log:
    [2m  - Expect "toBeVisible" with timeout 5000ms[22m
    [2m  - waiting for locator('[data-testid=\'history-gate-overlay\']')[22m


      302 |     await waitForLoad(page);
      303 |
    > 304 |     await expect(page.locator("[data-testid='history-gate-overlay']")).toBeVisible({
          |                                                                        ^
      305 |       timeout: 5_000,
      306 |     });
      307 |     await expect(page.locator("[data-testid='history-gate-title']")).toBeVisible();
        at /Users/michaelfuscoletti/Desktop/scroll-down-web/web/tests/fairbet/phase9.spec.ts:304:72

    attachment #1: screenshot (image/png) ──────────────────────────────────────────────────────────
    test-results/fairbet-phase9-History-Pro-8c64c-pgrade-CTA-on-history-smoke-mobile/test-failed-1.png
    ────────────────────────────────────────────────────────────────────────────────────────────────

    attachment #2: video (video/webm) ──────────────────────────────────────────────────────────────
    test-results/fairbet-phase9-History-Pro-8c64c-pgrade-CTA-on-history-smoke-mobile/video.webm
    ────────────────────────────────────────────────────────────────────────────────────────────────

    Error Context: test-results/fairbet-phase9-History-Pro-8c64c-pgrade-CTA-on-history-smoke-mobile/error-context.md

  59) [mobile] › tests/fairbet/phase9.spec.ts:314:7 › History Pro Gate (ISSUE-058) › free user clicking upgrade CTA opens the pro gate sheet @smoke 

    Error: [2mexpect([22m[31mlocator[39m[2m).[22mtoBeVisible[2m([22m[2m)[22m failed

    Locator: locator('[data-testid=\'history-upgrade-cta\']')
    Expected: visible
    Timeout: 5000ms
    Error: element(s) not found

    Call log:
    [2m  - Expect "toBeVisible" with timeout 5000ms[22m
    [2m  - waiting for locator('[data-testid=\'history-upgrade-cta\']')[22m


      317 |
      318 |     const cta = page.locator("[data-testid='history-upgrade-cta']");
    > 319 |     await expect(cta).toBeVisible({ timeout: 5_000 });
          |                       ^
      320 |     await cta.click();
      321 |
      322 |     await expect(page.locator("[data-testid='pro-gate-sheet']")).toBeVisible({ timeout: 3_000 });
        at /Users/michaelfuscoletti/Desktop/scroll-down-web/web/tests/fairbet/phase9.spec.ts:319:23

    attachment #1: screenshot (image/png) ──────────────────────────────────────────────────────────
    test-results/fairbet-phase9-History-Pro-8e427-ns-the-pro-gate-sheet-smoke-mobile/test-failed-1.png
    ────────────────────────────────────────────────────────────────────────────────────────────────

    attachment #2: video (video/webm) ──────────────────────────────────────────────────────────────
    test-results/fairbet-phase9-History-Pro-8e427-ns-the-pro-gate-sheet-smoke-mobile/video.webm
    ────────────────────────────────────────────────────────────────────────────────────────────────

    Error Context: test-results/fairbet-phase9-History-Pro-8e427-ns-the-pro-gate-sheet-smoke-mobile/error-context.md

  60) [mobile] › tests/fairbet/phase9.spec.ts:328:7 › History Pro Gate (ISSUE-058) › pro user sees full history content without gate @smoke 

    Error: [2mexpect([22m[31mlocator[39m[2m).[22mtoBeVisible[2m([22m[2m)[22m failed

    Locator: locator('[data-testid=\'page-history\']')
    Expected: visible
    Timeout: 10000ms
    Error: element(s) not found

    Call log:
    [2m  - Expect "toBeVisible" with timeout 10000ms[22m
    [2m  - waiting for locator('[data-testid=\'page-history\']')[22m


      331 |
      332 |     await expect(page.locator("[data-testid='history-gate-overlay']")).not.toBeVisible();
    > 333 |     await expect(page.locator("[data-testid='page-history']")).toBeVisible({ timeout: 10_000 });
          |                                                                ^
      334 |   });
      335 |
      336 |   test("history API returns 403 pro_required for free tier requests @smoke", async ({
        at /Users/michaelfuscoletti/Desktop/scroll-down-web/web/tests/fairbet/phase9.spec.ts:333:64

    attachment #1: screenshot (image/png) ──────────────────────────────────────────────────────────
    test-results/fairbet-phase9-History-Pro-50531--content-without-gate-smoke-mobile/test-failed-1.png
    ────────────────────────────────────────────────────────────────────────────────────────────────

    attachment #2: video (video/webm) ──────────────────────────────────────────────────────────────
    test-results/fairbet-phase9-History-Pro-50531--content-without-gate-smoke-mobile/video.webm
    ────────────────────────────────────────────────────────────────────────────────────────────────

    Error Context: test-results/fairbet-phase9-History-Pro-50531--content-without-gate-smoke-mobile/error-context.md

  61) [mobile] › tests/freemium/billing.spec.ts:81:7 › GET /api/billing/portal › returns 404 when authenticated but no Stripe customer @smoke 

    Error: [2mexpect([22m[31mreceived[39m[2m).[22mtoBeTruthy[2m()[22m

    Received: [31mundefined[39m

      35 |   const cookies = await request.storageState();
      36 |   const session = cookies.cookies.find((c) => c.name === "sd-session");
    > 37 |   expect(session).toBeTruthy();
         |                   ^
      38 |   return session!.value;
      39 | }
      40 |
        at signInAs (/Users/michaelfuscoletti/Desktop/scroll-down-web/web/tests/freemium/billing.spec.ts:37:19)
        at /Users/michaelfuscoletti/Desktop/scroll-down-web/web/tests/freemium/billing.spec.ts:85:5

    Error Context: test-results/freemium-billing-GET-api-b-04c13-ut-no-Stripe-customer-smoke-mobile/error-context.md

  62) [mobile] › tests/freemium/billing.spec.ts:154:7 › ProGateSheet — checkout CTA › Upgrade to Pro button is present and not disabled when sheet is open @smoke 

    [31mTest timeout of 30000ms exceeded.[39m

    Error: page.waitForFunction: Test timeout of 30000ms exceeded.

       7 | async function waitForProGateTestHook(page: Page): Promise<void> {
       8 |   await waitForLoad(page);
    >  9 |   await page.waitForFunction(
         |              ^
      10 |     () =>
      11 |       typeof (window as unknown as { __openProGateSheet?: unknown }).__openProGateSheet ===
      12 |       "function",
        at waitForProGateTestHook (/Users/michaelfuscoletti/Desktop/scroll-down-web/web/tests/freemium/billing.spec.ts:9:14)
        at /Users/michaelfuscoletti/Desktop/scroll-down-web/web/tests/freemium/billing.spec.ts:158:5

    attachment #1: screenshot (image/png) ──────────────────────────────────────────────────────────
    test-results/freemium-billing-ProGateSh-a301c-ed-when-sheet-is-open-smoke-mobile/test-failed-1.png
    ────────────────────────────────────────────────────────────────────────────────────────────────

    attachment #2: video (video/webm) ──────────────────────────────────────────────────────────────
    test-results/freemium-billing-ProGateSh-a301c-ed-when-sheet-is-open-smoke-mobile/video.webm
    ────────────────────────────────────────────────────────────────────────────────────────────────

    Error Context: test-results/freemium-billing-ProGateSh-a301c-ed-when-sheet-is-open-smoke-mobile/error-context.md

  63) [mobile] › tests/freemium/billing.spec.ts:171:7 › ProGateSheet — checkout CTA › unauthenticated upgrade click redirects to /login @smoke 

    [31mTest timeout of 30000ms exceeded.[39m

    Error: page.waitForFunction: Test timeout of 30000ms exceeded.

       7 | async function waitForProGateTestHook(page: Page): Promise<void> {
       8 |   await waitForLoad(page);
    >  9 |   await page.waitForFunction(
         |              ^
      10 |     () =>
      11 |       typeof (window as unknown as { __openProGateSheet?: unknown }).__openProGateSheet ===
      12 |       "function",
        at waitForProGateTestHook (/Users/michaelfuscoletti/Desktop/scroll-down-web/web/tests/freemium/billing.spec.ts:9:14)
        at /Users/michaelfuscoletti/Desktop/scroll-down-web/web/tests/freemium/billing.spec.ts:175:5

    attachment #1: screenshot (image/png) ──────────────────────────────────────────────────────────
    test-results/freemium-billing-ProGateSh-1f685-ck-redirects-to-login-smoke-mobile/test-failed-1.png
    ────────────────────────────────────────────────────────────────────────────────────────────────

    attachment #2: video (video/webm) ──────────────────────────────────────────────────────────────
    test-results/freemium-billing-ProGateSh-1f685-ck-redirects-to-login-smoke-mobile/video.webm
    ────────────────────────────────────────────────────────────────────────────────────────────────

    Error Context: test-results/freemium-billing-ProGateSh-1f685-ck-redirects-to-login-smoke-mobile/error-context.md

  64) [mobile] › tests/freemium/pro-gate-sheet.spec.ts:19:7 › ProGateSheet — upgrade prompt › sheet opens and shows benefit copy for the requested feature @smoke 

    Error: page.evaluate: Error: __openProGateSheet not mounted
        at eval (eval at evaluate (:302:30), <anonymous>:3:20)
        at UtilityScript.evaluate (<anonymous>:304:16)
        at UtilityScript.<anonymous> (<anonymous>:1:44)
        at eval (eval at evaluate (:302:30), <anonymous>:3:20)
        at UtilityScript.evaluate (<anonymous>:304:16)
        at UtilityScript.<anonymous> (<anonymous>:1:44)
        at openSheet (/Users/michaelfuscoletti/Desktop/scroll-down-web/web/tests/freemium/pro-gate-sheet.spec.ts:7:14)
        at /Users/michaelfuscoletti/Desktop/scroll-down-web/web/tests/freemium/pro-gate-sheet.spec.ts:24:11

    attachment #1: screenshot (image/png) ──────────────────────────────────────────────────────────
    test-results/freemium-pro-gate-sheet-Pr-569fb-the-requested-feature-smoke-mobile/test-failed-1.png
    ────────────────────────────────────────────────────────────────────────────────────────────────

    attachment #2: video (video/webm) ──────────────────────────────────────────────────────────────
    test-results/freemium-pro-gate-sheet-Pr-569fb-the-requested-feature-smoke-mobile/video.webm
    ────────────────────────────────────────────────────────────────────────────────────────────────

    Error Context: test-results/freemium-pro-gate-sheet-Pr-569fb-the-requested-feature-smoke-mobile/error-context.md

  65) [mobile] › tests/freemium/pro-gate-sheet.spec.ts:36:7 › ProGateSheet — upgrade prompt › sheet displays monthly and annual pricing @smoke 

    Error: page.evaluate: Error: __openProGateSheet not mounted
        at eval (eval at evaluate (:302:30), <anonymous>:3:20)
        at UtilityScript.evaluate (<anonymous>:304:16)
        at UtilityScript.<anonymous> (<anonymous>:1:44)
        at eval (eval at evaluate (:302:30), <anonymous>:3:20)
        at UtilityScript.evaluate (<anonymous>:304:16)
        at UtilityScript.<anonymous> (<anonymous>:1:44)
        at openSheet (/Users/michaelfuscoletti/Desktop/scroll-down-web/web/tests/freemium/pro-gate-sheet.spec.ts:7:14)
        at /Users/michaelfuscoletti/Desktop/scroll-down-web/web/tests/freemium/pro-gate-sheet.spec.ts:38:11

    attachment #1: screenshot (image/png) ──────────────────────────────────────────────────────────
    test-results/freemium-pro-gate-sheet-Pr-69be7-ly-and-annual-pricing-smoke-mobile/test-failed-1.png
    ────────────────────────────────────────────────────────────────────────────────────────────────

    attachment #2: video (video/webm) ──────────────────────────────────────────────────────────────
    test-results/freemium-pro-gate-sheet-Pr-69be7-ly-and-annual-pricing-smoke-mobile/video.webm
    ────────────────────────────────────────────────────────────────────────────────────────────────

    Error Context: test-results/freemium-pro-gate-sheet-Pr-69be7-ly-and-annual-pricing-smoke-mobile/error-context.md

  66) [mobile] › tests/freemium/pro-gate-sheet.spec.ts:53:7 › ProGateSheet — upgrade prompt › dismissing sheet via close button hides the sheet @smoke 

    Error: page.evaluate: Error: __openProGateSheet not mounted
        at eval (eval at evaluate (:302:30), <anonymous>:3:20)
        at UtilityScript.evaluate (<anonymous>:304:16)
        at UtilityScript.<anonymous> (<anonymous>:1:44)
        at eval (eval at evaluate (:302:30), <anonymous>:3:20)
        at UtilityScript.evaluate (<anonymous>:304:16)
        at UtilityScript.<anonymous> (<anonymous>:1:44)
        at openSheet (/Users/michaelfuscoletti/Desktop/scroll-down-web/web/tests/freemium/pro-gate-sheet.spec.ts:7:14)
        at /Users/michaelfuscoletti/Desktop/scroll-down-web/web/tests/freemium/pro-gate-sheet.spec.ts:55:11

    attachment #1: screenshot (image/png) ──────────────────────────────────────────────────────────
    test-results/freemium-pro-gate-sheet-Pr-f4b28-utton-hides-the-sheet-smoke-mobile/test-failed-1.png
    ────────────────────────────────────────────────────────────────────────────────────────────────

    attachment #2: video (video/webm) ──────────────────────────────────────────────────────────────
    test-results/freemium-pro-gate-sheet-Pr-f4b28-utton-hides-the-sheet-smoke-mobile/video.webm
    ────────────────────────────────────────────────────────────────────────────────────────────────

    Error Context: test-results/freemium-pro-gate-sheet-Pr-f4b28-utton-hides-the-sheet-smoke-mobile/error-context.md

  67) [mobile] › tests/freemium/pro-gate-sheet.spec.ts:102:7 › ProGateSheet — upgrade prompt › sheet shows 'Create free account' for anonymous users @smoke 

    Error: page.evaluate: Error: __openProGateSheet not mounted
        at eval (eval at evaluate (:302:30), <anonymous>:3:20)
        at UtilityScript.evaluate (<anonymous>:304:16)
        at UtilityScript.<anonymous> (<anonymous>:1:44)
        at eval (eval at evaluate (:302:30), <anonymous>:3:20)
        at UtilityScript.evaluate (<anonymous>:304:16)
        at UtilityScript.<anonymous> (<anonymous>:1:44)
        at openSheet (/Users/michaelfuscoletti/Desktop/scroll-down-web/web/tests/freemium/pro-gate-sheet.spec.ts:7:14)
        at /Users/michaelfuscoletti/Desktop/scroll-down-web/web/tests/freemium/pro-gate-sheet.spec.ts:107:11

    attachment #1: screenshot (image/png) ──────────────────────────────────────────────────────────
    test-results/freemium-pro-gate-sheet-Pr-be8b5-t-for-anonymous-users-smoke-mobile/test-failed-1.png
    ────────────────────────────────────────────────────────────────────────────────────────────────

    attachment #2: video (video/webm) ──────────────────────────────────────────────────────────────
    test-results/freemium-pro-gate-sheet-Pr-be8b5-t-for-anonymous-users-smoke-mobile/video.webm
    ────────────────────────────────────────────────────────────────────────────────────────────────

    Error Context: test-results/freemium-pro-gate-sheet-Pr-be8b5-t-for-anonymous-users-smoke-mobile/error-context.md

  68) [mobile] › tests/freemium/pro-gate.spec.ts:33:7 › Pro gate — tier store › generates and persists a stable anon ID @smoke 

    Error: [2mexpect([22m[31mreceived[39m[2m).[22mnot[2m.[22mtoBeNull[2m()[22m

    Received: [31mnull[39m

      35 |
      36 |     const state1 = await getStoredTier(page);
    > 37 |     expect(state1).not.toBeNull();
         |                        ^
      38 |     expect(state1!.anonId).toMatch(UUID_RE);
      39 |
      40 |     // Reload — ID must be the same
        at /Users/michaelfuscoletti/Desktop/scroll-down-web/web/tests/freemium/pro-gate.spec.ts:37:24

    attachment #1: screenshot (image/png) ──────────────────────────────────────────────────────────
    test-results/freemium-pro-gate-Pro-gate-b6b56-ists-a-stable-anon-ID-smoke-mobile/test-failed-1.png
    ────────────────────────────────────────────────────────────────────────────────────────────────

    attachment #2: video (video/webm) ──────────────────────────────────────────────────────────────
    test-results/freemium-pro-gate-Pro-gate-b6b56-ists-a-stable-anon-ID-smoke-mobile/video.webm
    ────────────────────────────────────────────────────────────────────────────────────────────────

    Error Context: test-results/freemium-pro-gate-Pro-gate-b6b56-ists-a-stable-anon-ID-smoke-mobile/error-context.md

  69) [mobile] › tests/freemium/pro-gate.spec.ts:46:7 › Pro gate — tier store › sd-anon-id cookie is set after page load @smoke 

    Error: [2mexpect([22m[31mreceived[39m[2m).[22mnot[2m.[22mtoBeNull[2m()[22m

    Received: [31mnull[39m

      48 |
      49 |     const anonCookie = await getAnonCookie(page);
    > 50 |     expect(anonCookie).not.toBeNull();
         |                            ^
      51 |     expect(anonCookie).toMatch(UUID_RE);
      52 |   });
      53 |
        at /Users/michaelfuscoletti/Desktop/scroll-down-web/web/tests/freemium/pro-gate.spec.ts:50:28

    attachment #1: screenshot (image/png) ──────────────────────────────────────────────────────────
    test-results/freemium-pro-gate-Pro-gate-1f136-s-set-after-page-load-smoke-mobile/test-failed-1.png
    ────────────────────────────────────────────────────────────────────────────────────────────────

    attachment #2: video (video/webm) ──────────────────────────────────────────────────────────────
    test-results/freemium-pro-gate-Pro-gate-1f136-s-set-after-page-load-smoke-mobile/video.webm
    ────────────────────────────────────────────────────────────────────────────────────────────────

    Error Context: test-results/freemium-pro-gate-Pro-gate-1f136-s-set-after-page-load-smoke-mobile/error-context.md

  70) [mobile] › tests/freemium/pro-gate.spec.ts:54:7 › Pro gate — tier store › sd-tier cookie is set to free by default @smoke 

    Error: [2mexpect([22m[31mreceived[39m[2m).[22mtoBe[2m([22m[32mexpected[39m[2m) // Object.is equality[22m

    Expected: [32m"free"[39m
    Received: [31mnull[39m

      56 |
      57 |     const tierCookie = await getTierCookie(page);
    > 58 |     expect(tierCookie).toBe("free");
         |                        ^
      59 |   });
      60 |
      61 |   test("default tier is free", async ({ page }) => {
        at /Users/michaelfuscoletti/Desktop/scroll-down-web/web/tests/freemium/pro-gate.spec.ts:58:24

    attachment #1: screenshot (image/png) ──────────────────────────────────────────────────────────
    test-results/freemium-pro-gate-Pro-gate-ecb8f-et-to-free-by-default-smoke-mobile/test-failed-1.png
    ────────────────────────────────────────────────────────────────────────────────────────────────

    attachment #2: video (video/webm) ──────────────────────────────────────────────────────────────
    test-results/freemium-pro-gate-Pro-gate-ecb8f-et-to-free-by-default-smoke-mobile/video.webm
    ────────────────────────────────────────────────────────────────────────────────────────────────

    Error Context: test-results/freemium-pro-gate-Pro-gate-ecb8f-et-to-free-by-default-smoke-mobile/error-context.md

  71) [mobile] › tests/freemium/pro-gate.spec.ts:78:7 › Pro gate — tier store › ?tier=pro query param sets tier cookie in dev mode @smoke 

    Error: [2mexpect([22m[31mreceived[39m[2m).[22mtoBe[2m([22m[32mexpected[39m[2m) // Object.is equality[22m

    Expected: [32m"free"[39m
    Received: [31mnull[39m

      84 |     // Cookie and stored state must agree regardless of whether the override fired.
      85 |     // In production the override is a no-op; in dev both become 'pro'.
    > 86 |     expect(tierCookie).toBe(state?.tier ?? "free");
         |                        ^
      87 |   });
      88 | });
      89 |
        at /Users/michaelfuscoletti/Desktop/scroll-down-web/web/tests/freemium/pro-gate.spec.ts:86:24

    attachment #1: screenshot (image/png) ──────────────────────────────────────────────────────────
    test-results/freemium-pro-gate-Pro-gate-dec21-er-cookie-in-dev-mode-smoke-mobile/test-failed-1.png
    ────────────────────────────────────────────────────────────────────────────────────────────────

    attachment #2: video (video/webm) ──────────────────────────────────────────────────────────────
    test-results/freemium-pro-gate-Pro-gate-dec21-er-cookie-in-dev-mode-smoke-mobile/video.webm
    ────────────────────────────────────────────────────────────────────────────────────────────────

    Error Context: test-results/freemium-pro-gate-Pro-gate-dec21-er-cookie-in-dev-mode-smoke-mobile/error-context.md

  72) [mobile] › tests/freemium/tier-gating-suite.spec.ts:27:7 › ISSUE-047 / free tier gated feature › free user opening a gated feature sees ProGateSheet, then dismisses @smoke 

    Error: [2mexpect([22m[31mreceived[39m[2m).[22mtoBe[2m([22m[32mexpected[39m[2m) // Object.is equality[22m

    Expected: [32m"free"[39m
    Received: [31mnull[39m

      29 |   }) => {
      30 |     await page.goto("/?tier=free");
    > 31 |     expect(await cookieValue(page, "sd-tier")).toBe("free");
         |                                                ^
      32 |
      33 |     await openGate(page, "live_odds");
      34 |     const sheet = page.locator("[data-testid='pro-gate-sheet']");
        at /Users/michaelfuscoletti/Desktop/scroll-down-web/web/tests/freemium/tier-gating-suite.spec.ts:31:48

    attachment #1: screenshot (image/png) ──────────────────────────────────────────────────────────
    test-results/freemium-tier-gating-suite-77b98-eSheet-then-dismisses-smoke-mobile/test-failed-1.png
    ────────────────────────────────────────────────────────────────────────────────────────────────

    attachment #2: video (video/webm) ──────────────────────────────────────────────────────────────
    test-results/freemium-tier-gating-suite-77b98-eSheet-then-dismisses-smoke-mobile/video.webm
    ────────────────────────────────────────────────────────────────────────────────────────────────

    Error Context: test-results/freemium-tier-gating-suite-77b98-eSheet-then-dismisses-smoke-mobile/error-context.md

  73) [mobile] › tests/freemium/tier-gating-suite.spec.ts:135:7 › ISSUE-047 / sign-out restores gate › after sign-out user is anonymous and gated feature reopens sheet @smoke 

    Error: page.evaluate: Error: __openProGateSheet not mounted
        at eval (eval at evaluate (:302:30), <anonymous>:3:20)
        at UtilityScript.evaluate (<anonymous>:304:16)
        at UtilityScript.<anonymous> (<anonymous>:1:44)
        at eval (eval at evaluate (:302:30), <anonymous>:3:20)
        at UtilityScript.evaluate (<anonymous>:304:16)
        at UtilityScript.<anonymous> (<anonymous>:1:44)
        at openGate (/Users/michaelfuscoletti/Desktop/scroll-down-web/web/tests/freemium/tier-gating-suite.spec.ts:10:14)
        at /Users/michaelfuscoletti/Desktop/scroll-down-web/web/tests/freemium/tier-gating-suite.spec.ts:164:11

    attachment #1: screenshot (image/png) ──────────────────────────────────────────────────────────
    test-results/freemium-tier-gating-suite-77865-feature-reopens-sheet-smoke-mobile/test-failed-1.png
    ────────────────────────────────────────────────────────────────────────────────────────────────

    attachment #2: video (video/webm) ──────────────────────────────────────────────────────────────
    test-results/freemium-tier-gating-suite-77865-feature-reopens-sheet-smoke-mobile/video.webm
    ────────────────────────────────────────────────────────────────────────────────────────────────

    Error Context: test-results/freemium-tier-gating-suite-77865-feature-reopens-sheet-smoke-mobile/error-context.md

  74) [mobile] › tests/game/story-generation.spec.ts:233:7 › story-generation — NBA @smoke › comeback: no banned phrases, valid word/sentence counts 

    Error: Unexpected 401 for {"sport":"NBA","homeTeam":"Nets","awayTeam":"Knicks","homeScore":108,"awayScore":100,"playerStats":[{"team":"Nets","playerName":"Ben Simmons","points":22,"rebounds":9,"assists":11,"rawStats":{}},{"team":"Knicks","playerName":"Julius Randle","points":35,"rebounds":11,"assists":5,"rawStats":{}}],"plays":[{"playIndex":1,"quarter":1,"homeScore":0,"awayScore":18,"scoreChanged":true,"pointsScored":18,"periodLabel":"Q1"},{"playIndex":2,"quarter":2,"homeScore":10,"awayScore":22,"scoreChanged":true,"pointsScored":10,"periodLabel":"Q2"},{"playIndex":3,"quarter":3,"homeScore":30,"awayScore":30,"scoreChanged":true,"pointsScored":20,"periodLabel":"Q3"},{"playIndex":4,"quarter":4,"homeScore":55,"awayScore":40,"scoreChanged":true,"pointsScored":25,"periodLabel":"Q4"},{"playIndex":5,"quarter":4,"homeScore":108,"awayScore":100,"scoreChanged":true,"pointsScored":8,"tier":1,"description":"Simmons finishes the alley-oop to seal it","periodLabel":"Q4"}]}

    [2mexpect([22m[31mreceived[39m[2m).[22mtoBe[2m([22m[32mexpected[39m[2m) // Object.is equality[22m

    Expected: [32mtrue[39m
    Received: [31mfalse[39m

      214 |   }
      215 |
    > 216 |   expect(res.ok(), `Unexpected ${res.status()} for ${JSON.stringify(box)}`).toBe(true);
          |                                                                             ^
      217 |   return (await res.json()) as StoryResponse;
      218 | }
      219 |
        at postStory (/Users/michaelfuscoletti/Desktop/scroll-down-web/web/tests/game/story-generation.spec.ts:216:77)
        at /Users/michaelfuscoletti/Desktop/scroll-down-web/web/tests/game/story-generation.spec.ts:234:20

    Error Context: test-results/game-story-generation-stor-703aa--valid-word-sentence-counts-mobile/error-context.md

  75) [mobile] › tests/game/story-generation.spec.ts:242:7 › story-generation — NBA @smoke › blowout: no banned phrases, valid word/sentence counts 

    Error: Unexpected 401 for {"sport":"NBA","homeTeam":"Bucks","awayTeam":"Pistons","homeScore":128,"awayScore":94,"playerStats":[{"team":"Bucks","playerName":"Giannis Antetokounmpo","points":42,"rebounds":14,"assists":6,"rawStats":{}},{"team":"Bucks","playerName":"Khris Middleton","points":31,"rebounds":6,"assists":4,"rawStats":{}}],"plays":[{"playIndex":1,"quarter":1,"homeScore":12,"awayScore":4,"scoreChanged":true,"pointsScored":8,"periodLabel":"Q1"},{"playIndex":2,"quarter":2,"homeScore":38,"awayScore":14,"scoreChanged":true,"pointsScored":10,"periodLabel":"Q2"},{"playIndex":3,"quarter":3,"homeScore":80,"awayScore":50,"scoreChanged":true,"pointsScored":8,"periodLabel":"Q3"},{"playIndex":4,"quarter":4,"homeScore":128,"awayScore":94,"scoreChanged":true,"pointsScored":6,"periodLabel":"Q4"}]}

    [2mexpect([22m[31mreceived[39m[2m).[22mtoBe[2m([22m[32mexpected[39m[2m) // Object.is equality[22m

    Expected: [32mtrue[39m
    Received: [31mfalse[39m

      214 |   }
      215 |
    > 216 |   expect(res.ok(), `Unexpected ${res.status()} for ${JSON.stringify(box)}`).toBe(true);
          |                                                                             ^
      217 |   return (await res.json()) as StoryResponse;
      218 | }
      219 |
        at postStory (/Users/michaelfuscoletti/Desktop/scroll-down-web/web/tests/game/story-generation.spec.ts:216:77)
        at /Users/michaelfuscoletti/Desktop/scroll-down-web/web/tests/game/story-generation.spec.ts:243:20

    Error Context: test-results/game-story-generation-stor-774e4--valid-word-sentence-counts-mobile/error-context.md

  76) [mobile] › tests/game/story-generation.spec.ts:251:7 › story-generation — NBA @smoke › defensive: no banned phrases, valid word/sentence counts 

    Error: Unexpected 401 for {"sport":"NBA","homeTeam":"Jazz","awayTeam":"Grizzlies","homeScore":88,"awayScore":82,"playerStats":[{"team":"Jazz","playerName":"Walker Kessler","points":14,"rebounds":16,"assists":3,"rawStats":{}},{"team":"Grizzlies","playerName":"Ja Morant","points":26,"rebounds":6,"assists":9,"rawStats":{}}],"plays":[{"playIndex":1,"quarter":1,"homeScore":0,"awayScore":5,"scoreChanged":true,"pointsScored":5,"periodLabel":"Q1"},{"playIndex":2,"quarter":2,"homeScore":8,"awayScore":5,"scoreChanged":true,"pointsScored":8,"periodLabel":"Q2"},{"playIndex":3,"quarter":3,"homeScore":20,"awayScore":18,"scoreChanged":true,"pointsScored":5,"periodLabel":"Q3"},{"playIndex":4,"quarter":4,"homeScore":88,"awayScore":82,"scoreChanged":true,"pointsScored":4,"tier":1,"description":"Kessler blocks Morant's drive to preserve the lead","periodLabel":"Q4"}]}

    [2mexpect([22m[31mreceived[39m[2m).[22mtoBe[2m([22m[32mexpected[39m[2m) // Object.is equality[22m

    Expected: [32mtrue[39m
    Received: [31mfalse[39m

      214 |   }
      215 |
    > 216 |   expect(res.ok(), `Unexpected ${res.status()} for ${JSON.stringify(box)}`).toBe(true);
          |                                                                             ^
      217 |   return (await res.json()) as StoryResponse;
      218 | }
      219 |
        at postStory (/Users/michaelfuscoletti/Desktop/scroll-down-web/web/tests/game/story-generation.spec.ts:216:77)
        at /Users/michaelfuscoletti/Desktop/scroll-down-web/web/tests/game/story-generation.spec.ts:252:20

    Error Context: test-results/game-story-generation-stor-5fd42--valid-word-sentence-counts-mobile/error-context.md

  77) [mobile] › tests/game/story-generation.spec.ts:326:7 › story API — validation contract @smoke › returns 400 for missing required fields 

    Error: [2mexpect([22m[31mreceived[39m[2m).[22mtoBe[2m([22m[32mexpected[39m[2m) // Object.is equality[22m

    Expected: [32m400[39m
    Received: [31m401[39m

      326 |   test("returns 400 for missing required fields", async ({ request }) => {
      327 |     const res = await request.post(ENDPOINT, { data: { sport: "NBA" } });
    > 328 |     expect(res.status()).toBe(400);
          |                          ^
      329 |   });
      330 |
      331 |   test("returns 503 or a valid story structure", async ({ request }) => {
        at /Users/michaelfuscoletti/Desktop/scroll-down-web/web/tests/game/story-generation.spec.ts:328:26

    Error Context: test-results/game-story-generation-stor-68682-for-missing-required-fields-mobile/error-context.md

  78) [mobile] › tests/game/story-generation.spec.ts:331:7 › story API — validation contract @smoke › returns 503 or a valid story structure 

    Error: [2mexpect([22m[31mreceived[39m[2m).[22mtoContain[2m([22m[32mexpected[39m[2m) // indexOf[22m

    Expected value: [32m401[39m
    Received array: [31m[200, 503][39m

      331 |   test("returns 503 or a valid story structure", async ({ request }) => {
      332 |     const res = await request.post(ENDPOINT, { data: NBA_COMEBACK });
    > 333 |     expect([200, 503]).toContain(res.status());
          |                        ^
      334 |     if (res.status() === 200) {
      335 |       const body = (await res.json()) as Record<string, unknown>;
      336 |       expect(typeof body.story).toBe("string");
        at /Users/michaelfuscoletti/Desktop/scroll-down-web/web/tests/game/story-generation.spec.ts:333:24

    Error Context: test-results/game-story-generation-stor-84849--or-a-valid-story-structure-mobile/error-context.md

  79) [mobile] › tests/nav/nav-visibility.spec.ts:4:7 › Nav visibility @smoke › logged-out user sees exactly Games and FairBet nav links 

    Error: [2mexpect([22m[31mlocator[39m[2m).[22mtoBeVisible[2m([22m[2m)[22m failed

    Locator: locator('[data-testid=\'top-nav\'] nav').getByRole('link', { name: 'Games' })
    Expected: visible
    Timeout: 10000ms
    Error: element(s) not found

    Call log:
    [2m  - Expect "toBeVisible" with timeout 10000ms[22m
    [2m  - waiting for locator('[data-testid=\'top-nav\'] nav').getByRole('link', { name: 'Games' })[22m


       7 |     const links = nav.locator("a[href]").filter({ hasText: /^(Games|FairBet|Golf|Analytics|History)$/ });
       8 |     await expect(links).toHaveCount(2);
    >  9 |     await expect(nav.getByRole("link", { name: "Games" })).toBeVisible();
         |                                                            ^
      10 |     await expect(nav.getByRole("link", { name: "FairBet" })).toBeVisible();
      11 |   });
      12 | });
        at /Users/michaelfuscoletti/Desktop/scroll-down-web/web/tests/nav/nav-visibility.spec.ts:9:60

    attachment #1: screenshot (image/png) ──────────────────────────────────────────────────────────
    test-results/nav-nav-visibility-Nav-vis-cc73f-Games-and-FairBet-nav-links-mobile/test-failed-1.png
    ────────────────────────────────────────────────────────────────────────────────────────────────

    attachment #2: video (video/webm) ──────────────────────────────────────────────────────────────
    test-results/nav-nav-visibility-Nav-vis-cc73f-Games-and-FairBet-nav-links-mobile/video.webm
    ────────────────────────────────────────────────────────────────────────────────────────────────

    Error Context: test-results/nav-nav-visibility-Nav-vis-cc73f-Games-and-FairBet-nav-links-mobile/error-context.md

  80) [mobile] › tests/pwa/install-and-offline.spec.ts:37:7 › PWA install prompt › appears on second session when beforeinstallprompt fires @smoke 

    Error: [2mexpect([22m[31mlocator[39m[2m).[22mtoBeVisible[2m([22m[2m)[22m failed

    Locator: getByTestId('pwa-install-prompt')
    Expected: visible
    Timeout: 3000ms
    Error: element(s) not found

    Call log:
    [2m  - Expect "toBeVisible" with timeout 3000ms[22m
    [2m  - waiting for getByTestId('pwa-install-prompt')[22m


      50 |
      51 |     const prompt = page.getByTestId("pwa-install-prompt");
    > 52 |     await expect(prompt).toBeVisible({ timeout: 3_000 });
         |                          ^
      53 |   });
      54 |
      55 |   test("dismiss persists — prompt never reappears", async ({ page }) => {
        at /Users/michaelfuscoletti/Desktop/scroll-down-web/web/tests/pwa/install-and-offline.spec.ts:52:26

    attachment #1: screenshot (image/png) ──────────────────────────────────────────────────────────
    test-results/pwa-install-and-offline-PW-391e7-reinstallprompt-fires-smoke-mobile/test-failed-1.png
    ────────────────────────────────────────────────────────────────────────────────────────────────

    attachment #2: video (video/webm) ──────────────────────────────────────────────────────────────
    test-results/pwa-install-and-offline-PW-391e7-reinstallprompt-fires-smoke-mobile/video.webm
    ────────────────────────────────────────────────────────────────────────────────────────────────

    Error Context: test-results/pwa-install-and-offline-PW-391e7-reinstallprompt-fires-smoke-mobile/error-context.md

  81) [mobile] › tests/pwa/install-and-offline.spec.ts:133:7 › Offline banner › auto-dismisses within 3s of reconnection @smoke 

    Error: [2mexpect([22m[31mlocator[39m[2m).not.[22mtoBeVisible[2m([22m[2m)[22m failed

    Locator:  getByTestId('offline-banner')
    Expected: not visible
    Received: visible
    Timeout:  4000ms

    Call log:
    [2m  - Expect "not toBeVisible" with timeout 4000ms[22m
    [2m  - waiting for getByTestId('offline-banner')[22m
    [2m    8 × locator resolved to <div role="status" aria-live="polite" aria-atomic="true" data-testid="offline-banner" class="w-full bg-neutral-800 border-b border-neutral-700">…</div>[22m
    [2m      - unexpected value "visible"[22m


      148 |
      149 |     // Banner should disappear within 4s (3s auto-dismiss + margin)
    > 150 |     await expect(banner).not.toBeVisible({ timeout: 4_000 });
          |                              ^
      151 |   });
      152 |
      153 |   test("does not overlap reveal overlay or nav zones", async ({ page, context }) => {
        at /Users/michaelfuscoletti/Desktop/scroll-down-web/web/tests/pwa/install-and-offline.spec.ts:150:30

    attachment #1: screenshot (image/png) ──────────────────────────────────────────────────────────
    test-results/pwa-install-and-offline-Of-e2f8f-in-3s-of-reconnection-smoke-mobile/test-failed-1.png
    ────────────────────────────────────────────────────────────────────────────────────────────────

    attachment #2: video (video/webm) ──────────────────────────────────────────────────────────────
    test-results/pwa-install-and-offline-Of-e2f8f-in-3s-of-reconnection-smoke-mobile/video.webm
    ────────────────────────────────────────────────────────────────────────────────────────────────

    Error Context: test-results/pwa-install-and-offline-Of-e2f8f-in-3s-of-reconnection-smoke-mobile/error-context.md

  82) [mobile] › tests/pwa/offline-scenarios.spec.ts:113:7 › PWA offline scenarios @smoke › game list renders from SW cache when API requests are blocked @smoke 

    [31mTest timeout of 30000ms exceeded.[39m

    attachment #1: screenshot (image/png) ──────────────────────────────────────────────────────────
    test-results/pwa-offline-scenarios-PWA--6331b--requests-are-blocked-smoke-mobile/test-failed-2.png
    ────────────────────────────────────────────────────────────────────────────────────────────────

    attachment #2: screenshot (image/png) ──────────────────────────────────────────────────────────
    test-results/pwa-offline-scenarios-PWA--6331b--requests-are-blocked-smoke-mobile/test-failed-1.png
    ────────────────────────────────────────────────────────────────────────────────────────────────

    attachment #3: video (video/webm) ──────────────────────────────────────────────────────────────
    test-results/pwa-offline-scenarios-PWA--6331b--requests-are-blocked-smoke-mobile/video.webm
    ────────────────────────────────────────────────────────────────────────────────────────────────

    Error Context: test-results/pwa-offline-scenarios-PWA--6331b--requests-are-blocked-smoke-mobile/error-context.md

  83) [mobile] › tests/pwa/offline-scenarios.spec.ts:201:7 › PWA offline scenarios @smoke › offline banner appears within 2s of route block and auto-dismisses within 3s of unblock @smoke 

    Error: [2mexpect([22m[31mlocator[39m[2m).not.[22mtoBeVisible[2m([22m[2m)[22m failed

    Locator:  getByTestId('offline-banner')
    Expected: not visible
    Received: visible
    Timeout:  4000ms

    Call log:
    [2m  - Expect "not toBeVisible" with timeout 4000ms[22m
    [2m  - waiting for getByTestId('offline-banner')[22m
    [2m    8 × locator resolved to <div role="status" aria-live="polite" aria-atomic="true" data-testid="offline-banner" class="w-full bg-neutral-800 border-b border-neutral-700">…</div>[22m
    [2m      - unexpected value "visible"[22m


      223 |       // Banner auto-dismisses after PWA.OFFLINE_AUTO_DISMISS_MS (default 3 000 ms).
      224 |       // Allow an extra 1s margin for JS microtask scheduling.
    > 225 |       await expect(banner).not.toBeVisible({ timeout: 4_000 });
          |                                ^
      226 |     },
      227 |   );
      228 |
        at /Users/michaelfuscoletti/Desktop/scroll-down-web/web/tests/pwa/offline-scenarios.spec.ts:225:32

    attachment #1: screenshot (image/png) ──────────────────────────────────────────────────────────
    test-results/pwa-offline-scenarios-PWA--a4830--within-3s-of-unblock-smoke-mobile/test-failed-1.png
    ────────────────────────────────────────────────────────────────────────────────────────────────

    attachment #2: video (video/webm) ──────────────────────────────────────────────────────────────
    test-results/pwa-offline-scenarios-PWA--a4830--within-3s-of-unblock-smoke-mobile/video.webm
    ────────────────────────────────────────────────────────────────────────────────────────────────

    Error Context: test-results/pwa-offline-scenarios-PWA--a4830--within-3s-of-unblock-smoke-mobile/error-context.md

  84) [mobile] › tests/pwa/offline-scenarios.spec.ts:231:7 › PWA offline scenarios @smoke › install prompt appears on simulated second session @smoke 

    Error: [2mexpect([22m[31mlocator[39m[2m).[22mtoBeVisible[2m([22m[2m)[22m failed

    Locator: getByTestId('pwa-install-prompt')
    Expected: visible
    Timeout: 3000ms
    Error: element(s) not found

    Call log:
    [2m  - Expect "toBeVisible" with timeout 3000ms[22m
    [2m  - waiting for getByTestId('pwa-install-prompt')[22m


      256 |
      257 |       const prompt = page.getByTestId("pwa-install-prompt");
    > 258 |       await expect(prompt).toBeVisible({ timeout: 3_000 });
          |                            ^
      259 |     },
      260 |   );
      261 | });
        at /Users/michaelfuscoletti/Desktop/scroll-down-web/web/tests/pwa/offline-scenarios.spec.ts:258:28

    attachment #1: screenshot (image/png) ──────────────────────────────────────────────────────────
    test-results/pwa-offline-scenarios-PWA--b903e-ulated-second-session-smoke-mobile/test-failed-1.png
    ────────────────────────────────────────────────────────────────────────────────────────────────

    attachment #2: video (video/webm) ──────────────────────────────────────────────────────────────
    test-results/pwa-offline-scenarios-PWA--b903e-ulated-second-session-smoke-mobile/video.webm
    ────────────────────────────────────────────────────────────────────────────────────────────────

    Error Context: test-results/pwa-offline-scenarios-PWA--b903e-ulated-second-session-smoke-mobile/error-context.md

  85) [mobile] › tests/pwa/service-worker.spec.ts:7:7 › Service Worker › registers and activates on first load @smoke 

    [31mTest timeout of 30000ms exceeded.[39m

    Error: page.evaluate: Target page, context or browser has been closed

      19 |     if (!controlled) {
      20 |       // SW may still be activating — check registration at least succeeded
    > 21 |       const registered = await page.evaluate(async () => {
         |                                     ^
      22 |         const reg = await navigator.serviceWorker.getRegistration("/");
      23 |         return reg !== undefined;
      24 |       });
        at /Users/michaelfuscoletti/Desktop/scroll-down-web/web/tests/pwa/service-worker.spec.ts:21:37

    attachment #1: screenshot (image/png) ──────────────────────────────────────────────────────────
    test-results/pwa-service-worker-Service-46fe7-tivates-on-first-load-smoke-mobile/test-failed-1.png
    ────────────────────────────────────────────────────────────────────────────────────────────────

    attachment #2: video (video/webm) ──────────────────────────────────────────────────────────────
    test-results/pwa-service-worker-Service-46fe7-tivates-on-first-load-smoke-mobile/video.webm
    ────────────────────────────────────────────────────────────────────────────────────────────────

    Error Context: test-results/pwa-service-worker-Service-46fe7-tivates-on-first-load-smoke-mobile/error-context.md

  86) [mobile] › tests/pwa/service-worker.spec.ts:35:7 › Service Worker › static assets served from cache on second visit @smoke 

    [31mTest timeout of 30000ms exceeded.[39m

    Error: page.goto: Target page, context or browser has been closed

      68 |     });
      69 |
    > 70 |     await page.goto("/");
         |                ^
      71 |     await page.waitForLoadState("networkidle");
      72 |
      73 |     // After second visit, static assets may come from SW cache.
        at /Users/michaelfuscoletti/Desktop/scroll-down-web/web/tests/pwa/service-worker.spec.ts:70:16

    attachment #1: screenshot (image/png) ──────────────────────────────────────────────────────────
    test-results/pwa-service-worker-Service-ee8aa-cache-on-second-visit-smoke-mobile/test-failed-1.png
    ────────────────────────────────────────────────────────────────────────────────────────────────

    Error Context: test-results/pwa-service-worker-Service-ee8aa-cache-on-second-visit-smoke-mobile/error-context.md

  86 failed
    [chromium] › tests/account.spec.ts:16:7 › Account page › unauthenticated user is redirected to /login @smoke 
    [chromium] › tests/account.spec.ts:25:7 › Account page › free user sees plan label and upgrade CTA @smoke 
    [chromium] › tests/account.spec.ts:33:7 › Account page › free user sees Free plan label when billing/info returns free tier @smoke 
    [chromium] › tests/account.spec.ts:75:7 › Account page › pro user sees Pro plan, billing date, and manage button @smoke 
    [chromium] › tests/account.spec.ts:122:7 › Account page › nav avatar links to /account for authenticated users @smoke 
    [chromium] › tests/analytics/navigation.spec.ts:12:7 › Analytics navigation @smoke › tab bar is visible on simulator page 
    [chromium] › tests/analytics/navigation.spec.ts:31:7 › Analytics navigation @smoke › clicking Profiles tab navigates to profiles page 
    [chromium] › tests/analytics/navigation.spec.ts:71:7 › Analytics navigation @smoke › analytics landing links to forecasts and simulator 
    [chromium] › tests/auth/signup-login.spec.ts:45:7 › Sign Up › sign up with short password shows validation error @smoke 
    [chromium] › tests/auth/signup-login.spec.ts:56:7 › Sign Up › sign up with mismatched passwords shows error @smoke 
    [chromium] › tests/fairbet/odds.spec.ts:92:7 › FairBet Page - Odds › "How it works" button opens explainer @smoke 
    [chromium] › tests/fairbet/phase9.spec.ts:300:7 › History Pro Gate (ISSUE-058) › free user sees gate overlay with upgrade CTA on /history @smoke 
    [chromium] › tests/fairbet/phase9.spec.ts:314:7 › History Pro Gate (ISSUE-058) › free user clicking upgrade CTA opens the pro gate sheet @smoke 
    [chromium] › tests/fairbet/phase9.spec.ts:328:7 › History Pro Gate (ISSUE-058) › pro user sees full history content without gate @smoke 
    [chromium] › tests/fairbet/source-attribution.spec.ts:19:7 › FairBet - Source Attribution › each bet card has a source attribution line @smoke 
    [chromium] › tests/fairbet.spec.ts:69:7 › FairBet E2E Suite › traffic-light tier badge present on at least one card @smoke 
    [chromium] › tests/fairbet.spec.ts:93:7 › FairBet E2E Suite › book chip row renders with at least one chip @smoke 
    [chromium] › tests/fairbet.spec.ts:170:7 › FairBet E2E Suite › line-movement row is blurred for free users and unblurred for pro @smoke 
    [chromium] › tests/fairbet.spec.ts:308:7 › FairBet E2E Suite › CLV: Log bet modal opens with book and odds pre-filled @smoke 
    [chromium] › tests/fairbet.spec.ts:337:7 › FairBet E2E Suite › CLV: Log bet modal can confirm and modal closes @smoke 
    [chromium] › tests/fairbet.spec.ts:364:7 › FairBet E2E Suite › CLV: free user does not see Log bet button @smoke 
    [chromium] › tests/freemium/billing.spec.ts:81:7 › GET /api/billing/portal › returns 404 when authenticated but no Stripe customer @smoke 
    [chromium] › tests/freemium/billing.spec.ts:154:7 › ProGateSheet — checkout CTA › Upgrade to Pro button is present and not disabled when sheet is open @smoke 
    [chromium] › tests/freemium/billing.spec.ts:171:7 › ProGateSheet — checkout CTA › unauthenticated upgrade click redirects to /login @smoke 
    [chromium] › tests/freemium/pro-gate-sheet.spec.ts:19:7 › ProGateSheet — upgrade prompt › sheet opens and shows benefit copy for the requested feature @smoke 
    [chromium] › tests/freemium/pro-gate-sheet.spec.ts:36:7 › ProGateSheet — upgrade prompt › sheet displays monthly and annual pricing @smoke 
    [chromium] › tests/freemium/pro-gate-sheet.spec.ts:53:7 › ProGateSheet — upgrade prompt › dismissing sheet via close button hides the sheet @smoke 
    [chromium] › tests/freemium/pro-gate-sheet.spec.ts:102:7 › ProGateSheet — upgrade prompt › sheet shows 'Create free account' for anonymous users @smoke 
    [chromium] › tests/freemium/pro-gate.spec.ts:33:7 › Pro gate — tier store › generates and persists a stable anon ID @smoke 
    [chromium] › tests/freemium/pro-gate.spec.ts:46:7 › Pro gate — tier store › sd-anon-id cookie is set after page load @smoke 
    [chromium] › tests/freemium/pro-gate.spec.ts:54:7 › Pro gate — tier store › sd-tier cookie is set to free by default @smoke 
    [chromium] › tests/freemium/pro-gate.spec.ts:78:7 › Pro gate — tier store › ?tier=pro query param sets tier cookie in dev mode @smoke 
    [chromium] › tests/freemium/tier-gating-suite.spec.ts:27:7 › ISSUE-047 / free tier gated feature › free user opening a gated feature sees ProGateSheet, then dismisses @smoke 
    [chromium] › tests/freemium/tier-gating-suite.spec.ts:135:7 › ISSUE-047 / sign-out restores gate › after sign-out user is anonymous and gated feature reopens sheet @smoke 
    [chromium] › tests/game/story-generation.spec.ts:233:7 › story-generation — NBA @smoke › comeback: no banned phrases, valid word/sentence counts 
    [chromium] › tests/game/story-generation.spec.ts:242:7 › story-generation — NBA @smoke › blowout: no banned phrases, valid word/sentence counts 
    [chromium] › tests/game/story-generation.spec.ts:251:7 › story-generation — NBA @smoke › defensive: no banned phrases, valid word/sentence counts 
    [chromium] › tests/game/story-generation.spec.ts:326:7 › story API — validation contract @smoke › returns 400 for missing required fields 
    [chromium] › tests/game/story-generation.spec.ts:331:7 › story API — validation contract @smoke › returns 503 or a valid story structure 
    [chromium] › tests/pwa/install-and-offline.spec.ts:37:7 › PWA install prompt › appears on second session when beforeinstallprompt fires @smoke 
    [chromium] › tests/pwa/install-and-offline.spec.ts:133:7 › Offline banner › auto-dismisses within 3s of reconnection @smoke 
    [chromium] › tests/pwa/offline-scenarios.spec.ts:113:7 › PWA offline scenarios @smoke › game list renders from SW cache when API requests are blocked @smoke 
    [chromium] › tests/pwa/offline-scenarios.spec.ts:201:7 › PWA offline scenarios @smoke › offline banner appears within 2s of route block and auto-dismisses within 3s of unblock @smoke 
    [chromium] › tests/pwa/offline-scenarios.spec.ts:231:7 › PWA offline scenarios @smoke › install prompt appears on simulated second session @smoke 
    [chromium] › tests/pwa/service-worker.spec.ts:7:7 › Service Worker › registers and activates on first load @smoke 
    [chromium] › tests/pwa/service-worker.spec.ts:35:7 › Service Worker › static assets served from cache on second visit @smoke 
    [mobile] › tests/account.spec.ts:16:7 › Account page › unauthenticated user is redirected to /login @smoke 
    [mobile] › tests/account.spec.ts:25:7 › Account page › free user sees plan label and upgrade CTA @smoke 
    [mobile] › tests/account.spec.ts:33:7 › Account page › free user sees Free plan label when billing/info returns free tier @smoke 
    [mobile] › tests/account.spec.ts:75:7 › Account page › pro user sees Pro plan, billing date, and manage button @smoke 
    [mobile] › tests/account.spec.ts:122:7 › Account page › nav avatar links to /account for authenticated users @smoke 
    [mobile] › tests/analytics/navigation.spec.ts:12:7 › Analytics navigation @smoke › tab bar is visible on simulator page 
    [mobile] › tests/analytics/navigation.spec.ts:31:7 › Analytics navigation @smoke › clicking Profiles tab navigates to profiles page 
    [mobile] › tests/analytics/navigation.spec.ts:71:7 › Analytics navigation @smoke › analytics landing links to forecasts and simulator 
    [mobile] › tests/auth/signup-login.spec.ts:45:7 › Sign Up › sign up with short password shows validation error @smoke 
    [mobile] › tests/auth/signup-login.spec.ts:56:7 › Sign Up › sign up with mismatched passwords shows error @smoke 
    [mobile] › tests/fairbet/odds.spec.ts:92:7 › FairBet Page - Odds › "How it works" button opens explainer @smoke 
    [mobile] › tests/fairbet/phase9.spec.ts:300:7 › History Pro Gate (ISSUE-058) › free user sees gate overlay with upgrade CTA on /history @smoke 
    [mobile] › tests/fairbet/phase9.spec.ts:314:7 › History Pro Gate (ISSUE-058) › free user clicking upgrade CTA opens the pro gate sheet @smoke 
    [mobile] › tests/fairbet/phase9.spec.ts:328:7 › History Pro Gate (ISSUE-058) › pro user sees full history content without gate @smoke 
    [mobile] › tests/freemium/billing.spec.ts:81:7 › GET /api/billing/portal › returns 404 when authenticated but no Stripe customer @smoke 
    [mobile] › tests/freemium/billing.spec.ts:154:7 › ProGateSheet — checkout CTA › Upgrade to Pro button is present and not disabled when sheet is open @smoke 
    [mobile] › tests/freemium/billing.spec.ts:171:7 › ProGateSheet — checkout CTA › unauthenticated upgrade click redirects to /login @smoke 
    [mobile] › tests/freemium/pro-gate-sheet.spec.ts:19:7 › ProGateSheet — upgrade prompt › sheet opens and shows benefit copy for the requested feature @smoke 
    [mobile] › tests/freemium/pro-gate-sheet.spec.ts:36:7 › ProGateSheet — upgrade prompt › sheet displays monthly and annual pricing @smoke 
    [mobile] › tests/freemium/pro-gate-sheet.spec.ts:53:7 › ProGateSheet — upgrade prompt › dismissing sheet via close button hides the sheet @smoke 
    [mobile] › tests/freemium/pro-gate-sheet.spec.ts:102:7 › ProGateSheet — upgrade prompt › sheet shows 'Create free account' for anonymous users @smoke 
    [mobile] › tests/freemium/pro-gate.spec.ts:33:7 › Pro gate — tier store › generates and persists a stable anon ID @smoke 
    [mobile] › tests/freemium/pro-gate.spec.ts:46:7 › Pro gate — tier store › sd-anon-id cookie is set after page load @smoke 
    [mobile] › tests/freemium/pro-gate.spec.ts:54:7 › Pro gate — tier store › sd-tier cookie is set to free by default @smoke 
    [mobile] › tests/freemium/pro-gate.spec.ts:78:7 › Pro gate — tier store › ?tier=pro query param sets tier cookie in dev mode @smoke 
    [mobile] › tests/freemium/tier-gating-suite.spec.ts:27:7 › ISSUE-047 / free tier gated feature › free user opening a gated feature sees ProGateSheet, then dismisses @smoke 
    [mobile] › tests/freemium/tier-gating-suite.spec.ts:135:7 › ISSUE-047 / sign-out restores gate › after sign-out user is anonymous and gated feature reopens sheet @smoke 
    [mobile] › tests/game/story-generation.spec.ts:233:7 › story-generation — NBA @smoke › comeback: no banned phrases, valid word/sentence counts 
    [mobile] › tests/game/story-generation.spec.ts:242:7 › story-generation — NBA @smoke › blowout: no banned phrases, valid word/sentence counts 
    [mobile] › tests/game/story-generation.spec.ts:251:7 › story-generation — NBA @smoke › defensive: no banned phrases, valid word/sentence counts 
    [mobile] › tests/game/story-generation.spec.ts:326:7 › story API — validation contract @smoke › returns 400 for missing required fields 
    [mobile] › tests/game/story-generation.spec.ts:331:7 › story API — validation contract @smoke › returns 503 or a valid story structure 
    [mobile] › tests/nav/nav-visibility.spec.ts:4:7 › Nav visibility @smoke › logged-out user sees exactly Games and FairBet nav links 
    [mobile] › tests/pwa/install-and-offline.spec.ts:37:7 › PWA install prompt › appears on second session when beforeinstallprompt fires @smoke 
    [mobile] › tests/pwa/install-and-offline.spec.ts:133:7 › Offline banner › auto-dismisses within 3s of reconnection @smoke 
    [mobile] › tests/pwa/offline-scenarios.spec.ts:113:7 › PWA offline scenarios @smoke › game list renders from SW cache when API requests are blocked @smoke 
    [mobile] › tests/pwa/offline-scenarios.spec.ts:201:7 › PWA offline scenarios @smoke › offline banner appears within 2s of route block and auto-dismisses within 3s of unblock @smoke 
    [mobile] › tests/pwa/offline-scenarios.spec.ts:231:7 › PWA offline scenarios @smoke › install prompt appears on simulated second session @smoke 
    [mobile] › tests/pwa/service-worker.spec.ts:7:7 › Service Worker › registers and activates on first load @smoke 
    [mobile] › tests/pwa/service-worker.spec.ts:35:7 › Service Worker › static assets served from cache on second visit @smoke 
  101 skipped
  146 passed (10.6m)
[1A[2K  86 failed
    [chromium] › tests/account.spec.ts:16:7 › Account page › unauthenticated user is redirected to /login @smoke 
    [chromium] › tests/account.spec.ts:25:7 › Account page › free user sees plan label and upgrade CTA @smoke 
    [chromium] › tests/account.spec.ts:33:7 › Account page › free user sees Free plan label when billing/info returns free tier @smoke 
    [chromium] › tests/account.spec.ts:75:7 › Account page › pro user sees Pro plan, billing date, and manage button @smoke 
    [chromium] › tests/account.spec.ts:122:7 › Account page › nav avatar links to /account for authenticated users @smoke 
    [chromium] › tests/analytics/navigation.spec.ts:12:7 › Analytics navigation @smoke › tab bar is visible on simulator page 
    [chromium] › tests/analytics/navigation.spec.ts:31:7 › Analytics navigation @smoke › clicking Profiles tab navigates to profiles page 
    [chromium] › tests/analytics/navigation.spec.ts:71:7 › Analytics navigation @smoke › analytics landing links to forecasts and simulator 
    [chromium] › tests/auth/signup-login.spec.ts:45:7 › Sign Up › sign up with short password shows validation error @smoke 
    [chromium] › tests/auth/signup-login.spec.ts:56:7 › Sign Up › sign up with mismatched passwords shows error @smoke 
    [chromium] › tests/fairbet/odds.spec.ts:92:7 › FairBet Page - Odds › "How it works" button opens explainer @smoke 
    [chromium] › tests/fairbet/phase9.spec.ts:300:7 › History Pro Gate (ISSUE-058) › free user sees gate overlay with upgrade CTA on /history @smoke 
    [chromium] › tests/fairbet/phase9.spec.ts:314:7 › History Pro Gate (ISSUE-058) › free user clicking upgrade CTA opens the pro gate sheet @smoke 
    [chromium] › tests/fairbet/phase9.spec.ts:328:7 › History Pro Gate (ISSUE-058) › pro user sees full history content without gate @smoke 
    [chromium] › tests/fairbet/source-attribution.spec.ts:19:7 › FairBet - Source Attribution › each bet card has a source attribution line @smoke 
    [chromium] › tests/fairbet.spec.ts:69:7 › FairBet E2E Suite › traffic-light tier badge present on at least one card @smoke 
    [chromium] › tests/fairbet.spec.ts:93:7 › FairBet E2E Suite › book chip row renders with at least one chip @smoke 
    [chromium] › tests/fairbet.spec.ts:170:7 › FairBet E2E Suite › line-movement row is blurred for free users and unblurred for pro @smoke 
    [chromium] › tests/fairbet.spec.ts:308:7 › FairBet E2E Suite › CLV: Log bet modal opens with book and odds pre-filled @smoke 
    [chromium] › tests/fairbet.spec.ts:337:7 › FairBet E2E Suite › CLV: Log bet modal can confirm and modal closes @smoke 
    [chromium] › tests/fairbet.spec.ts:364:7 › FairBet E2E Suite › CLV: free user does not see Log bet button @smoke 
    [chromium] › tests/freemium/billing.spec.ts:81:7 › GET /api/billing/portal › returns 404 when authenticated but no Stripe customer @smoke 
    [chromium] › tests/freemium/billing.spec.ts:154:7 › ProGateSheet — checkout CTA › Upgrade to Pro button is present and not disabled when sheet is open @smoke 
    [chromium] › tests/freemium/billing.spec.ts:171:7 › ProGateSheet — checkout CTA › unauthenticated upgrade click redirects to /login @smoke 
    [chromium] › tests/freemium/pro-gate-sheet.spec.ts:19:7 › ProGateSheet — upgrade prompt › sheet opens and shows benefit copy for the requested feature @smoke 
    [chromium] › tests/freemium/pro-gate-sheet.spec.ts:36:7 › ProGateSheet — upgrade prompt › sheet displays monthly and annual pricing @smoke 
    [chromium] › tests/freemium/pro-gate-sheet.spec.ts:53:7 › ProGateSheet — upgrade prompt › dismissing sheet via close button hides the sheet @smoke 
    [chromium] › tests/freemium/pro-gate-sheet.spec.ts:102:7 › ProGateSheet — upgrade prompt › sheet shows 'Create free account' for anonymous users @smoke 
    [chromium] › tests/freemium/pro-gate.spec.ts:33:7 › Pro gate — tier store › generates and persists a stable anon ID @smoke 
    [chromium] › tests/freemium/pro-gate.spec.ts:46:7 › Pro gate — tier store › sd-anon-id cookie is set after page load @smoke 
    [chromium] › tests/freemium/pro-gate.spec.ts:54:7 › Pro gate — tier store › sd-tier cookie is set to free by default @smoke 
    [chromium] › tests/freemium/pro-gate.spec.ts:78:7 › Pro gate — tier store › ?tier=pro query param sets tier cookie in dev mode @smoke 
    [chromium] › tests/freemium/tier-gating-suite.spec.ts:27:7 › ISSUE-047 / free tier gated feature › free user opening a gated feature sees ProGateSheet, then dismisses @smoke 
    [chromium] › tests/freemium/tier-gating-suite.spec.ts:135:7 › ISSUE-047 / sign-out restores gate › after sign-out user is anonymous and gated feature reopens sheet @smoke 
    [chromium] › tests/game/story-generation.spec.ts:233:7 › story-generation — NBA @smoke › comeback: no banned phrases, valid word/sentence counts 
    [chromium] › tests/game/story-generation.spec.ts:242:7 › story-generation — NBA @smoke › blowout: no banned phrases, valid word/sentence counts 
    [chromium] › tests/game/story-generation.spec.ts:251:7 › story-generation — NBA @smoke › defensive: no banned phrases, valid word/sentence counts 
    [chromium] › tests/game/story-generation.spec.ts:326:7 › story API — validation contract @smoke › returns 400 for missing required fields 
    [chromium] › tests/game/story-generation.spec.ts:331:7 › story API — validation contract @smoke › returns 503 or a valid story structure 
    [chromium] › tests/pwa/install-and-offline.spec.ts:37:7 › PWA install prompt › appears on second session when beforeinstallprompt fires @smoke 
    [chromium] › tests/pwa/install-and-offline.spec.ts:133:7 › Offline banner › auto-dismisses within 3s of reconnection @smoke 
    [chromium] › tests/pwa/offline-scenarios.spec.ts:113:7 › PWA offline scenarios @smoke › game list renders from SW cache when API requests are blocked @smoke 
    [chromium] › tests/pwa/offline-scenarios.spec.ts:201:7 › PWA offline scenarios @smoke › offline banner appears within 2s of route block and auto-dismisses within 3s of unblock @smoke 
    [chromium] › tests/pwa/offline-scenarios.spec.ts:231:7 › PWA offline scenarios @smoke › install prompt appears on simulated second session @smoke 
    [chromium] › tests/pwa/service-worker.spec.ts:7:7 › Service Worker › registers and activates on first load @smoke 
    [chromium] › tests/pwa/service-worker.spec.ts:35:7 › Service Worker › static assets served from cache on second visit @smoke 
    [mobile] › tests/account.spec.ts:16:7 › Account page › unauthenticated user is redirected to /login @smoke 
    [mobile] › tests/account.spec.ts:25:7 › Account page › free user sees plan label and upgrade CTA @smoke 
    [mobile] › tests/account.spec.ts:33:7 › Account page › free user sees Free plan label when billing/info returns free tier @smoke 
    [mobile] › tests/account.spec.ts:75:7 › Account page › pro user sees Pro plan, billing date, and manage button @smoke 
    [mobile] › tests/account.spec.ts:122:7 › Account page › nav avatar links to /account for authenticated users @smoke 
    [mobile] › tests/analytics/navigation.spec.ts:12:7 › Analytics navigation @smoke › tab bar is visible on simulator page 
    [mobile] › tests/analytics/navigation.spec.ts:31:7 › Analytics navigation @smoke › clicking Profiles tab navigates to profiles page 
    [mobile] › tests/analytics/navigation.spec.ts:71:7 › Analytics navigation @smoke › analytics landing links to forecasts and simulator 
    [mobile] › tests/auth/signup-login.spec.ts:45:7 › Sign Up › sign up with short password shows validation error @smoke 
    [mobile] › tests/auth/signup-login.spec.ts:56:7 › Sign Up › sign up with mismatched passwords shows error @smoke 
    [mobile] › tests/fairbet/odds.spec.ts:92:7 › FairBet Page - Odds › "How it works" button opens explainer @smoke 
    [mobile] › tests/fairbet/phase9.spec.ts:300:7 › History Pro Gate (ISSUE-058) › free user sees gate overlay with upgrade CTA on /history @smoke 
    [mobile] › tests/fairbet/phase9.spec.ts:314:7 › History Pro Gate (ISSUE-058) › free user clicking upgrade CTA opens the pro gate sheet @smoke 
    [mobile] › tests/fairbet/phase9.spec.ts:328:7 › History Pro Gate (ISSUE-058) › pro user sees full history content without gate @smoke 
    [mobile] › tests/freemium/billing.spec.ts:81:7 › GET /api/billing/portal › returns 404 when authenticated but no Stripe customer @smoke 
    [mobile] › tests/freemium/billing.spec.ts:154:7 › ProGateSheet — checkout CTA › Upgrade to Pro button is present and not disabled when sheet is open @smoke 
    [mobile] › tests/freemium/billing.spec.ts:171:7 › ProGateSheet — checkout CTA › unauthenticated upgrade click redirects to /login @smoke 
    [mobile] › tests/freemium/pro-gate-sheet.spec.ts:19:7 › ProGateSheet — upgrade prompt › sheet opens and shows benefit copy for the requested feature @smoke 
    [mobile] › tests/freemium/pro-gate-sheet.spec.ts:36:7 › ProGateSheet — upgrade prompt › sheet displays monthly and annual pricing @smoke 
    [mobile] › tests/freemium/pro-gate-sheet.spec.ts:53:7 › ProGateSheet — upgrade prompt › dismissing sheet via close button hides the sheet @smoke 
    [mobile] › tests/freemium/pro-gate-sheet.spec.ts:102:7 › ProGateSheet — upgrade prompt › sheet shows 'Create free account' for anonymous users @smoke 
    [mobile] › tests/freemium/pro-gate.spec.ts:33:7 › Pro gate — tier store › generates and persists a stable anon ID @smoke 
    [mobile] › tests/freemium/pro-gate.spec.ts:46:7 › Pro gate — tier store › sd-anon-id cookie is set after page load @smoke 
    [mobile] › tests/freemium/pro-gate.spec.ts:54:7 › Pro gate — tier store › sd-tier cookie is set to free by default @smoke 
    [mobile] › tests/freemium/pro-gate.spec.ts:78:7 › Pro gate — tier store › ?tier=pro query param sets tier cookie in dev mode @smoke 
    [mobile] › tests/freemium/tier-gating-suite.spec.ts:27:7 › ISSUE-047 / free tier gated feature › free user opening a gated feature sees ProGateSheet, then dismisses @smoke 
    [mobile] › tests/freemium/tier-gating-suite.spec.ts:135:7 › ISSUE-047 / sign-out restores gate › after sign-out user is anonymous and gated feature reopens sheet @smoke 
    [mobile] › tests/game/story-generation.spec.ts:233:7 › story-generation — NBA @smoke › comeback: no banned phrases, valid word/sentence counts 
    [mobile] › tests/game/story-generation.spec.ts:242:7 › story-generation — NBA @smoke › blowout: no banned phrases, valid word/sentence counts 
    [mobile] › tests/game/story-generation.spec.ts:251:7 › story-generation — NBA @smoke › defensive: no banned phrases, valid word/sentence counts 
    [mobile] › tests/game/story-generation.spec.ts:326:7 › story API — validation contract @smoke › returns 400 for missing required fields 
    [mobile] › tests/game/story-generation.spec.ts:331:7 › story API — validation contract @smoke › returns 503 or a valid story structure 
    [mobile] › tests/nav/nav-visibility.spec.ts:4:7 › Nav visibility @smoke › logged-out user sees exactly Games and FairBet nav links 
    [mobile] › tests/pwa/install-and-offline.spec.ts:37:7 › PWA install prompt › appears on second session when beforeinstallprompt fires @smoke 
    [mobile] › tests/pwa/install-and-offline.spec.ts:133:7 › Offline banner › auto-dismisses within 3s of reconnection @smoke 
    [mobile] › tests/pwa/offline-scenarios.spec.ts:113:7 › PWA offline scenarios @smoke › game list renders from SW cache when API requests are blocked @smoke 
    [mobile] › tests/pwa/offline-scenarios.spec.ts:201:7 › PWA offline scenarios @smoke › offline banner appears within 2s of route block and auto-dismisses within 3s of unblock @smoke 
    [mobile] › tests/pwa/offline-scenarios.spec.ts:231:7 › PWA offline scenarios @smoke › install prompt appears on simulated second session @smoke 
    [mobile] › tests/pwa/service-worker.spec.ts:7:7 › Service Worker › registers and activates on first load @smoke 
    [mobile] › tests/pwa/service-worker.spec.ts:35:7 › Service Worker › static assets served from cache on second visit @smoke 
  101 skipped
  146 passed (10.6m)
