
Running 837 tests using 5 workers

[1A[2K(node:93090) Warning: The 'NO_COLOR' env is ignored due to the 'FORCE_COLOR' env being set.
(Use `node --trace-warnings ...` to show where the warning was created)


[1A[2K(node:93090) Warning: The 'NO_COLOR' env is ignored due to the 'FORCE_COLOR' env being set.
(Use `node --trace-warnings ...` to show where the warning was created)


[1A[2K[1/837] [setup] › tests/global-setup.ts:10:6 › create test account and save auth state
[1A[2K[setup] › tests/global-setup.ts:10:6 › create test account and save auth state
[global-setup] Signup failed — saving empty auth state

[1A[2K(node:93311) Warning: The 'NO_COLOR' env is ignored due to the 'FORCE_COLOR' env being set.
(Use `node --trace-warnings ...` to show where the warning was created)


[1A[2K(node:93310) Warning: The 'NO_COLOR' env is ignored due to the 'FORCE_COLOR' env being set.
(Use `node --trace-warnings ...` to show where the warning was created)


[1A[2K(node:93308) Warning: The 'NO_COLOR' env is ignored due to the 'FORCE_COLOR' env being set.
(Use `node --trace-warnings ...` to show where the warning was created)


[1A[2K(node:93309) Warning: The 'NO_COLOR' env is ignored due to the 'FORCE_COLOR' env being set.
(Use `node --trace-warnings ...` to show where the warning was created)


[1A[2K(node:93312) Warning: The 'NO_COLOR' env is ignored due to the 'FORCE_COLOR' env being set.
(Use `node --trace-warnings ...` to show where the warning was created)


[1A[2K(node:93311) Warning: The 'NO_COLOR' env is ignored due to the 'FORCE_COLOR' env being set.
(Use `node --trace-warnings ...` to show where the warning was created)


[1A[2K(node:93312) Warning: The 'NO_COLOR' env is ignored due to the 'FORCE_COLOR' env being set.
(Use `node --trace-warnings ...` to show where the warning was created)


[1A[2K(node:93308) Warning: The 'NO_COLOR' env is ignored due to the 'FORCE_COLOR' env being set.
(Use `node --trace-warnings ...` to show where the warning was created)


[1A[2K(node:93310) Warning: The 'NO_COLOR' env is ignored due to the 'FORCE_COLOR' env being set.
(Use `node --trace-warnings ...` to show where the warning was created)


[1A[2K(node:93309) Warning: The 'NO_COLOR' env is ignored due to the 'FORCE_COLOR' env being set.
(Use `node --trace-warnings ...` to show where the warning was created)


[1A[2K[2/837] [chromium] › tests/account.spec.ts:75:7 › Account page › pro user sees Pro plan, billing date, and manage button @smoke
[1A[2K[3/837] [chromium] › tests/account.spec.ts:122:7 › Account page › nav avatar links to /account for authenticated users @smoke
[1A[2K[4/837] [chromium] › tests/account.spec.ts:16:7 › Account page › unauthenticated user is redirected to /login @smoke
[1A[2K[5/837] [chromium] › tests/account.spec.ts:25:7 › Account page › free user sees plan label and upgrade CTA @smoke
[1A[2K[6/837] [chromium] › tests/account.spec.ts:33:7 › Account page › free user sees Free plan label when billing/info returns free tier @smoke
[1A[2K  1) [chromium] › tests/account.spec.ts:16:7 › Account page › unauthenticated user is redirected to /login @smoke 

    TimeoutError: page.waitForURL: Timeout 10000ms exceeded.
    =========================== logs ===========================
    waiting for navigation until "load"
    ============================================================

      17 |     // Navigate without any session cookie
      18 |     await page.goto("/account");
    > 19 |     await page.waitForURL(/\/login/, { timeout: 10_000 });
         |                ^
      20 |     await expect(page).toHaveURL(/\/login/);
      21 |   });
      22 |
        at /Users/michaelfuscoletti/Desktop/scroll-down-web/web/tests/account.spec.ts:19:16

    attachment #1: screenshot (image/png) ──────────────────────────────────────────────────────────
    test-results/account-Account-page-unaut-c56a5-s-redirected-to-login-smoke-chromium/test-failed-1.png
    ────────────────────────────────────────────────────────────────────────────────────────────────

    attachment #2: video (video/webm) ──────────────────────────────────────────────────────────────
    test-results/account-Account-page-unaut-c56a5-s-redirected-to-login-smoke-chromium/video.webm
    ────────────────────────────────────────────────────────────────────────────────────────────────

    Error Context: test-results/account-Account-page-unaut-c56a5-s-redirected-to-login-smoke-chromium/error-context.md


[1A[2K  2) [chromium] › tests/account.spec.ts:75:7 › Account page › pro user sees Pro plan, billing date, and manage button @smoke 

    TimeoutError: page.waitForSelector: Timeout 10000ms exceeded.
    Call log:
    [2m  - waiting for locator('[data-testid=\'account-page\']') to be visible[22m


      101 |
      102 |     await page.goto("/account");
    > 103 |     await page.waitForSelector("[data-testid='account-page']", { timeout: 10_000 });
          |                ^
      104 |
      105 |     const planLabel = page.locator("[data-testid='account-plan-label']");
      106 |     await expect(planLabel).toBeVisible();
        at /Users/michaelfuscoletti/Desktop/scroll-down-web/web/tests/account.spec.ts:103:16

    attachment #1: screenshot (image/png) ──────────────────────────────────────────────────────────
    test-results/account-Account-page-pro-u-24dae-ate-and-manage-button-smoke-chromium/test-failed-1.png
    ────────────────────────────────────────────────────────────────────────────────────────────────

    attachment #2: video (video/webm) ──────────────────────────────────────────────────────────────
    test-results/account-Account-page-pro-u-24dae-ate-and-manage-button-smoke-chromium/video.webm
    ────────────────────────────────────────────────────────────────────────────────────────────────

    Error Context: test-results/account-Account-page-pro-u-24dae-ate-and-manage-button-smoke-chromium/error-context.md


[1A[2K  3) [chromium] › tests/account.spec.ts:25:7 › Account page › free user sees plan label and upgrade CTA @smoke 

    TimeoutError: page.waitForURL: Timeout 10000ms exceeded.
    =========================== logs ===========================
    waiting for navigation until "load"
    ============================================================

      26 |     // Use ?tier=free dev override to simulate free session via session mock
      27 |     await page.goto("/account");
    > 28 |     await page.waitForURL(/\/login/, { timeout: 10_000 });
         |                ^
      29 |     // Without a session we land on login — the redirect is the acceptance criteria
      30 |     await expect(page).toHaveURL(/\/login/);
      31 |   });
        at /Users/michaelfuscoletti/Desktop/scroll-down-web/web/tests/account.spec.ts:28:16

    attachment #1: screenshot (image/png) ──────────────────────────────────────────────────────────
    test-results/account-Account-page-free--22ccd-label-and-upgrade-CTA-smoke-chromium/test-failed-1.png
    ────────────────────────────────────────────────────────────────────────────────────────────────

    attachment #2: video (video/webm) ──────────────────────────────────────────────────────────────
    test-results/account-Account-page-free--22ccd-label-and-upgrade-CTA-smoke-chromium/video.webm
    ────────────────────────────────────────────────────────────────────────────────────────────────

    Error Context: test-results/account-Account-page-free--22ccd-label-and-upgrade-CTA-smoke-chromium/error-context.md


[1A[2K  4) [chromium] › tests/account.spec.ts:33:7 › Account page › free user sees Free plan label when billing/info returns free tier @smoke 

    TimeoutError: page.waitForSelector: Timeout 10000ms exceeded.
    Call log:
    [2m  - waiting for locator('[data-testid=\'account-page\']') to be visible[22m


      58 |
      59 |     await page.goto("/account");
    > 60 |     await page.waitForSelector("[data-testid='account-page']", { timeout: 10_000 });
         |                ^
      61 |
      62 |     const planLabel = page.locator("[data-testid='account-plan-label']");
      63 |     await expect(planLabel).toBeVisible();
        at /Users/michaelfuscoletti/Desktop/scroll-down-web/web/tests/account.spec.ts:60:16

    attachment #1: screenshot (image/png) ──────────────────────────────────────────────────────────
    test-results/account-Account-page-free--66449-nfo-returns-free-tier-smoke-chromium/test-failed-1.png
    ────────────────────────────────────────────────────────────────────────────────────────────────

    attachment #2: video (video/webm) ──────────────────────────────────────────────────────────────
    test-results/account-Account-page-free--66449-nfo-returns-free-tier-smoke-chromium/video.webm
    ────────────────────────────────────────────────────────────────────────────────────────────────

    Error Context: test-results/account-Account-page-free--66449-nfo-returns-free-tier-smoke-chromium/error-context.md


[1A[2K(node:93546) Warning: The 'NO_COLOR' env is ignored due to the 'FORCE_COLOR' env being set.
(Use `node --trace-warnings ...` to show where the warning was created)


[1A[2K(node:93548) Warning: The 'NO_COLOR' env is ignored due to the 'FORCE_COLOR' env being set.
(Use `node --trace-warnings ...` to show where the warning was created)


[1A[2K(node:93549) Warning: The 'NO_COLOR' env is ignored due to the 'FORCE_COLOR' env being set.
(Use `node --trace-warnings ...` to show where the warning was created)


[1A[2K(node:93547) Warning: The 'NO_COLOR' env is ignored due to the 'FORCE_COLOR' env being set.
(Use `node --trace-warnings ...` to show where the warning was created)


[1A[2K(node:93549) Warning: The 'NO_COLOR' env is ignored due to the 'FORCE_COLOR' env being set.
(Use `node --trace-warnings ...` to show where the warning was created)


[1A[2K(node:93546) Warning: The 'NO_COLOR' env is ignored due to the 'FORCE_COLOR' env being set.
(Use `node --trace-warnings ...` to show where the warning was created)


[1A[2K(node:93548) Warning: The 'NO_COLOR' env is ignored due to the 'FORCE_COLOR' env being set.
(Use `node --trace-warnings ...` to show where the warning was created)


[1A[2K(node:93547) Warning: The 'NO_COLOR' env is ignored due to the 'FORCE_COLOR' env being set.
(Use `node --trace-warnings ...` to show where the warning was created)


[1A[2K[7/837] [chromium] › tests/ads/ad-placements.spec.ts:8:7 › Ad placements — disabled in test env @smoke › native ad cards do not appear on home feed
[1A[2K[8/837] [chromium] › tests/ads/ad-placements.spec.ts:39:7 › Ad placements — free vs pro › native ad card is absent for pro-tier users
[1A[2K[9/837] [chromium] › tests/ads/ad-placements.spec.ts:48:7 › Ad placements — free vs pro › detail banner ad is absent for pro-tier users
[1A[2K[10/837] [chromium] › tests/ads/ad-placements.spec.ts:15:7 › Ad placements — disabled in test env @smoke › detail banner ad does not appear on game detail page
[1A[2K[11/837] [chromium] › tests/analytics/batch.spec.ts:5:7 › Analytics: Batch simulation › analytics page renders without errors
[1A[2K[12/837] [chromium] › tests/analytics/batch.spec.ts:23:7 › Analytics: Batch simulation › batch simulation API endpoint responds
[1A[2K[13/837] [chromium] › tests/analytics/models.spec.ts:5:7 › Analytics: Models page › analytics page loads
[1A[2K[14/837] [chromium] › tests/analytics/models.spec.ts:14:7 › Analytics: Models page › models section is accessible
[1A[2K[15/837] [chromium] › tests/analytics/navigation.spec.ts:4:7 › Analytics navigation @smoke › /analytics/mlb redirects to /analytics/simulator
[1A[2K[16/837] [chromium] › tests/analytics/navigation.spec.ts:12:7 › Analytics navigation @smoke › tab bar is visible on simulator page
[1A[2K[17/837] [chromium] › tests/analytics/navigation.spec.ts:23:7 › Analytics navigation @smoke › simulator tab is active on simulator page
[1A[2K[18/837] [chromium] › tests/analytics/navigation.spec.ts:31:7 › Analytics navigation @smoke › clicking Profiles tab navigates to profiles page
[1A[2K[19/837] [chromium] › tests/analytics/navigation.spec.ts:42:7 › Analytics navigation @smoke › admin tabs hidden for regular users
[1A[2K[20/837] [chromium] › tests/analytics/navigation.spec.ts:71:7 › Analytics navigation @smoke › analytics landing links to forecasts and simulator
[1A[2K[21/837] [chromium] › tests/auth/forgot-reset.spec.ts:4:7 › Forgot Password › forgot password link is visible on login tab
[1A[2K[22/837] [chromium] › tests/auth/forgot-reset.spec.ts:9:7 › Forgot Password › forgot password link is not visible on signup tab
[1A[2K  5) [chromium] › tests/analytics/navigation.spec.ts:12:7 › Analytics navigation @smoke › tab bar is visible on simulator page 

    Error: [2mexpect([22m[31mlocator[39m[2m).[22mtoBeVisible[2m([22m[2m)[22m failed

    Locator: getByRole('link', { name: 'Profiles' })
    Expected: visible
    Timeout: 10000ms
    Error: element(s) not found

    Call log:
    [2m  - Expect "toBeVisible" with timeout 10000ms[22m
    [2m  - waiting for getByRole('link', { name: 'Profiles' })[22m


      18 |     const profilesTab = authedPage.getByRole("link", { name: "Profiles" });
      19 |     await expect(simulatorTab).toBeVisible();
    > 20 |     await expect(profilesTab).toBeVisible();
         |                               ^
      21 |   });
      22 |
      23 |   test("simulator tab is active on simulator page", async ({ authedPage }) => {
        at /Users/michaelfuscoletti/Desktop/scroll-down-web/web/tests/analytics/navigation.spec.ts:20:31

    attachment #1: screenshot (image/png) ──────────────────────────────────────────────────────────
    test-results/analytics-navigation-Analy-4eaef-s-visible-on-simulator-page-chromium/test-failed-1.png
    ────────────────────────────────────────────────────────────────────────────────────────────────

    Error Context: test-results/analytics-navigation-Analy-4eaef-s-visible-on-simulator-page-chromium/error-context.md


[1A[2K(node:93848) Warning: The 'NO_COLOR' env is ignored due to the 'FORCE_COLOR' env being set.
(Use `node --trace-warnings ...` to show where the warning was created)


[1A[2K(node:93848) Warning: The 'NO_COLOR' env is ignored due to the 'FORCE_COLOR' env being set.
(Use `node --trace-warnings ...` to show where the warning was created)


[1A[2K[23/837] [chromium] › tests/auth/forgot-reset.spec.ts:15:7 › Forgot Password › submit forgot password with email shows confirmation
[1A[2K  6) [chromium] › tests/analytics/navigation.spec.ts:71:7 › Analytics navigation @smoke › analytics landing links to forecasts and simulator 

    Error: [2mexpect([22m[31mlocator[39m[2m).[22mtoBeVisible[2m([22m[2m)[22m failed

    Locator: getByRole('link', { name: /Today's Forecasts/ })
    Expected: visible
    Timeout: 10000ms
    Error: element(s) not found

    Call log:
    [2m  - Expect "toBeVisible" with timeout 10000ms[22m
    [2m  - waiting for getByRole('link', { name: /Today's Forecasts/ })[22m


      74 |
      75 |     const forecastsCard = authedPage.getByRole("link", { name: /Today's Forecasts/ });
    > 76 |     await expect(forecastsCard).toBeVisible();
         |                                 ^
      77 |     await expect(forecastsCard).toHaveAttribute("href", "/analytics/forecasts");
      78 |
      79 |     const mlbCard = authedPage.getByRole("link", { name: /MLB Simulator/ });
        at /Users/michaelfuscoletti/Desktop/scroll-down-web/web/tests/analytics/navigation.spec.ts:76:33

    attachment #1: screenshot (image/png) ──────────────────────────────────────────────────────────
    test-results/analytics-navigation-Analy-c3f1c--to-forecasts-and-simulator-chromium/test-failed-1.png
    ────────────────────────────────────────────────────────────────────────────────────────────────

    Error Context: test-results/analytics-navigation-Analy-c3f1c--to-forecasts-and-simulator-chromium/error-context.md


[1A[2K(node:93895) Warning: The 'NO_COLOR' env is ignored due to the 'FORCE_COLOR' env being set.
(Use `node --trace-warnings ...` to show where the warning was created)


[1A[2K(node:93895) Warning: The 'NO_COLOR' env is ignored due to the 'FORCE_COLOR' env being set.
(Use `node --trace-warnings ...` to show where the warning was created)


[1A[2K[24/837] [chromium] › tests/auth/forgot-reset.spec.ts:24:7 › Forgot Password › submit forgot password with empty email shows validation error
[1A[2K  7) [chromium] › tests/auth/forgot-reset.spec.ts:9:7 › Forgot Password › forgot password link is not visible on signup tab 

    Error: [2mexpect([22m[31mlocator[39m[2m).not.[22mtoBeVisible[2m([22m[2m)[22m failed

    Locator:  getByRole('link', { name: /forgot password/i })
    Expected: not visible
    Received: visible
    Timeout:  10000ms

    Call log:
    [2m  - Expect "not toBeVisible" with timeout 10000ms[22m
    [2m  - waiting for getByRole('link', { name: /forgot password/i })[22m
    [2m    14 × locator resolved to <a href="/forgot-password" class="text-xs text-blue-400 hover:text-blue-300 min-h-[44px] flex items-center px-2">Forgot password?</a>[22m
    [2m       - unexpected value "visible"[22m


      10 |     await page.goto('/login');
      11 |     await page.locator('button', { hasText: 'Sign Up' }).first().click();
    > 12 |     await expect(page.getByRole('link', { name: /forgot password/i })).not.toBeVisible();
         |                                                                            ^
      13 |   });
      14 |
      15 |   test('submit forgot password with email shows confirmation', async ({ page }) => {
        at /Users/michaelfuscoletti/Desktop/scroll-down-web/web/tests/auth/forgot-reset.spec.ts:12:76

    attachment #1: screenshot (image/png) ──────────────────────────────────────────────────────────
    test-results/auth-forgot-reset-Forgot-P-73a5e-s-not-visible-on-signup-tab-chromium/test-failed-1.png
    ────────────────────────────────────────────────────────────────────────────────────────────────

    attachment #2: video (video/webm) ──────────────────────────────────────────────────────────────
    test-results/auth-forgot-reset-Forgot-P-73a5e-s-not-visible-on-signup-tab-chromium/video.webm
    ────────────────────────────────────────────────────────────────────────────────────────────────

    Error Context: test-results/auth-forgot-reset-Forgot-P-73a5e-s-not-visible-on-signup-tab-chromium/error-context.md


[1A[2K(node:93915) Warning: The 'NO_COLOR' env is ignored due to the 'FORCE_COLOR' env being set.
(Use `node --trace-warnings ...` to show where the warning was created)


[1A[2K  8) [chromium] › tests/account.spec.ts:122:7 › Account page › nav avatar links to /account for authenticated users @smoke 

    [31mTest timeout of 30000ms exceeded.[39m

    Error: locator.getAttribute: Test timeout of 30000ms exceeded.
    Call log:
    [2m  - waiting for locator('[data-testid=\'nav-account-link\']')[22m


      155 |     const navLink = page.locator("[data-testid='nav-account-link']");
      156 |     // Avatar only visible on md+ screens; use force option on smaller viewports
    > 157 |     const href = await navLink.getAttribute("href");
          |                                ^
      158 |     expect(href).toBe("/account");
      159 |   });
      160 | });
        at /Users/michaelfuscoletti/Desktop/scroll-down-web/web/tests/account.spec.ts:157:32

    attachment #1: screenshot (image/png) ──────────────────────────────────────────────────────────
    test-results/account-Account-page-nav-a-5047f-r-authenticated-users-smoke-chromium/test-failed-1.png
    ────────────────────────────────────────────────────────────────────────────────────────────────

    attachment #2: video (video/webm) ──────────────────────────────────────────────────────────────
    test-results/account-Account-page-nav-a-5047f-r-authenticated-users-smoke-chromium/video.webm
    ────────────────────────────────────────────────────────────────────────────────────────────────

    Error Context: test-results/account-Account-page-nav-a-5047f-r-authenticated-users-smoke-chromium/error-context.md


[1A[2K(node:93919) Warning: The 'NO_COLOR' env is ignored due to the 'FORCE_COLOR' env being set.
(Use `node --trace-warnings ...` to show where the warning was created)


[1A[2K(node:93915) Warning: The 'NO_COLOR' env is ignored due to the 'FORCE_COLOR' env being set.
(Use `node --trace-warnings ...` to show where the warning was created)


[1A[2K[25/837] [chromium] › tests/auth/forgot-reset.spec.ts:35:7 › Reset Password › reset password page with no token shows invalid link
[1A[2K(node:93919) Warning: The 'NO_COLOR' env is ignored due to the 'FORCE_COLOR' env being set.
(Use `node --trace-warnings ...` to show where the warning was created)


[1A[2K[26/837] [chromium] › tests/auth/forgot-reset.spec.ts:41:7 › Reset Password › reset password with mismatched passwords shows error
[1A[2K[27/837] [chromium] › tests/auth/forgot-reset.spec.ts:51:7 › Reset Password › reset password page has link to request a new reset
[1A[2K[28/837] [chromium] › tests/auth/magic-link.spec.ts:4:7 › Magic Link - Login Tab › "Send me a sign-in link" button is visible on login tab
[1A[2K[29/837] [chromium] › tests/auth/magic-link.spec.ts:12:7 › Magic Link - Login Tab › "Send me a sign-in link" button is not visible on signup tab
[1A[2K  9) [chromium] › tests/auth/forgot-reset.spec.ts:15:7 › Forgot Password › submit forgot password with email shows confirmation 

    Error: [2mexpect([22m[31mlocator[39m[2m).[22mtoBeVisible[2m([22m[2m)[22m failed

    Locator: getByRole('heading', { name: /check your email/i })
    Expected: visible
    Timeout: 10000ms
    Error: element(s) not found

    Call log:
    [2m  - Expect "toBeVisible" with timeout 10000ms[22m
    [2m  - waiting for getByRole('heading', { name: /check your email/i })[22m


      19 |     await page.getByRole('button', { name: /send reset link/i }).click();
      20 |
    > 21 |     await expect(page.getByRole('heading', { name: /check your email/i })).toBeVisible();
         |                                                                            ^
      22 |   });
      23 |
      24 |   test('submit forgot password with empty email shows validation error', async ({ page }) => {
        at /Users/michaelfuscoletti/Desktop/scroll-down-web/web/tests/auth/forgot-reset.spec.ts:21:76

    attachment #1: screenshot (image/png) ──────────────────────────────────────────────────────────
    test-results/auth-forgot-reset-Forgot-P-3c41c-th-email-shows-confirmation-chromium/test-failed-1.png
    ────────────────────────────────────────────────────────────────────────────────────────────────

    attachment #2: video (video/webm) ──────────────────────────────────────────────────────────────
    test-results/auth-forgot-reset-Forgot-P-3c41c-th-email-shows-confirmation-chromium/video.webm
    ────────────────────────────────────────────────────────────────────────────────────────────────

    Error Context: test-results/auth-forgot-reset-Forgot-P-3c41c-th-email-shows-confirmation-chromium/error-context.md


[1A[2K(node:94072) Warning: The 'NO_COLOR' env is ignored due to the 'FORCE_COLOR' env being set.
(Use `node --trace-warnings ...` to show where the warning was created)


[1A[2K(node:94072) Warning: The 'NO_COLOR' env is ignored due to the 'FORCE_COLOR' env being set.
(Use `node --trace-warnings ...` to show where the warning was created)


[1A[2K[30/837] [chromium] › tests/auth/magic-link.spec.ts:21:7 › Magic Link - Login Tab › clicking with valid email shows confirmation message
[1A[2K  10) [chromium] › tests/auth/forgot-reset.spec.ts:24:7 › Forgot Password › submit forgot password with empty email shows validation error 

    Error: [2mexpect([22m[31mlocator[39m[2m).[22mtoBeVisible[2m([22m[2m)[22m failed

    Locator: getByText('Enter a valid email address')
    Expected: visible
    Timeout: 10000ms
    Error: element(s) not found

    Call log:
    [2m  - Expect "toBeVisible" with timeout 10000ms[22m
    [2m  - waiting for getByText('Enter a valid email address')[22m


      28 |
      29 |     // App validates with JS — shows error text
    > 30 |     await expect(page.getByText('Enter a valid email address')).toBeVisible();
         |                                                                 ^
      31 |   });
      32 | });
      33 |
        at /Users/michaelfuscoletti/Desktop/scroll-down-web/web/tests/auth/forgot-reset.spec.ts:30:65

    attachment #1: screenshot (image/png) ──────────────────────────────────────────────────────────
    test-results/auth-forgot-reset-Forgot-P-6c9c7-mail-shows-validation-error-chromium/test-failed-1.png
    ────────────────────────────────────────────────────────────────────────────────────────────────

    attachment #2: video (video/webm) ──────────────────────────────────────────────────────────────
    test-results/auth-forgot-reset-Forgot-P-6c9c7-mail-shows-validation-error-chromium/video.webm
    ────────────────────────────────────────────────────────────────────────────────────────────────

    Error Context: test-results/auth-forgot-reset-Forgot-P-6c9c7-mail-shows-validation-error-chromium/error-context.md


[1A[2K(node:94102) Warning: The 'NO_COLOR' env is ignored due to the 'FORCE_COLOR' env being set.
(Use `node --trace-warnings ...` to show where the warning was created)


[1A[2K(node:94102) Warning: The 'NO_COLOR' env is ignored due to the 'FORCE_COLOR' env being set.
(Use `node --trace-warnings ...` to show where the warning was created)


[1A[2K[31/837] [chromium] › tests/auth/magic-link.spec.ts:30:7 › Magic Link - Login Tab › clicking with no email shows validation error
[1A[2K  11) [chromium] › tests/auth/forgot-reset.spec.ts:41:7 › Reset Password › reset password with mismatched passwords shows error 

    Error: [2mexpect([22m[31mlocator[39m[2m).[22mtoBeVisible[2m([22m[2m)[22m failed

    Locator: getByText('Passwords don\'t match')
    Expected: visible
    Timeout: 10000ms
    Error: element(s) not found

    Call log:
    [2m  - Expect "toBeVisible" with timeout 10000ms[22m
    [2m  - waiting for getByText('Passwords don\'t match')[22m


      46 |     await page.locator('form button[type="submit"]').click();
      47 |
    > 48 |     await expect(page.getByText("Passwords don't match")).toBeVisible();
         |                                                           ^
      49 |   });
      50 |
      51 |   test('reset password page has link to request a new reset', async ({ page }) => {
        at /Users/michaelfuscoletti/Desktop/scroll-down-web/web/tests/auth/forgot-reset.spec.ts:48:59

    attachment #1: screenshot (image/png) ──────────────────────────────────────────────────────────
    test-results/auth-forgot-reset-Reset-Pa-645ee-tched-passwords-shows-error-chromium/test-failed-1.png
    ────────────────────────────────────────────────────────────────────────────────────────────────

    attachment #2: video (video/webm) ──────────────────────────────────────────────────────────────
    test-results/auth-forgot-reset-Reset-Pa-645ee-tched-passwords-shows-error-chromium/video.webm
    ────────────────────────────────────────────────────────────────────────────────────────────────

    Error Context: test-results/auth-forgot-reset-Reset-Pa-645ee-tched-passwords-shows-error-chromium/error-context.md


[1A[2K(node:94139) Warning: The 'NO_COLOR' env is ignored due to the 'FORCE_COLOR' env being set.
(Use `node --trace-warnings ...` to show where the warning was created)


[1A[2K(node:94139) Warning: The 'NO_COLOR' env is ignored due to the 'FORCE_COLOR' env being set.
(Use `node --trace-warnings ...` to show where the warning was created)


[1A[2K[32/837] [chromium] › tests/auth/magic-link.spec.ts:40:7 › Magic Link - Verification Page › /auth/magic-link with no token shows invalid link
[1A[2K[33/837] [chromium] › tests/auth/magic-link.spec.ts:46:7 › Magic Link - Verification Page › /auth/magic-link with bad token shows error state
[1A[2K  12) [chromium] › tests/auth/magic-link.spec.ts:12:7 › Magic Link - Login Tab › "Send me a sign-in link" button is not visible on signup tab 

    Error: [2mexpect([22m[31mlocator[39m[2m).not.[22mtoBeVisible[2m([22m[2m)[22m failed

    Locator:  getByRole('button', { name: /send me a sign-in link/i })
    Expected: not visible
    Received: visible
    Timeout:  10000ms

    Call log:
    [2m  - Expect "not toBeVisible" with timeout 10000ms[22m
    [2m  - waiting for getByRole('button', { name: /send me a sign-in link/i })[22m
    [2m    14 × locator resolved to <button type="button" class="w-full text-sm font-medium rounded-lg px-4 py-2.5 bg-neutral-800 text-neutral-200 transition-colors hover:bg-neutral-700 disabled:opacity-40 disabled:cursor-not-allowed">Send me a sign-in link</button>[22m
    [2m       - unexpected value "visible"[22m


      16 |     await expect(
      17 |       page.getByRole('button', { name: /send me a sign-in link/i }),
    > 18 |     ).not.toBeVisible();
         |           ^
      19 |   });
      20 |
      21 |   test('clicking with valid email shows confirmation message', async ({ page }) => {
        at /Users/michaelfuscoletti/Desktop/scroll-down-web/web/tests/auth/magic-link.spec.ts:18:11

    attachment #1: screenshot (image/png) ──────────────────────────────────────────────────────────
    test-results/auth-magic-link-Magic-Link-8aac5-s-not-visible-on-signup-tab-chromium/test-failed-1.png
    ────────────────────────────────────────────────────────────────────────────────────────────────

    attachment #2: video (video/webm) ──────────────────────────────────────────────────────────────
    test-results/auth-magic-link-Magic-Link-8aac5-s-not-visible-on-signup-tab-chromium/video.webm
    ────────────────────────────────────────────────────────────────────────────────────────────────

    Error Context: test-results/auth-magic-link-Magic-Link-8aac5-s-not-visible-on-signup-tab-chromium/error-context.md


[1A[2K(node:94171) Warning: The 'NO_COLOR' env is ignored due to the 'FORCE_COLOR' env being set.
(Use `node --trace-warnings ...` to show where the warning was created)


[1A[2K(node:94171) Warning: The 'NO_COLOR' env is ignored due to the 'FORCE_COLOR' env being set.
(Use `node --trace-warnings ...` to show where the warning was created)


[1A[2K[34/837] [chromium] › tests/auth/signup-login.spec.ts:25:7 › Sign Up › sign up with valid credentials redirects to / and stores token
[1A[2K  13) [chromium] › tests/analytics/navigation.spec.ts:31:7 › Analytics navigation @smoke › clicking Profiles tab navigates to profiles page 

    [31mTest timeout of 30000ms exceeded.[39m

    Error: locator.click: Target page, context or browser has been closed
    Call log:
    [2m  - waiting for getByRole('link', { name: 'Profiles' })[22m


      35 |     await waitForLoad(authedPage);
      36 |
    > 37 |     await authedPage.getByRole("link", { name: "Profiles" }).click();
         |                                                              ^
      38 |     await authedPage.waitForURL("/analytics/profiles", { timeout: 10_000 });
      39 |     expect(authedPage.url()).toContain("/analytics/profiles");
      40 |   });
        at /Users/michaelfuscoletti/Desktop/scroll-down-web/web/tests/analytics/navigation.spec.ts:37:62

    attachment #1: screenshot (image/png) ──────────────────────────────────────────────────────────
    test-results/analytics-navigation-Analy-68a3a--navigates-to-profiles-page-chromium/test-failed-1.png
    ────────────────────────────────────────────────────────────────────────────────────────────────

    Error Context: test-results/analytics-navigation-Analy-68a3a--navigates-to-profiles-page-chromium/error-context.md


[1A[2K(node:94249) Warning: The 'NO_COLOR' env is ignored due to the 'FORCE_COLOR' env being set.
(Use `node --trace-warnings ...` to show where the warning was created)


[1A[2K(node:94249) Warning: The 'NO_COLOR' env is ignored due to the 'FORCE_COLOR' env being set.
(Use `node --trace-warnings ...` to show where the warning was created)


[1A[2K[35/837] [chromium] › tests/auth/signup-login.spec.ts:45:7 › Sign Up › sign up with short password shows validation error @smoke
[1A[2K  14) [chromium] › tests/auth/magic-link.spec.ts:21:7 › Magic Link - Login Tab › clicking with valid email shows confirmation message 

    Error: [2mexpect([22m[31mlocator[39m[2m).[22mtoBeVisible[2m([22m[2m)[22m failed

    Locator: getByText(/check your email for a sign-in link/i)
    Expected: visible
    Timeout: 10000ms
    Error: element(s) not found

    Call log:
    [2m  - Expect "toBeVisible" with timeout 10000ms[22m
    [2m  - waiting for getByText(/check your email for a sign-in link/i)[22m


      25 |     await page.getByRole('button', { name: /send me a sign-in link/i }).click();
      26 |
    > 27 |     await expect(page.getByText(/check your email for a sign-in link/i)).toBeVisible();
         |                                                                          ^
      28 |   });
      29 |
      30 |   test('clicking with no email shows validation error', async ({ page }) => {
        at /Users/michaelfuscoletti/Desktop/scroll-down-web/web/tests/auth/magic-link.spec.ts:27:74

    attachment #1: screenshot (image/png) ──────────────────────────────────────────────────────────
    test-results/auth-magic-link-Magic-Link-104bc--shows-confirmation-message-chromium/test-failed-1.png
    ────────────────────────────────────────────────────────────────────────────────────────────────

    attachment #2: video (video/webm) ──────────────────────────────────────────────────────────────
    test-results/auth-magic-link-Magic-Link-104bc--shows-confirmation-message-chromium/video.webm
    ────────────────────────────────────────────────────────────────────────────────────────────────

    Error Context: test-results/auth-magic-link-Magic-Link-104bc--shows-confirmation-message-chromium/error-context.md


[1A[2K(node:94294) Warning: The 'NO_COLOR' env is ignored due to the 'FORCE_COLOR' env being set.
(Use `node --trace-warnings ...` to show where the warning was created)


[1A[2K(node:94294) Warning: The 'NO_COLOR' env is ignored due to the 'FORCE_COLOR' env being set.
(Use `node --trace-warnings ...` to show where the warning was created)


[1A[2K[36/837] [chromium] › tests/auth/signup-login.spec.ts:56:7 › Sign Up › sign up with mismatched passwords shows error @smoke
[1A[2K  15) [chromium] › tests/auth/magic-link.spec.ts:30:7 › Magic Link - Login Tab › clicking with no email shows validation error 

    Error: [2mexpect([22m[31mlocator[39m[2m).[22mtoBeVisible[2m([22m[2m)[22m failed

    Locator: getByText('Enter a valid email address')
    Expected: visible
    Timeout: 10000ms
    Error: element(s) not found

    Call log:
    [2m  - Expect "toBeVisible" with timeout 10000ms[22m
    [2m  - waiting for getByText('Enter a valid email address')[22m


      33 |     await page.getByRole('button', { name: /send me a sign-in link/i }).click();
      34 |
    > 35 |     await expect(page.getByText('Enter a valid email address')).toBeVisible();
         |                                                                 ^
      36 |   });
      37 | });
      38 |
        at /Users/michaelfuscoletti/Desktop/scroll-down-web/web/tests/auth/magic-link.spec.ts:35:65

    attachment #1: screenshot (image/png) ──────────────────────────────────────────────────────────
    test-results/auth-magic-link-Magic-Link-45f11-mail-shows-validation-error-chromium/test-failed-1.png
    ────────────────────────────────────────────────────────────────────────────────────────────────

    attachment #2: video (video/webm) ──────────────────────────────────────────────────────────────
    test-results/auth-magic-link-Magic-Link-45f11-mail-shows-validation-error-chromium/video.webm
    ────────────────────────────────────────────────────────────────────────────────────────────────

    Error Context: test-results/auth-magic-link-Magic-Link-45f11-mail-shows-validation-error-chromium/error-context.md


[1A[2K(node:94332) Warning: The 'NO_COLOR' env is ignored due to the 'FORCE_COLOR' env being set.
(Use `node --trace-warnings ...` to show where the warning was created)


[1A[2K(node:94332) Warning: The 'NO_COLOR' env is ignored due to the 'FORCE_COLOR' env being set.
(Use `node --trace-warnings ...` to show where the warning was created)


[1A[2K[37/837] [chromium] › tests/auth/signup-login.spec.ts:73:7 › Log In › log in with valid credentials redirects to / and stores token
[1A[2K  16) [chromium] › tests/auth/magic-link.spec.ts:46:7 › Magic Link - Verification Page › /auth/magic-link with bad token shows error state 

    Error: [2mexpect([22m[31mlocator[39m[2m).[22mtoBeVisible[2m([22m[2m)[22m failed

    Locator: getByRole('heading', { name: /link expired|invalid/i })
    Expected: visible
    Timeout: 10000ms
    Error: element(s) not found

    Call log:
    [2m  - Expect "toBeVisible" with timeout 10000ms[22m
    [2m  - waiting for getByRole('heading', { name: /link expired|invalid/i })[22m


      50 |     await expect(
      51 |       page.getByRole('heading', { name: /link expired|invalid/i }),
    > 52 |     ).toBeVisible({ timeout: 10_000 });
         |       ^
      53 |   });
      54 | });
      55 |
        at /Users/michaelfuscoletti/Desktop/scroll-down-web/web/tests/auth/magic-link.spec.ts:52:7

    attachment #1: screenshot (image/png) ──────────────────────────────────────────────────────────
    test-results/auth-magic-link-Magic-Link-dbf7a-bad-token-shows-error-state-chromium/test-failed-1.png
    ────────────────────────────────────────────────────────────────────────────────────────────────

    attachment #2: video (video/webm) ──────────────────────────────────────────────────────────────
    test-results/auth-magic-link-Magic-Link-dbf7a-bad-token-shows-error-state-chromium/video.webm
    ────────────────────────────────────────────────────────────────────────────────────────────────

    Error Context: test-results/auth-magic-link-Magic-Link-dbf7a-bad-token-shows-error-state-chromium/error-context.md


[1A[2K(node:94376) Warning: The 'NO_COLOR' env is ignored due to the 'FORCE_COLOR' env being set.
(Use `node --trace-warnings ...` to show where the warning was created)


[1A[2K(node:94376) Warning: The 'NO_COLOR' env is ignored due to the 'FORCE_COLOR' env being set.
(Use `node --trace-warnings ...` to show where the warning was created)


[1A[2K[38/837] [chromium] › tests/auth/signup-login.spec.ts:96:7 › Log In › log in with wrong password shows error
[1A[2K  17) [chromium] › tests/auth/signup-login.spec.ts:96:7 › Log In › log in with wrong password shows error 

    Error: [2mexpect([22m[31mlocator[39m[2m).[22mtoBeVisible[2m([22m[2m)[22m failed

    Locator: getByText('Invalid email or password')
    Expected: visible
    Timeout: 10000ms
    Error: element(s) not found

    Call log:
    [2m  - Expect "toBeVisible" with timeout 10000ms[22m
    [2m  - waiting for getByText('Invalid email or password')[22m


       99 |     await page.locator('form button[type="submit"]').click();
      100 |
    > 101 |     await expect(page.getByText('Invalid email or password')).toBeVisible();
          |                                                               ^
      102 |   });
      103 | });
      104 |
        at /Users/michaelfuscoletti/Desktop/scroll-down-web/web/tests/auth/signup-login.spec.ts:101:63

    attachment #1: screenshot (image/png) ──────────────────────────────────────────────────────────
    test-results/auth-signup-login-Log-In-l-aed04--wrong-password-shows-error-chromium/test-failed-1.png
    ────────────────────────────────────────────────────────────────────────────────────────────────

    attachment #2: video (video/webm) ──────────────────────────────────────────────────────────────
    test-results/auth-signup-login-Log-In-l-aed04--wrong-password-shows-error-chromium/video.webm
    ────────────────────────────────────────────────────────────────────────────────────────────────

    Error Context: test-results/auth-signup-login-Log-In-l-aed04--wrong-password-shows-error-chromium/error-context.md


[1A[2K(node:94565) Warning: The 'NO_COLOR' env is ignored due to the 'FORCE_COLOR' env being set.
(Use `node --trace-warnings ...` to show where the warning was created)


[1A[2K(node:94565) Warning: The 'NO_COLOR' env is ignored due to the 'FORCE_COLOR' env being set.
(Use `node --trace-warnings ...` to show where the warning was created)


[1A[2K[39/837] [chromium] › tests/auth/signup-login.spec.ts:106:7 › Session Persistence › token persists after page reload
[1A[2K  18) [chromium] › tests/auth/signup-login.spec.ts:25:7 › Sign Up › sign up with valid credentials redirects to / and stores token 

    [31mTest timeout of 30000ms exceeded.[39m

    Error: locator.fill: Test timeout of 30000ms exceeded.
    Call log:
    [2m  - waiting for getByPlaceholder('Re-enter password')[22m


      29 |     await page.getByPlaceholder('you@example.com').fill(email);
      30 |     await page.getByPlaceholder('Min 8 characters').fill(password);
    > 31 |     await page.getByPlaceholder('Re-enter password').fill(password);
         |                                                      ^
      32 |     await page.locator('form button[type="submit"]').click();
      33 |
      34 |     try {
        at /Users/michaelfuscoletti/Desktop/scroll-down-web/web/tests/auth/signup-login.spec.ts:31:54

    attachment #1: screenshot (image/png) ──────────────────────────────────────────────────────────
    test-results/auth-signup-login-Sign-Up--367ec-directs-to-and-stores-token-chromium/test-failed-1.png
    ────────────────────────────────────────────────────────────────────────────────────────────────

    attachment #2: video (video/webm) ──────────────────────────────────────────────────────────────
    test-results/auth-signup-login-Sign-Up--367ec-directs-to-and-stores-token-chromium/video.webm
    ────────────────────────────────────────────────────────────────────────────────────────────────

    Error Context: test-results/auth-signup-login-Sign-Up--367ec-directs-to-and-stores-token-chromium/error-context.md


[1A[2K(node:94741) Warning: The 'NO_COLOR' env is ignored due to the 'FORCE_COLOR' env being set.
(Use `node --trace-warnings ...` to show where the warning was created)


[1A[2K(node:94741) Warning: The 'NO_COLOR' env is ignored due to the 'FORCE_COLOR' env being set.
(Use `node --trace-warnings ...` to show where the warning was created)


[1A[2K[40/837] [chromium] › tests/auth/signup-login.spec.ts:125:7 › Logout › logout via profile clears token and shows Log In link
[1A[2K  19) [chromium] › tests/auth/signup-login.spec.ts:45:7 › Sign Up › sign up with short password shows validation error @smoke 

    [31mTest timeout of 30000ms exceeded.[39m

    Error: locator.fill: Test timeout of 30000ms exceeded.
    Call log:
    [2m  - waiting for getByPlaceholder('Re-enter password')[22m


      48 |     await page.getByPlaceholder('you@example.com').fill(email);
      49 |     await page.getByPlaceholder('Min 8 characters').fill('short');
    > 50 |     await page.getByPlaceholder('Re-enter password').fill('short');
         |                                                      ^
      51 |     await page.locator('form button[type="submit"]').click();
      52 |
      53 |     await expect(page.getByText('Password must be at least 8 characters')).toBeVisible();
        at /Users/michaelfuscoletti/Desktop/scroll-down-web/web/tests/auth/signup-login.spec.ts:50:54

    attachment #1: screenshot (image/png) ──────────────────────────────────────────────────────────
    test-results/auth-signup-login-Sign-Up--e3e26-hows-validation-error-smoke-chromium/test-failed-1.png
    ────────────────────────────────────────────────────────────────────────────────────────────────

    attachment #2: video (video/webm) ──────────────────────────────────────────────────────────────
    test-results/auth-signup-login-Sign-Up--e3e26-hows-validation-error-smoke-chromium/video.webm
    ────────────────────────────────────────────────────────────────────────────────────────────────

    Error Context: test-results/auth-signup-login-Sign-Up--e3e26-hows-validation-error-smoke-chromium/error-context.md


[1A[2K(node:94819) Warning: The 'NO_COLOR' env is ignored due to the 'FORCE_COLOR' env being set.
(Use `node --trace-warnings ...` to show where the warning was created)


[1A[2K(node:94819) Warning: The 'NO_COLOR' env is ignored due to the 'FORCE_COLOR' env being set.
(Use `node --trace-warnings ...` to show where the warning was created)


[1A[2K[41/837] [chromium] › tests/cache/staleness.spec.ts:4:7 › Cache Staleness Behavior › First visit fetches data and page loads successfully
[1A[2K[42/837] [chromium] › tests/cache/staleness.spec.ts:16:7 › Cache Staleness Behavior › Reload within short period still shows data (cache hit)
[1A[2K[43/837] [chromium] › tests/cache/staleness.spec.ts:37:7 › Cache Staleness Behavior › After simulating tab hidden/return, data refreshes
[1A[2K  20) [chromium] › tests/auth/signup-login.spec.ts:56:7 › Sign Up › sign up with mismatched passwords shows error @smoke 

    [31mTest timeout of 30000ms exceeded.[39m

    Error: locator.fill: Test timeout of 30000ms exceeded.
    Call log:
    [2m  - waiting for getByPlaceholder('Re-enter password')[22m


      59 |     await page.getByPlaceholder('you@example.com').fill(email);
      60 |     await page.getByPlaceholder('Min 8 characters').fill('ValidPass123!');
    > 61 |     await page.getByPlaceholder('Re-enter password').fill('DifferentPass456!');
         |                                                      ^
      62 |     await page.locator('form button[type="submit"]').click();
      63 |
      64 |     await expect(page.getByText("Passwords don't match")).toBeVisible();
        at /Users/michaelfuscoletti/Desktop/scroll-down-web/web/tests/auth/signup-login.spec.ts:61:54

    attachment #1: screenshot (image/png) ──────────────────────────────────────────────────────────
    test-results/auth-signup-login-Sign-Up--d9fec-passwords-shows-error-smoke-chromium/test-failed-1.png
    ────────────────────────────────────────────────────────────────────────────────────────────────

    attachment #2: video (video/webm) ──────────────────────────────────────────────────────────────
    test-results/auth-signup-login-Sign-Up--d9fec-passwords-shows-error-smoke-chromium/video.webm
    ────────────────────────────────────────────────────────────────────────────────────────────────

    Error Context: test-results/auth-signup-login-Sign-Up--d9fec-passwords-shows-error-smoke-chromium/error-context.md


[1A[2K(node:94867) Warning: The 'NO_COLOR' env is ignored due to the 'FORCE_COLOR' env being set.
(Use `node --trace-warnings ...` to show where the warning was created)


[1A[2K(node:94867) Warning: The 'NO_COLOR' env is ignored due to the 'FORCE_COLOR' env being set.
(Use `node --trace-warnings ...` to show where the warning was created)


[1A[2K[44/837] [chromium] › tests/cache/staleness.spec.ts:73:7 › Cache Staleness Behavior › localStorage contains cached data after visit
[1A[2K[45/837] [chromium] › tests/errors/api-errors.spec.ts:5:7 › Error handling: API errors › home page handles 500 from games API
[1A[2K[46/837] [chromium] › tests/errors/api-errors.spec.ts:21:7 › Error handling: API errors › game detail handles 500 gracefully
[1A[2K  21) [chromium] › tests/auth/signup-login.spec.ts:73:7 › Log In › log in with valid credentials redirects to / and stores token 

    [31mTest timeout of 30000ms exceeded.[39m

    Error: locator.fill: Test timeout of 30000ms exceeded.
    Call log:
    [2m  - waiting for getByPlaceholder('Re-enter password')[22m


       7 |   await page.getByPlaceholder('you@example.com').fill(email);
       8 |   await page.getByPlaceholder('Min 8 characters').fill(password);
    >  9 |   await page.getByPlaceholder('Re-enter password').fill(password);
         |                                                    ^
      10 |   await page.locator('form button[type="submit"]').click();
      11 |   try {
      12 |     await page.waitForURL('/', { timeout: 15_000 });
        at trySignup (/Users/michaelfuscoletti/Desktop/scroll-down-web/web/tests/auth/signup-login.spec.ts:9:52)
        at /Users/michaelfuscoletti/Desktop/scroll-down-web/web/tests/auth/signup-login.spec.ts:78:22

    attachment #1: screenshot (image/png) ──────────────────────────────────────────────────────────
    test-results/auth-signup-login-Log-In-l-63a0b-directs-to-and-stores-token-chromium/test-failed-1.png
    ────────────────────────────────────────────────────────────────────────────────────────────────

    attachment #2: video (video/webm) ──────────────────────────────────────────────────────────────
    test-results/auth-signup-login-Log-In-l-63a0b-directs-to-and-stores-token-chromium/video.webm
    ────────────────────────────────────────────────────────────────────────────────────────────────

    Error Context: test-results/auth-signup-login-Log-In-l-63a0b-directs-to-and-stores-token-chromium/error-context.md


[1A[2K(node:94908) Warning: The 'NO_COLOR' env is ignored due to the 'FORCE_COLOR' env being set.
(Use `node --trace-warnings ...` to show where the warning was created)


[1A[2K(node:94908) Warning: The 'NO_COLOR' env is ignored due to the 'FORCE_COLOR' env being set.
(Use `node --trace-warnings ...` to show where the warning was created)


[1A[2K[47/837] [chromium] › tests/errors/api-errors.spec.ts:36:7 › Error handling: API errors › golf page handles network timeout
[1A[2K[48/837] [chromium] › tests/errors/api-errors.spec.ts:48:7 › Error handling: API errors › fairbet page handles malformed JSON
[1A[2K[49/837] [chromium] › tests/errors/not-found.spec.ts:4:7 › Error handling: 404 › nonexistent page returns 404
[1A[2K[50/837] [chromium] › tests/errors/not-found.spec.ts:9:7 › Error handling: 404 › 404 page has navigation
[1A[2K[51/837] [chromium] › tests/errors/not-found.spec.ts:16:7 › Error handling: 404 › deep nonexistent path returns 404
[1A[2K[52/837] [chromium] › tests/fairbet/book-comparison.spec.ts:19:7 › FairBet - Book Comparison Row › each bet card shows a book comparison row @smoke
[1A[2K[53/837] [chromium] › tests/fairbet/book-comparison.spec.ts:35:7 › FairBet - Book Comparison Row › book chips are present with correct data-testid pattern
[1A[2K  22) [chromium] › tests/errors/api-errors.spec.ts:36:7 › Error handling: API errors › golf page handles network timeout 

    Error: [2mexpect([22m[31mlocator[39m[2m).[22mtoBeVisible[2m([22m[2m)[22m failed

    Locator: locator('[data-testid=\'top-nav\']')
    Expected: visible
    Timeout: 10000ms
    Error: element(s) not found

    Call log:
    [2m  - Expect "toBeVisible" with timeout 10000ms[22m
    [2m  - waiting for locator('[data-testid=\'top-nav\']')[22m


      43 |
      44 |     const topNav = page.locator("[data-testid='top-nav']");
    > 45 |     await expect(topNav).toBeVisible();
         |                          ^
      46 |   });
      47 |
      48 |   test("fairbet page handles malformed JSON", async ({ page }) => {
        at /Users/michaelfuscoletti/Desktop/scroll-down-web/web/tests/errors/api-errors.spec.ts:45:26

    attachment #1: screenshot (image/png) ──────────────────────────────────────────────────────────
    test-results/errors-api-errors-Error-ha-1708d-age-handles-network-timeout-chromium/test-failed-1.png
    ────────────────────────────────────────────────────────────────────────────────────────────────

    attachment #2: video (video/webm) ──────────────────────────────────────────────────────────────
    test-results/errors-api-errors-Error-ha-1708d-age-handles-network-timeout-chromium/video.webm
    ────────────────────────────────────────────────────────────────────────────────────────────────

    Error Context: test-results/errors-api-errors-Error-ha-1708d-age-handles-network-timeout-chromium/error-context.md


[1A[2K(node:95133) Warning: The 'NO_COLOR' env is ignored due to the 'FORCE_COLOR' env being set.
(Use `node --trace-warnings ...` to show where the warning was created)


[1A[2K(node:95133) Warning: The 'NO_COLOR' env is ignored due to the 'FORCE_COLOR' env being set.
(Use `node --trace-warnings ...` to show where the warning was created)


[1A[2K[54/837] [chromium] › tests/fairbet/book-comparison.spec.ts:48:7 › FairBet - Book Comparison Row › chips display American odds in +/- format
[1A[2K  23) [chromium] › tests/auth/signup-login.spec.ts:106:7 › Session Persistence › token persists after page reload 

    [31mTest timeout of 30000ms exceeded.[39m

    Error: locator.fill: Test timeout of 30000ms exceeded.
    Call log:
    [2m  - waiting for getByPlaceholder('Re-enter password')[22m


       7 |   await page.getByPlaceholder('you@example.com').fill(email);
       8 |   await page.getByPlaceholder('Min 8 characters').fill(password);
    >  9 |   await page.getByPlaceholder('Re-enter password').fill(password);
         |                                                    ^
      10 |   await page.locator('form button[type="submit"]').click();
      11 |   try {
      12 |     await page.waitForURL('/', { timeout: 15_000 });
        at trySignup (/Users/michaelfuscoletti/Desktop/scroll-down-web/web/tests/auth/signup-login.spec.ts:9:52)
        at /Users/michaelfuscoletti/Desktop/scroll-down-web/web/tests/auth/signup-login.spec.ts:110:22

    attachment #1: screenshot (image/png) ──────────────────────────────────────────────────────────
    test-results/auth-signup-login-Session--14f06--persists-after-page-reload-chromium/test-failed-1.png
    ────────────────────────────────────────────────────────────────────────────────────────────────

    attachment #2: video (video/webm) ──────────────────────────────────────────────────────────────
    test-results/auth-signup-login-Session--14f06--persists-after-page-reload-chromium/video.webm
    ────────────────────────────────────────────────────────────────────────────────────────────────

    Error Context: test-results/auth-signup-login-Session--14f06--persists-after-page-reload-chromium/error-context.md


[1A[2K(node:95156) Warning: The 'NO_COLOR' env is ignored due to the 'FORCE_COLOR' env being set.
(Use `node --trace-warnings ...` to show where the warning was created)


[1A[2K(node:95156) Warning: The 'NO_COLOR' env is ignored due to the 'FORCE_COLOR' env being set.
(Use `node --trace-warnings ...` to show where the warning was created)


[1A[2K[55/837] [chromium] › tests/fairbet/book-comparison.spec.ts:64:7 › FairBet - Book Comparison Row › best-priced chip has green accent border when multiple books present
[1A[2K  24) [chromium] › tests/auth/signup-login.spec.ts:125:7 › Logout › logout via profile clears token and shows Log In link 

    [31mTest timeout of 30000ms exceeded.[39m

    Error: locator.fill: Test timeout of 30000ms exceeded.
    Call log:
    [2m  - waiting for getByPlaceholder('Re-enter password')[22m


       7 |   await page.getByPlaceholder('you@example.com').fill(email);
       8 |   await page.getByPlaceholder('Min 8 characters').fill(password);
    >  9 |   await page.getByPlaceholder('Re-enter password').fill(password);
         |                                                    ^
      10 |   await page.locator('form button[type="submit"]').click();
      11 |   try {
      12 |     await page.waitForURL('/', { timeout: 15_000 });
        at trySignup (/Users/michaelfuscoletti/Desktop/scroll-down-web/web/tests/auth/signup-login.spec.ts:9:52)
        at /Users/michaelfuscoletti/Desktop/scroll-down-web/web/tests/auth/signup-login.spec.ts:129:22

    attachment #1: screenshot (image/png) ──────────────────────────────────────────────────────────
    test-results/auth-signup-login-Logout-l-4be1c-token-and-shows-Log-In-link-chromium/test-failed-1.png
    ────────────────────────────────────────────────────────────────────────────────────────────────

    attachment #2: video (video/webm) ──────────────────────────────────────────────────────────────
    test-results/auth-signup-login-Logout-l-4be1c-token-and-shows-Log-In-link-chromium/video.webm
    ────────────────────────────────────────────────────────────────────────────────────────────────

    Error Context: test-results/auth-signup-login-Logout-l-4be1c-token-and-shows-Log-In-link-chromium/error-context.md


[1A[2K(node:95305) Warning: The 'NO_COLOR' env is ignored due to the 'FORCE_COLOR' env being set.
(Use `node --trace-warnings ...` to show where the warning was created)


[1A[2K(node:95305) Warning: The 'NO_COLOR' env is ignored due to the 'FORCE_COLOR' env being set.
(Use `node --trace-warnings ...` to show where the warning was created)


[1A[2K[56/837] [chromium] › tests/fairbet/book-comparison.spec.ts:97:7 › FairBet - Book Comparison Row › single-book card shows chip without best highlighting
[1A[2K[57/837] [chromium] › tests/fairbet/explanation.spec.ts:19:7 › FairBet - Fair Price Explanation › every bet card has a fairbet-explanation trigger @smoke
[1A[2K[58/837] [chromium] › tests/fairbet/explanation.spec.ts:36:7 › FairBet - Fair Price Explanation › tapping explanation trigger opens inline panel with plain-language text
[1A[2K[59/837] [chromium] › tests/fairbet/explanation.spec.ts:57:7 › FairBet - Fair Price Explanation › second tap on trigger closes the explanation panel
[1A[2K[60/837] [chromium] › tests/fairbet/explanation.spec.ts:74:7 › FairBet - Fair Price Explanation › Escape key closes the explanation panel
[1A[2K  25) [chromium] › tests/fairbet/explanation.spec.ts:19:7 › FairBet - Fair Price Explanation › every bet card has a fairbet-explanation trigger @smoke 

    [31mTest timeout of 30000ms exceeded.[39m

    attachment #1: screenshot (image/png) ──────────────────────────────────────────────────────────
    test-results/fairbet-explanation-FairBe-0277a-t-explanation-trigger-smoke-chromium/test-failed-1.png
    ────────────────────────────────────────────────────────────────────────────────────────────────

    attachment #2: video (video/webm) ──────────────────────────────────────────────────────────────
    test-results/fairbet-explanation-FairBe-0277a-t-explanation-trigger-smoke-chromium/video.webm
    ────────────────────────────────────────────────────────────────────────────────────────────────

    Error Context: test-results/fairbet-explanation-FairBe-0277a-t-explanation-trigger-smoke-chromium/error-context.md


[1A[2K  26) [chromium] › tests/fairbet/book-comparison.spec.ts:97:7 › FairBet - Book Comparison Row › single-book card shows chip without best highlighting 

    [31mTest timeout of 30000ms exceeded.[39m

    attachment #1: screenshot (image/png) ──────────────────────────────────────────────────────────
    test-results/fairbet-book-comparison-Fa-21838-p-without-best-highlighting-chromium/test-failed-1.png
    ────────────────────────────────────────────────────────────────────────────────────────────────

    attachment #2: video (video/webm) ──────────────────────────────────────────────────────────────
    test-results/fairbet-book-comparison-Fa-21838-p-without-best-highlighting-chromium/video.webm
    ────────────────────────────────────────────────────────────────────────────────────────────────

    Error Context: test-results/fairbet-book-comparison-Fa-21838-p-without-best-highlighting-chromium/error-context.md


[1A[2K(node:95853) Warning: The 'NO_COLOR' env is ignored due to the 'FORCE_COLOR' env being set.
(Use `node --trace-warnings ...` to show where the warning was created)


[1A[2K(node:95854) Warning: The 'NO_COLOR' env is ignored due to the 'FORCE_COLOR' env being set.
(Use `node --trace-warnings ...` to show where the warning was created)


[1A[2K(node:95854) Warning: The 'NO_COLOR' env is ignored due to the 'FORCE_COLOR' env being set.
(Use `node --trace-warnings ...` to show where the warning was created)


[1A[2K(node:95853) Warning: The 'NO_COLOR' env is ignored due to the 'FORCE_COLOR' env being set.
(Use `node --trace-warnings ...` to show where the warning was created)


[1A[2K[61/837] [chromium] › tests/fairbet/explanation.spec.ts:107:7 › FairBet - Fair Price Explanation › explanation trigger is keyboard accessible
[1A[2K[62/837] [chromium] › tests/fairbet/explanation.spec.ts:90:7 › FairBet - Fair Price Explanation › clicking outside the panel closes it
[1A[2K  27) [chromium] › tests/fairbet/explanation.spec.ts:36:7 › FairBet - Fair Price Explanation › tapping explanation trigger opens inline panel with plain-language text 

    [31mTest timeout of 30000ms exceeded.[39m

    attachment #1: screenshot (image/png) ──────────────────────────────────────────────────────────
    test-results/fairbet-explanation-FairBe-593e7-el-with-plain-language-text-chromium/test-failed-1.png
    ────────────────────────────────────────────────────────────────────────────────────────────────

    attachment #2: video (video/webm) ──────────────────────────────────────────────────────────────
    test-results/fairbet-explanation-FairBe-593e7-el-with-plain-language-text-chromium/video.webm
    ────────────────────────────────────────────────────────────────────────────────────────────────

    Error Context: test-results/fairbet-explanation-FairBe-593e7-el-with-plain-language-text-chromium/error-context.md


[1A[2K(node:95887) Warning: The 'NO_COLOR' env is ignored due to the 'FORCE_COLOR' env being set.
(Use `node --trace-warnings ...` to show where the warning was created)


[1A[2K(node:95887) Warning: The 'NO_COLOR' env is ignored due to the 'FORCE_COLOR' env being set.
(Use `node --trace-warnings ...` to show where the warning was created)


[1A[2K[63/837] [chromium] › tests/fairbet/live.spec.ts:9:7 › FairBet Page - Live Tab (Guest) › guest sees auth gate on Live tab
[1A[2K  28) [chromium] › tests/fairbet/explanation.spec.ts:57:7 › FairBet - Fair Price Explanation › second tap on trigger closes the explanation panel 

    [31mTest timeout of 30000ms exceeded.[39m

    attachment #1: screenshot (image/png) ──────────────────────────────────────────────────────────
    test-results/fairbet-explanation-FairBe-5bb45-loses-the-explanation-panel-chromium/test-failed-1.png
    ────────────────────────────────────────────────────────────────────────────────────────────────

    attachment #2: video (video/webm) ──────────────────────────────────────────────────────────────
    test-results/fairbet-explanation-FairBe-5bb45-loses-the-explanation-panel-chromium/video.webm
    ────────────────────────────────────────────────────────────────────────────────────────────────

    Error Context: test-results/fairbet-explanation-FairBe-5bb45-loses-the-explanation-panel-chromium/error-context.md


[1A[2K  29) [chromium] › tests/fairbet/explanation.spec.ts:74:7 › FairBet - Fair Price Explanation › Escape key closes the explanation panel 

    [31mTest timeout of 30000ms exceeded.[39m

    attachment #1: screenshot (image/png) ──────────────────────────────────────────────────────────
    test-results/fairbet-explanation-FairBe-ed4af-loses-the-explanation-panel-chromium/test-failed-1.png
    ────────────────────────────────────────────────────────────────────────────────────────────────

    attachment #2: video (video/webm) ──────────────────────────────────────────────────────────────
    test-results/fairbet-explanation-FairBe-ed4af-loses-the-explanation-panel-chromium/video.webm
    ────────────────────────────────────────────────────────────────────────────────────────────────

    Error Context: test-results/fairbet-explanation-FairBe-ed4af-loses-the-explanation-panel-chromium/error-context.md


[1A[2K(node:96049) Warning: The 'NO_COLOR' env is ignored due to the 'FORCE_COLOR' env being set.
(Use `node --trace-warnings ...` to show where the warning was created)


[1A[2K(node:96051) Warning: The 'NO_COLOR' env is ignored due to the 'FORCE_COLOR' env being set.
(Use `node --trace-warnings ...` to show where the warning was created)


[1A[2K(node:96049) Warning: The 'NO_COLOR' env is ignored due to the 'FORCE_COLOR' env being set.
(Use `node --trace-warnings ...` to show where the warning was created)


[1A[2K[64/837] [chromium] › tests/fairbet/live.spec.ts:24:7 › FairBet Page - Live Tab (Guest) › "Sign Up Free" links to /login?tab=signup
[1A[2K(node:96051) Warning: The 'NO_COLOR' env is ignored due to the 'FORCE_COLOR' env being set.
(Use `node --trace-warnings ...` to show where the warning was created)


[1A[2K[65/837] [chromium] › tests/fairbet/live.spec.ts:33:7 › FairBet Page - Live Tab (Guest) › switching between Pre-Game and Live tabs works
[1A[2K[66/837] [chromium] › tests/fairbet/live.spec.ts:56:7 › FairBet Page - Live Tab (Logged In) › logged-in user sees Live tab content without auth gate
[1A[2K[67/837] [chromium] › tests/fairbet/odds.spec.ts:9:7 › FairBet Page - Odds › page loads and shows FairBet heading @smoke
[1A[2K[68/837] [chromium] › tests/fairbet/odds.spec.ts:13:7 › FairBet Page - Odds › Pre-Game tab is active by default
[1A[2K  30) [chromium] › tests/fairbet/live.spec.ts:33:7 › FairBet Page - Live Tab (Guest) › switching between Pre-Game and Live tabs works 

    Error: [2mexpect([22m[31mlocator[39m[2m).[22mtoBeVisible[2m([22m[2m)[22m failed

    Locator: locator('main').getByRole('button', { name: 'Pre-Game' })
    Expected: visible
    Timeout: 10000ms
    Error: element(s) not found

    Call log:
    [2m  - Expect "toBeVisible" with timeout 10000ms[22m
    [2m  - waiting for locator('main').getByRole('button', { name: 'Pre-Game' })[22m


      37 |
      38 |     // Both tabs should be visible
    > 39 |     await expect(preGameTab).toBeVisible();
         |                              ^
      40 |     await expect(liveTab).toBeVisible();
      41 |
      42 |     // Switch to Live
        at /Users/michaelfuscoletti/Desktop/scroll-down-web/web/tests/fairbet/live.spec.ts:39:30

    attachment #1: screenshot (image/png) ──────────────────────────────────────────────────────────
    test-results/fairbet-live-FairBet-Page--cb5ff-re-Game-and-Live-tabs-works-chromium/test-failed-1.png
    ────────────────────────────────────────────────────────────────────────────────────────────────

    attachment #2: video (video/webm) ──────────────────────────────────────────────────────────────
    test-results/fairbet-live-FairBet-Page--cb5ff-re-Game-and-Live-tabs-works-chromium/video.webm
    ────────────────────────────────────────────────────────────────────────────────────────────────

    Error Context: test-results/fairbet-live-FairBet-Page--cb5ff-re-Game-and-Live-tabs-works-chromium/error-context.md


[1A[2K(node:96411) Warning: The 'NO_COLOR' env is ignored due to the 'FORCE_COLOR' env being set.
(Use `node --trace-warnings ...` to show where the warning was created)


[1A[2K(node:96411) Warning: The 'NO_COLOR' env is ignored due to the 'FORCE_COLOR' env being set.
(Use `node --trace-warnings ...` to show where the warning was created)


[1A[2K[69/837] [chromium] › tests/fairbet/odds.spec.ts:19:7 › FairBet Page - Odds › loading state appears then resolves
[1A[2K  31) [chromium] › tests/fairbet/live.spec.ts:9:7 › FairBet Page - Live Tab (Guest) › guest sees auth gate on Live tab 

    [31mTest timeout of 30000ms exceeded.[39m

    Error: locator.click: Test timeout of 30000ms exceeded.
    Call log:
    [2m  - waiting for locator('main').getByRole('button', { name: 'Live' })[22m


      11 |     const main = page.locator("main");
      12 |     const liveTab = main.getByRole("button", { name: "Live" });
    > 13 |     await liveTab.click();
         |                   ^
      14 |
      15 |     await expect(
      16 |       page.getByText("Sign up for free to access live odds")
        at /Users/michaelfuscoletti/Desktop/scroll-down-web/web/tests/fairbet/live.spec.ts:13:19

    attachment #1: screenshot (image/png) ──────────────────────────────────────────────────────────
    test-results/fairbet-live-FairBet-Page--ace57--sees-auth-gate-on-Live-tab-chromium/test-failed-1.png
    ────────────────────────────────────────────────────────────────────────────────────────────────

    attachment #2: video (video/webm) ──────────────────────────────────────────────────────────────
    test-results/fairbet-live-FairBet-Page--ace57--sees-auth-gate-on-Live-tab-chromium/video.webm
    ────────────────────────────────────────────────────────────────────────────────────────────────

    Error Context: test-results/fairbet-live-FairBet-Page--ace57--sees-auth-gate-on-Live-tab-chromium/error-context.md


[1A[2K(node:96469) Warning: The 'NO_COLOR' env is ignored due to the 'FORCE_COLOR' env being set.
(Use `node --trace-warnings ...` to show where the warning was created)


[1A[2K(node:96469) Warning: The 'NO_COLOR' env is ignored due to the 'FORCE_COLOR' env being set.
(Use `node --trace-warnings ...` to show where the warning was created)


[1A[2K[70/837] [chromium] › tests/fairbet/odds.spec.ts:33:7 › FairBet Page - Odds › skeleton placeholders shown during initial fetch @smoke
[1A[2K  32) [chromium] › tests/fairbet/odds.spec.ts:13:7 › FairBet Page - Odds › Pre-Game tab is active by default 

    Error: [2mexpect([22m[31mlocator[39m[2m).[22mtoBeVisible[2m([22m[2m)[22m failed

    Locator: getByRole('button', { name: 'Pre-Game' })
    Expected: visible
    Timeout: 10000ms
    Error: element(s) not found

    Call log:
    [2m  - Expect "toBeVisible" with timeout 10000ms[22m
    [2m  - waiting for getByRole('button', { name: 'Pre-Game' })[22m


      14 |     // Tabs are plain buttons, not role="tab". The active tab has different styling.
      15 |     const preGameBtn = page.getByRole("button", { name: "Pre-Game" });
    > 16 |     await expect(preGameBtn).toBeVisible();
         |                              ^
      17 |   });
      18 |
      19 |   test("loading state appears then resolves", async ({ page }) => {
        at /Users/michaelfuscoletti/Desktop/scroll-down-web/web/tests/fairbet/odds.spec.ts:16:30

    attachment #1: screenshot (image/png) ──────────────────────────────────────────────────────────
    test-results/fairbet-odds-FairBet-Page--32f13-me-tab-is-active-by-default-chromium/test-failed-1.png
    ────────────────────────────────────────────────────────────────────────────────────────────────

    attachment #2: video (video/webm) ──────────────────────────────────────────────────────────────
    test-results/fairbet-odds-FairBet-Page--32f13-me-tab-is-active-by-default-chromium/video.webm
    ────────────────────────────────────────────────────────────────────────────────────────────────

    Error Context: test-results/fairbet-odds-FairBet-Page--32f13-me-tab-is-active-by-default-chromium/error-context.md


[1A[2K  33) [chromium] › tests/fairbet/live.spec.ts:24:7 › FairBet Page - Live Tab (Guest) › "Sign Up Free" links to /login?tab=signup 

    [31mTest timeout of 30000ms exceeded.[39m

    Error: locator.click: Test timeout of 30000ms exceeded.
    Call log:
    [2m  - waiting for locator('main').getByRole('button', { name: 'Live' })[22m


      25 |     const main = page.locator("main");
      26 |     const liveTab = main.getByRole("button", { name: "Live" });
    > 27 |     await liveTab.click();
         |                   ^
      28 |
      29 |     const signUpLink = page.getByRole("link", { name: "Sign Up Free" });
      30 |     await expect(signUpLink).toHaveAttribute("href", "/login?tab=signup");
        at /Users/michaelfuscoletti/Desktop/scroll-down-web/web/tests/fairbet/live.spec.ts:27:19

    attachment #1: screenshot (image/png) ──────────────────────────────────────────────────────────
    test-results/fairbet-live-FairBet-Page--70ead-e-links-to-login-tab-signup-chromium/test-failed-1.png
    ────────────────────────────────────────────────────────────────────────────────────────────────

    attachment #2: video (video/webm) ──────────────────────────────────────────────────────────────
    test-results/fairbet-live-FairBet-Page--70ead-e-links-to-login-tab-signup-chromium/video.webm
    ────────────────────────────────────────────────────────────────────────────────────────────────

    Error Context: test-results/fairbet-live-FairBet-Page--70ead-e-links-to-login-tab-signup-chromium/error-context.md


[1A[2K(node:96597) Warning: The 'NO_COLOR' env is ignored due to the 'FORCE_COLOR' env being set.
(Use `node --trace-warnings ...` to show where the warning was created)


[1A[2K(node:96596) Warning: The 'NO_COLOR' env is ignored due to the 'FORCE_COLOR' env being set.
(Use `node --trace-warnings ...` to show where the warning was created)


[1A[2K[71/837] [chromium] › tests/fairbet/odds.spec.ts:102:7 › FairBet Page - Odds › bet cards render after loading or empty state shown
[1A[2K(node:96597) Warning: The 'NO_COLOR' env is ignored due to the 'FORCE_COLOR' env being set.
(Use `node --trace-warnings ...` to show where the warning was created)


[1A[2K(node:96596) Warning: The 'NO_COLOR' env is ignored due to the 'FORCE_COLOR' env being set.
(Use `node --trace-warnings ...` to show where the warning was created)


[1A[2K[72/837] [chromium] › tests/fairbet/odds.spec.ts:92:7 › FairBet Page - Odds › "How it works" button opens explainer @smoke
[1A[2K[73/837] [chromium] › tests/fairbet/odds.spec.ts:59:7 › FairBet Page - Odds › empty state renders with intentional messaging and no console errors @smoke
[1A[2K  34) [chromium] › tests/fairbet/live.spec.ts:56:7 › FairBet Page - Live Tab (Logged In) › logged-in user sees Live tab content without auth gate 

    [31mTest timeout of 30000ms exceeded.[39m

    Error: locator.click: Target page, context or browser has been closed
    Call log:
    [2m  - waiting for locator('main').getByRole('button', { name: 'Live' })[22m


      62 |     const main = authedPage.locator("main");
      63 |     const liveTab = main.getByRole("button", { name: "Live" });
    > 64 |     await liveTab.click();
         |                   ^
      65 |
      66 |     // Auth gate message should NOT appear for logged-in users
      67 |     await expect(
        at /Users/michaelfuscoletti/Desktop/scroll-down-web/web/tests/fairbet/live.spec.ts:64:19

    attachment #1: screenshot (image/png) ──────────────────────────────────────────────────────────
    test-results/fairbet-live-FairBet-Page--c69cf-b-content-without-auth-gate-chromium/test-failed-1.png
    ────────────────────────────────────────────────────────────────────────────────────────────────

    Error Context: test-results/fairbet-live-FairBet-Page--c69cf-b-content-without-auth-gate-chromium/error-context.md


[1A[2K(node:96762) Warning: The 'NO_COLOR' env is ignored due to the 'FORCE_COLOR' env being set.
(Use `node --trace-warnings ...` to show where the warning was created)


[1A[2K(node:96762) Warning: The 'NO_COLOR' env is ignored due to the 'FORCE_COLOR' env being set.
(Use `node --trace-warnings ...` to show where the warning was created)


[1A[2K[74/837] [chromium] › tests/fairbet/odds.spec.ts:119:7 › FairBet Page - Odds › filter controls are visible
[1A[2K  35) [chromium] › tests/fairbet/odds.spec.ts:19:7 › FairBet Page - Odds › loading state appears then resolves 

    Error: Neither bet cards nor empty state appeared

      27 |       ).toBeVisible({ timeout: 20_000 });
      28 |     } catch {
    > 29 |       throw new Error("Neither bet cards nor empty state appeared");
         |             ^
      30 |     }
      31 |   });
      32 |
        at /Users/michaelfuscoletti/Desktop/scroll-down-web/web/tests/fairbet/odds.spec.ts:29:13

    attachment #1: screenshot (image/png) ──────────────────────────────────────────────────────────
    test-results/fairbet-odds-FairBet-Page--91bcc-state-appears-then-resolves-chromium/test-failed-1.png
    ────────────────────────────────────────────────────────────────────────────────────────────────

    attachment #2: video (video/webm) ──────────────────────────────────────────────────────────────
    test-results/fairbet-odds-FairBet-Page--91bcc-state-appears-then-resolves-chromium/video.webm
    ────────────────────────────────────────────────────────────────────────────────────────────────

    Error Context: test-results/fairbet-odds-FairBet-Page--91bcc-state-appears-then-resolves-chromium/error-context.md


[1A[2K(node:96829) Warning: The 'NO_COLOR' env is ignored due to the 'FORCE_COLOR' env being set.
(Use `node --trace-warnings ...` to show where the warning was created)


[1A[2K(node:96829) Warning: The 'NO_COLOR' env is ignored due to the 'FORCE_COLOR' env being set.
(Use `node --trace-warnings ...` to show where the warning was created)


[1A[2K[75/837] [chromium] › tests/fairbet/odds.spec.ts:127:7 › FairBet Page - Odds › no-edge tier bet card renders without EV tier badge
[1A[2K  36) [chromium] › tests/fairbet/odds.spec.ts:92:7 › FairBet Page - Odds › "How it works" button opens explainer @smoke 

    Error: [2mexpect([22m[31mlocator[39m[2m).[22mtoBeVisible[2m([22m[2m)[22m failed

    Locator: getByRole('heading', { name: 'How FairBet Works' })
    Expected: visible
    Timeout: 10000ms
    Error: element(s) not found

    Call log:
    [2m  - Expect "toBeVisible" with timeout 10000ms[22m
    [2m  - waiting for getByRole('heading', { name: 'How FairBet Works' })[22m


       97 |     await expect(
       98 |       page.getByRole("heading", { name: "How FairBet Works" })
    >  99 |     ).toBeVisible();
          |       ^
      100 |   });
      101 |
      102 |   test("bet cards render after loading or empty state shown", async ({ page }) => {
        at /Users/michaelfuscoletti/Desktop/scroll-down-web/web/tests/fairbet/odds.spec.ts:99:7

    attachment #1: screenshot (image/png) ──────────────────────────────────────────────────────────
    test-results/fairbet-odds-FairBet-Page--ef4b7-utton-opens-explainer-smoke-chromium/test-failed-1.png
    ────────────────────────────────────────────────────────────────────────────────────────────────

    attachment #2: video (video/webm) ──────────────────────────────────────────────────────────────
    test-results/fairbet-odds-FairBet-Page--ef4b7-utton-opens-explainer-smoke-chromium/video.webm
    ────────────────────────────────────────────────────────────────────────────────────────────────

    Error Context: test-results/fairbet-odds-FairBet-Page--ef4b7-utton-opens-explainer-smoke-chromium/error-context.md


[1A[2K(node:96886) Warning: The 'NO_COLOR' env is ignored due to the 'FORCE_COLOR' env being set.
(Use `node --trace-warnings ...` to show where the warning was created)


[1A[2K[76/837] [chromium] › tests/fairbet/odds.spec.ts:179:7 › FairBet Page - Odds › More Markets button expands non-mainline bets
[1A[2K(node:96886) Warning: The 'NO_COLOR' env is ignored due to the 'FORCE_COLOR' env being set.
(Use `node --trace-warnings ...` to show where the warning was created)


[1A[2K[77/837] [chromium] › tests/fairbet/odds.spec.ts:156:7 › FairBet Page - Odds › FairBet card shows ≤3 market rows by default before expansion
[1A[2K[78/837] [chromium] › tests/fairbet/odds.spec.ts:209:7 › FairBet Page - Odds › bet cards show dollar-value EV format
[1A[2K[79/837] [chromium] › tests/fairbet/parlay.spec.ts:9:7 › FairBet Page - Parlay › parlay button is not visible when no legs are selected
[1A[2K[80/837] [chromium] › tests/fairbet/parlay.spec.ts:21:7 › FairBet Page - Parlay › clicking parlay toggle on a bet card toggles its state
[1A[2K[81/837] [chromium] › tests/fairbet/parlay.spec.ts:44:7 › FairBet Page - Parlay › adding 2 legs shows Parlay count in header
[1A[2K[82/837] [chromium] › tests/fairbet/phase9.spec.ts:34:7 › Phase 9 FairBet Pro E2E › line movement: pro sees arrow and direction on at least one card @smoke
[1A[2K  37) [chromium] › tests/fairbet/odds.spec.ts:156:7 › FairBet Page - Odds › FairBet card shows ≤3 market rows by default before expansion 

    [31mTest timeout of 30000ms exceeded.[39m

    attachment #1: screenshot (image/png) ──────────────────────────────────────────────────────────
    test-results/fairbet-odds-FairBet-Page--d813f-by-default-before-expansion-chromium/test-failed-1.png
    ────────────────────────────────────────────────────────────────────────────────────────────────

    attachment #2: video (video/webm) ──────────────────────────────────────────────────────────────
    test-results/fairbet-odds-FairBet-Page--d813f-by-default-before-expansion-chromium/video.webm
    ────────────────────────────────────────────────────────────────────────────────────────────────

    Error Context: test-results/fairbet-odds-FairBet-Page--d813f-by-default-before-expansion-chromium/error-context.md


[1A[2K(node:97462) Warning: The 'NO_COLOR' env is ignored due to the 'FORCE_COLOR' env being set.
(Use `node --trace-warnings ...` to show where the warning was created)


[1A[2K[83/837] [chromium] › tests/fairbet/phase9.spec.ts:121:7 › Phase 9 FairBet Pro E2E › CLV: logged bet appears in /settings/my-bets with correct columns @smoke
[1A[2K(node:97462) Warning: The 'NO_COLOR' env is ignored due to the 'FORCE_COLOR' env being set.
(Use `node --trace-warnings ...` to show where the warning was created)


[1A[2K[84/837] [chromium] › tests/fairbet/phase9.spec.ts:73:7 › Phase 9 FairBet Pro E2E › EV simulator: $100 stake output matches the card's EV-per-$100 label
[1A[2K[85/837] [chromium] › tests/fairbet/phase9.spec.ts:167:7 › Phase 9 FairBet Pro E2E › advanced filters: High confidence hides low-confidence cards
[1A[2K[86/837] [chromium] › tests/fairbet/phase9.spec.ts:202:7 › Phase 9 FairBet Pro E2E › montecarlo: sheet renders win%, cover%, and over/under% values
[1A[2K[87/837] [chromium] › tests/fairbet/phase9.spec.ts:243:7 › Phase 9 FairBet Pro E2E › CLV dashboard: summary row and sparkline render for Pro users with enough bets
[1A[2K[88/837] [chromium] › tests/fairbet/phase9.spec.ts:284:7 › Phase 9 FairBet Pro E2E › CLV dashboard: free user is shown upgrade copy, not the dashboard @smoke
[1A[2K[89/837] [chromium] › tests/fairbet/phase9.spec.ts:300:7 › History Pro Gate (ISSUE-058) › free user sees gate overlay with upgrade CTA on /history @smoke
[1A[2K[90/837] [chromium] › tests/fairbet/phase9.spec.ts:314:7 › History Pro Gate (ISSUE-058) › free user clicking upgrade CTA opens the pro gate sheet @smoke
[1A[2K[91/837] [chromium] › tests/fairbet/phase9.spec.ts:328:7 › History Pro Gate (ISSUE-058) › pro user sees full history content without gate @smoke
[1A[2K[92/837] [chromium] › tests/fairbet/phase9.spec.ts:336:7 › History Pro Gate (ISSUE-058) › history API returns 403 pro_required for free tier requests @smoke
[1A[2K[93/837] [chromium] › tests/fairbet/phase9.spec.ts:345:7 › History Pro Gate (ISSUE-058) › history API returns data for pro tier requests
[1A[2K  38) [chromium] › tests/fairbet/phase9.spec.ts:243:7 › Phase 9 FairBet Pro E2E › CLV dashboard: summary row and sparkline render for Pro users with enough bets 

    Error: [2mexpect([22m[31mlocator[39m[2m).[22mtoBeVisible[2m([22m[2m)[22m failed

    Locator: locator('[data-testid=\'clv-dashboard\']')
    Expected: visible
    Timeout: 5000ms
    Error: element(s) not found

    Call log:
    [2m  - Expect "toBeVisible" with timeout 5000ms[22m
    [2m  - waiting for locator('[data-testid=\'clv-dashboard\']')[22m


      276 |     await waitForLoad(page);
      277 |
    > 278 |     await expect(page.locator("[data-testid='clv-dashboard']")).toBeVisible({ timeout: 5_000 });
          |                                                                 ^
      279 |     await expect(page.locator("[data-testid='dashboard-summary']")).toBeVisible();
      280 |     await expect(page.locator("[data-testid='stat-total-bets']")).toHaveText("5");
      281 |     await expect(page.locator("[data-testid='clv-sparkline']")).toBeVisible();
        at /Users/michaelfuscoletti/Desktop/scroll-down-web/web/tests/fairbet/phase9.spec.ts:278:65

    attachment #1: screenshot (image/png) ──────────────────────────────────────────────────────────
    test-results/fairbet-phase9-Phase-9-Fai-51759--Pro-users-with-enough-bets-chromium/test-failed-1.png
    ────────────────────────────────────────────────────────────────────────────────────────────────

    attachment #2: video (video/webm) ──────────────────────────────────────────────────────────────
    test-results/fairbet-phase9-Phase-9-Fai-51759--Pro-users-with-enough-bets-chromium/video.webm
    ────────────────────────────────────────────────────────────────────────────────────────────────

    Error Context: test-results/fairbet-phase9-Phase-9-Fai-51759--Pro-users-with-enough-bets-chromium/error-context.md


[1A[2K  39) [chromium] › tests/fairbet/phase9.spec.ts:300:7 › History Pro Gate (ISSUE-058) › free user sees gate overlay with upgrade CTA on /history @smoke 

    Error: [2mexpect([22m[31mlocator[39m[2m).[22mtoBeVisible[2m([22m[2m)[22m failed

    Locator: locator('[data-testid=\'history-gate-overlay\']')
    Expected: visible
    Timeout: 5000ms
    Error: element(s) not found

    Call log:
    [2m  - Expect "toBeVisible" with timeout 5000ms[22m
    [2m  - waiting for locator('[data-testid=\'history-gate-overlay\']')[22m


      302 |     await waitForLoad(page);
      303 |
    > 304 |     await expect(page.locator("[data-testid='history-gate-overlay']")).toBeVisible({
          |                                                                        ^
      305 |       timeout: 5_000,
      306 |     });
      307 |     await expect(page.locator("[data-testid='history-gate-title']")).toBeVisible();
        at /Users/michaelfuscoletti/Desktop/scroll-down-web/web/tests/fairbet/phase9.spec.ts:304:72

    attachment #1: screenshot (image/png) ──────────────────────────────────────────────────────────
    test-results/fairbet-phase9-History-Pro-8c64c-pgrade-CTA-on-history-smoke-chromium/test-failed-1.png
    ────────────────────────────────────────────────────────────────────────────────────────────────

    attachment #2: video (video/webm) ──────────────────────────────────────────────────────────────
    test-results/fairbet-phase9-History-Pro-8c64c-pgrade-CTA-on-history-smoke-chromium/video.webm
    ────────────────────────────────────────────────────────────────────────────────────────────────

    Error Context: test-results/fairbet-phase9-History-Pro-8c64c-pgrade-CTA-on-history-smoke-chromium/error-context.md


[1A[2K  40) [chromium] › tests/fairbet/phase9.spec.ts:314:7 › History Pro Gate (ISSUE-058) › free user clicking upgrade CTA opens the pro gate sheet @smoke 

    Error: [2mexpect([22m[31mlocator[39m[2m).[22mtoBeVisible[2m([22m[2m)[22m failed

    Locator: locator('[data-testid=\'history-upgrade-cta\']')
    Expected: visible
    Timeout: 5000ms
    Error: element(s) not found

    Call log:
    [2m  - Expect "toBeVisible" with timeout 5000ms[22m
    [2m  - waiting for locator('[data-testid=\'history-upgrade-cta\']')[22m


      317 |
      318 |     const cta = page.locator("[data-testid='history-upgrade-cta']");
    > 319 |     await expect(cta).toBeVisible({ timeout: 5_000 });
          |                       ^
      320 |     await cta.click();
      321 |
      322 |     await expect(page.locator("[data-testid='pro-gate-sheet']")).toBeVisible({ timeout: 3_000 });
        at /Users/michaelfuscoletti/Desktop/scroll-down-web/web/tests/fairbet/phase9.spec.ts:319:23

    attachment #1: screenshot (image/png) ──────────────────────────────────────────────────────────
    test-results/fairbet-phase9-History-Pro-8e427-ns-the-pro-gate-sheet-smoke-chromium/test-failed-1.png
    ────────────────────────────────────────────────────────────────────────────────────────────────

    attachment #2: video (video/webm) ──────────────────────────────────────────────────────────────
    test-results/fairbet-phase9-History-Pro-8e427-ns-the-pro-gate-sheet-smoke-chromium/video.webm
    ────────────────────────────────────────────────────────────────────────────────────────────────

    Error Context: test-results/fairbet-phase9-History-Pro-8e427-ns-the-pro-gate-sheet-smoke-chromium/error-context.md


[1A[2K(node:98275) Warning: The 'NO_COLOR' env is ignored due to the 'FORCE_COLOR' env being set.
(Use `node --trace-warnings ...` to show where the warning was created)


[1A[2K(node:98282) Warning: The 'NO_COLOR' env is ignored due to the 'FORCE_COLOR' env being set.
(Use `node --trace-warnings ...` to show where the warning was created)


[1A[2K(node:98285) Warning: The 'NO_COLOR' env is ignored due to the 'FORCE_COLOR' env being set.
(Use `node --trace-warnings ...` to show where the warning was created)


[1A[2K(node:98275) Warning: The 'NO_COLOR' env is ignored due to the 'FORCE_COLOR' env being set.
(Use `node --trace-warnings ...` to show where the warning was created)


[1A[2K(node:98282) Warning: The 'NO_COLOR' env is ignored due to the 'FORCE_COLOR' env being set.
(Use `node --trace-warnings ...` to show where the warning was created)


[1A[2K(node:98285) Warning: The 'NO_COLOR' env is ignored due to the 'FORCE_COLOR' env being set.
(Use `node --trace-warnings ...` to show where the warning was created)


[1A[2K[94/837] [chromium] › tests/fairbet/phase9.spec.ts:396:7 › FairBet book-details blur (ISSUE-061) › free-tier: tapping blur region opens upgrade CTA sheet @smoke
[1A[2K[95/837] [chromium] › tests/fairbet/phase9.spec.ts:357:7 › FairBet book-details blur (ISSUE-061) › free-tier: book details are blurred and ev-dollar-label is visible @smoke
[1A[2K[96/837] [chromium] › tests/fairbet/phase9.spec.ts:415:7 › FairBet book-details blur (ISSUE-061) › pro-tier: no blur region, book comparison row is visible @smoke
[1A[2K[97/837] [chromium] › tests/fairbet/phase9.spec.ts:435:7 › FairBet book-details blur (ISSUE-061) › free-tier: no layout shift between free and pro render @smoke
[1A[2K  41) [chromium] › tests/fairbet/phase9.spec.ts:328:7 › History Pro Gate (ISSUE-058) › pro user sees full history content without gate @smoke 

    Error: [2mexpect([22m[31mlocator[39m[2m).[22mtoBeVisible[2m([22m[2m)[22m failed

    Locator: locator('[data-testid=\'page-history\']')
    Expected: visible
    Timeout: 10000ms
    Error: element(s) not found

    Call log:
    [2m  - Expect "toBeVisible" with timeout 10000ms[22m
    [2m  - waiting for locator('[data-testid=\'page-history\']')[22m


      331 |
      332 |     await expect(page.locator("[data-testid='history-gate-overlay']")).not.toBeVisible();
    > 333 |     await expect(page.locator("[data-testid='page-history']")).toBeVisible({ timeout: 10_000 });
          |                                                                ^
      334 |   });
      335 |
      336 |   test("history API returns 403 pro_required for free tier requests @smoke", async ({
        at /Users/michaelfuscoletti/Desktop/scroll-down-web/web/tests/fairbet/phase9.spec.ts:333:64

    attachment #1: screenshot (image/png) ──────────────────────────────────────────────────────────
    test-results/fairbet-phase9-History-Pro-50531--content-without-gate-smoke-chromium/test-failed-1.png
    ────────────────────────────────────────────────────────────────────────────────────────────────

    attachment #2: video (video/webm) ──────────────────────────────────────────────────────────────
    test-results/fairbet-phase9-History-Pro-50531--content-without-gate-smoke-chromium/video.webm
    ────────────────────────────────────────────────────────────────────────────────────────────────

    Error Context: test-results/fairbet-phase9-History-Pro-50531--content-without-gate-smoke-chromium/error-context.md


[1A[2K(node:98477) Warning: The 'NO_COLOR' env is ignored due to the 'FORCE_COLOR' env being set.
(Use `node --trace-warnings ...` to show where the warning was created)


[1A[2K(node:98477) Warning: The 'NO_COLOR' env is ignored due to the 'FORCE_COLOR' env being set.
(Use `node --trace-warnings ...` to show where the warning was created)


[1A[2K[98/837] [chromium] › tests/fairbet/source-attribution.spec.ts:19:7 › FairBet - Source Attribution › each bet card has a source attribution line @smoke
[1A[2K[99/837] [chromium] › tests/fairbet/source-attribution.spec.ts:35:7 › FairBet - Source Attribution › attribution shows book count starting with 'From'
[1A[2K[100/837] [chromium] › tests/fairbet/source-attribution.spec.ts:48:7 › FairBet - Source Attribution › stale attribution has amber color when May be delayed
[1A[2K[101/837] [chromium] › tests/fairbet/source-attribution.spec.ts:71:7 › FairBet - Source Attribution › fresh attribution has no timestamp suffix
[1A[2K[102/837] [chromium] › tests/fairbet.spec.ts:28:7 › FairBet E2E Suite › page loads without JS errors @smoke
[1A[2K[103/837] [chromium] › tests/fairbet.spec.ts:43:7 › FairBet E2E Suite › dollar-value EV label present on at least one card @smoke
[1A[2K[104/837] [chromium] › tests/fairbet.spec.ts:69:7 › FairBet E2E Suite › traffic-light tier badge present on at least one card @smoke
[1A[2K[105/837] [chromium] › tests/fairbet.spec.ts:93:7 › FairBet E2E Suite › book chip row renders with at least one chip @smoke
[1A[2K[106/837] [chromium] › tests/fairbet.spec.ts:106:7 › FairBet E2E Suite › mainlines shown by default; More Markets expands rows
[1A[2K[107/837] [chromium] › tests/fairbet.spec.ts:137:7 › FairBet E2E Suite › fair price explanation panel opens and closes on tap @smoke
[1A[2K[108/837] [chromium] › tests/fairbet.spec.ts:154:7 › FairBet E2E Suite › source attribution line present on cards @smoke
[1A[2K  42) [chromium] › tests/fairbet.spec.ts:69:7 › FairBet E2E Suite › traffic-light tier badge present on at least one card @smoke 

    [31mTest timeout of 30000ms exceeded.[39m

    attachment #1: screenshot (image/png) ──────────────────────────────────────────────────────────
    test-results/fairbet-FairBet-E2E-Suite--38ac9--on-at-least-one-card-smoke-chromium/test-failed-1.png
    ────────────────────────────────────────────────────────────────────────────────────────────────

    attachment #2: video (video/webm) ──────────────────────────────────────────────────────────────
    test-results/fairbet-FairBet-E2E-Suite--38ac9--on-at-least-one-card-smoke-chromium/video.webm
    ────────────────────────────────────────────────────────────────────────────────────────────────

    Error Context: test-results/fairbet-FairBet-E2E-Suite--38ac9--on-at-least-one-card-smoke-chromium/error-context.md


[1A[2K(node:99602) Warning: The 'NO_COLOR' env is ignored due to the 'FORCE_COLOR' env being set.
(Use `node --trace-warnings ...` to show where the warning was created)


[1A[2K  43) [chromium] › tests/fairbet.spec.ts:137:7 › FairBet E2E Suite › fair price explanation panel opens and closes on tap @smoke 

    [31mTest timeout of 30000ms exceeded.[39m

    attachment #1: screenshot (image/png) ──────────────────────────────────────────────────────────
    test-results/fairbet-FairBet-E2E-Suite--fe582-ens-and-closes-on-tap-smoke-chromium/test-failed-1.png
    ────────────────────────────────────────────────────────────────────────────────────────────────

    attachment #2: video (video/webm) ──────────────────────────────────────────────────────────────
    test-results/fairbet-FairBet-E2E-Suite--fe582-ens-and-closes-on-tap-smoke-chromium/video.webm
    ────────────────────────────────────────────────────────────────────────────────────────────────

    Error Context: test-results/fairbet-FairBet-E2E-Suite--fe582-ens-and-closes-on-tap-smoke-chromium/error-context.md


[1A[2K  44) [chromium] › tests/fairbet.spec.ts:93:7 › FairBet E2E Suite › book chip row renders with at least one chip @smoke 

    [31mTest timeout of 30000ms exceeded.[39m

    attachment #1: screenshot (image/png) ──────────────────────────────────────────────────────────
    test-results/fairbet-FairBet-E2E-Suite--9c1ec-ith-at-least-one-chip-smoke-chromium/test-failed-1.png
    ────────────────────────────────────────────────────────────────────────────────────────────────

    attachment #2: video (video/webm) ──────────────────────────────────────────────────────────────
    test-results/fairbet-FairBet-E2E-Suite--9c1ec-ith-at-least-one-chip-smoke-chromium/video.webm
    ────────────────────────────────────────────────────────────────────────────────────────────────

    Error Context: test-results/fairbet-FairBet-E2E-Suite--9c1ec-ith-at-least-one-chip-smoke-chromium/error-context.md


[1A[2K  45) [chromium] › tests/fairbet.spec.ts:106:7 › FairBet E2E Suite › mainlines shown by default; More Markets expands rows 

    [31mTest timeout of 30000ms exceeded.[39m

    attachment #1: screenshot (image/png) ──────────────────────────────────────────────────────────
    test-results/fairbet-FairBet-E2E-Suite--0f237-t-More-Markets-expands-rows-chromium/test-failed-1.png
    ────────────────────────────────────────────────────────────────────────────────────────────────

    attachment #2: video (video/webm) ──────────────────────────────────────────────────────────────
    test-results/fairbet-FairBet-E2E-Suite--0f237-t-More-Markets-expands-rows-chromium/video.webm
    ────────────────────────────────────────────────────────────────────────────────────────────────

    Error Context: test-results/fairbet-FairBet-E2E-Suite--0f237-t-More-Markets-expands-rows-chromium/error-context.md


[1A[2K(node:99618) Warning: The 'NO_COLOR' env is ignored due to the 'FORCE_COLOR' env being set.
(Use `node --trace-warnings ...` to show where the warning was created)


[1A[2K(node:99616) Warning: The 'NO_COLOR' env is ignored due to the 'FORCE_COLOR' env being set.
(Use `node --trace-warnings ...` to show where the warning was created)


[1A[2K(node:99617) Warning: The 'NO_COLOR' env is ignored due to the 'FORCE_COLOR' env being set.
(Use `node --trace-warnings ...` to show where the warning was created)


[1A[2K(node:99602) Warning: The 'NO_COLOR' env is ignored due to the 'FORCE_COLOR' env being set.
(Use `node --trace-warnings ...` to show where the warning was created)


[1A[2K[109/837] [chromium] › tests/fairbet.spec.ts:170:7 › FairBet E2E Suite › line-movement row is blurred for free users and unblurred for pro @smoke
[1A[2K(node:99618) Warning: The 'NO_COLOR' env is ignored due to the 'FORCE_COLOR' env being set.
(Use `node --trace-warnings ...` to show where the warning was created)


[1A[2K(node:99616) Warning: The 'NO_COLOR' env is ignored due to the 'FORCE_COLOR' env being set.
(Use `node --trace-warnings ...` to show where the warning was created)


[1A[2K(node:99617) Warning: The 'NO_COLOR' env is ignored due to the 'FORCE_COLOR' env being set.
(Use `node --trace-warnings ...` to show where the warning was created)


[1A[2K[110/837] [chromium] › tests/fairbet.spec.ts:197:7 › FairBet E2E Suite › EV simulator: pro user sees outputs after entering stake @smoke
[1A[2K[111/837] [chromium] › tests/fairbet.spec.ts:253:7 › FairBet E2E Suite › EV simulator: non-numeric input is ignored, negative clamped to 0 @smoke
[1A[2K[112/837] [chromium] › tests/fairbet.spec.ts:234:7 › FairBet E2E Suite › EV simulator: free user sees disabled input and gate sheet on focus @smoke
[1A[2K[113/837] [chromium] › tests/fairbet.spec.ts:290:7 › FairBet E2E Suite › CLV: Pro user sees Log bet button on cards @smoke
[1A[2K[114/837] [chromium] › tests/fairbet.spec.ts:308:7 › FairBet E2E Suite › CLV: Log bet modal opens with book and odds pre-filled @smoke
[1A[2K[115/837] [chromium] › tests/fairbet.spec.ts:337:7 › FairBet E2E Suite › CLV: Log bet modal can confirm and modal closes @smoke
[1A[2K[116/837] [chromium] › tests/fairbet.spec.ts:364:7 › FairBet E2E Suite › CLV: free user does not see Log bet button @smoke
[1A[2K[117/837] [chromium] › tests/fairbet.spec.ts:376:7 › FairBet E2E Suite › CLV: My Bets settings page hidden from free users @smoke
[1A[2K[118/837] [chromium] › tests/fairbet.spec.ts:384:7 › FairBet E2E Suite › CLV: My Bets page shows empty state for Pro users with no bets @smoke
[1A[2K[119/837] [chromium] › tests/fairbet.spec.ts:400:7 › FairBet E2E Suite › montecarlo: free user sees gated button that opens pro-gate sheet @smoke
[1A[2K[120/837] [chromium] › tests/fairbet.spec.ts:422:7 › FairBet E2E Suite › montecarlo: pro user sees Win Probability button, not gated @smoke
[1A[2K[121/837] [chromium] › tests/fairbet.spec.ts:439:7 › FairBet E2E Suite › montecarlo: pro user opens sheet which displays win probability @smoke
[1A[2K[122/837] [chromium] › tests/fairbet.spec.ts:478:7 › FairBet E2E Suite › montecarlo: sheet closes on backdrop click and reopens for different card @smoke
[1A[2K[123/837] [chromium] › tests/fairbet.spec.ts:517:7 › FairBet E2E Suite › montecarlo: sheet shows histogram element @smoke
[1A[2K[124/837] [chromium] › tests/fairbet.spec.ts:549:7 › FairBet E2E Suite › empty state renders intentional messaging when no cards @smoke
[1A[2K[125/837] [chromium] › tests/fairbet.spec.ts:570:7 › FairBet E2E Suite › advanced filters: free user sees gated button that opens pro-gate sheet @smoke
[1A[2K  46) [chromium] › tests/fairbet.spec.ts:439:7 › FairBet E2E Suite › montecarlo: pro user opens sheet which displays win probability @smoke 

    [31mTest timeout of 30000ms exceeded.[39m

    attachment #1: screenshot (image/png) ──────────────────────────────────────────────────────────
    test-results/fairbet-FairBet-E2E-Suite--f3573-plays-win-probability-smoke-chromium/test-failed-1.png
    ────────────────────────────────────────────────────────────────────────────────────────────────

    attachment #2: video (video/webm) ──────────────────────────────────────────────────────────────
    test-results/fairbet-FairBet-E2E-Suite--f3573-plays-win-probability-smoke-chromium/video.webm
    ────────────────────────────────────────────────────────────────────────────────────────────────

    Error Context: test-results/fairbet-FairBet-E2E-Suite--f3573-plays-win-probability-smoke-chromium/error-context.md


[1A[2K  47) [chromium] › tests/fairbet.spec.ts:517:7 › FairBet E2E Suite › montecarlo: sheet shows histogram element @smoke 

    [31mTest timeout of 30000ms exceeded.[39m

    attachment #1: screenshot (image/png) ──────────────────────────────────────────────────────────
    test-results/fairbet-FairBet-E2E-Suite--99a47-ows-histogram-element-smoke-chromium/test-failed-1.png
    ────────────────────────────────────────────────────────────────────────────────────────────────

    attachment #2: video (video/webm) ──────────────────────────────────────────────────────────────
    test-results/fairbet-FairBet-E2E-Suite--99a47-ows-histogram-element-smoke-chromium/video.webm
    ────────────────────────────────────────────────────────────────────────────────────────────────

    Error Context: test-results/fairbet-FairBet-E2E-Suite--99a47-ows-histogram-element-smoke-chromium/error-context.md


[1A[2K  48) [chromium] › tests/fairbet.spec.ts:478:7 › FairBet E2E Suite › montecarlo: sheet closes on backdrop click and reopens for different card @smoke 

    [31mTest timeout of 30000ms exceeded.[39m

    attachment #1: screenshot (image/png) ──────────────────────────────────────────────────────────
    test-results/fairbet-FairBet-E2E-Suite--a9d69-ns-for-different-card-smoke-chromium/test-failed-1.png
    ────────────────────────────────────────────────────────────────────────────────────────────────

    attachment #2: video (video/webm) ──────────────────────────────────────────────────────────────
    test-results/fairbet-FairBet-E2E-Suite--a9d69-ns-for-different-card-smoke-chromium/video.webm
    ────────────────────────────────────────────────────────────────────────────────────────────────

    Error Context: test-results/fairbet-FairBet-E2E-Suite--a9d69-ns-for-different-card-smoke-chromium/error-context.md


[1A[2K(node:1221) Warning: The 'NO_COLOR' env is ignored due to the 'FORCE_COLOR' env being set.
(Use `node --trace-warnings ...` to show where the warning was created)


[1A[2K(node:1234) Warning: The 'NO_COLOR' env is ignored due to the 'FORCE_COLOR' env being set.
(Use `node --trace-warnings ...` to show where the warning was created)


[1A[2K(node:1233) Warning: The 'NO_COLOR' env is ignored due to the 'FORCE_COLOR' env being set.
(Use `node --trace-warnings ...` to show where the warning was created)


[1A[2K(node:1234) Warning: The 'NO_COLOR' env is ignored due to the 'FORCE_COLOR' env being set.
(Use `node --trace-warnings ...` to show where the warning was created)


[1A[2K(node:1233) Warning: The 'NO_COLOR' env is ignored due to the 'FORCE_COLOR' env being set.
(Use `node --trace-warnings ...` to show where the warning was created)


[1A[2K(node:1221) Warning: The 'NO_COLOR' env is ignored due to the 'FORCE_COLOR' env being set.
(Use `node --trace-warnings ...` to show where the warning was created)


[1A[2K[126/837] [chromium] › tests/freemium/billing.spec.ts:30:7 › POST /api/billing/checkout › returns 401 when not authenticated @smoke
[1A[2K[127/837] [chromium] › tests/fairbet.spec.ts:611:7 › FairBet E2E Suite › advanced filters: filter state persists across page reload @smoke
[1A[2K[128/837] [chromium] › tests/fairbet.spec.ts:588:7 › FairBet E2E Suite › advanced filters: pro user sees full filter panel with four control rows @smoke
[1A[2K[129/837] [chromium] › tests/freemium/billing.spec.ts:37:7 › POST /api/billing/checkout › returns 401 with a tampered session cookie @smoke
[1A[2K[130/837] [chromium] › tests/freemium/billing.spec.ts:45:7 › POST /api/billing/checkout › returns 500-range or redirect when STRIPE_SECRET_KEY is missing
[1A[2K[131/837] [chromium] › tests/freemium/billing.spec.ts:62:7 › GET /api/billing/portal › returns 401 when not authenticated @smoke
[1A[2K[132/837] [chromium] › tests/freemium/billing.spec.ts:67:7 › GET /api/billing/portal › returns 404 when authenticated but no Stripe customer @smoke
[1A[2K  49) [chromium] › tests/fairbet.spec.ts:549:7 › FairBet E2E Suite › empty state renders intentional messaging when no cards @smoke 

    [31mTest timeout of 30000ms exceeded.[39m

    attachment #1: screenshot (image/png) ──────────────────────────────────────────────────────────
    test-results/fairbet-FairBet-E2E-Suite--87016-ssaging-when-no-cards-smoke-chromium/test-failed-1.png
    ────────────────────────────────────────────────────────────────────────────────────────────────

    attachment #2: video (video/webm) ──────────────────────────────────────────────────────────────
    test-results/fairbet-FairBet-E2E-Suite--87016-ssaging-when-no-cards-smoke-chromium/video.webm
    ────────────────────────────────────────────────────────────────────────────────────────────────

    Error Context: test-results/fairbet-FairBet-E2E-Suite--87016-ssaging-when-no-cards-smoke-chromium/error-context.md


[1A[2K(node:1334) Warning: The 'NO_COLOR' env is ignored due to the 'FORCE_COLOR' env being set.
(Use `node --trace-warnings ...` to show where the warning was created)


[1A[2K  50) [chromium] › tests/freemium/billing.spec.ts:67:7 › GET /api/billing/portal › returns 404 when authenticated but no Stripe customer @smoke 

    Error: [2mexpect([22m[31mreceived[39m[2m).[22mtoBeTruthy[2m()[22m

    Received: [31mundefined[39m

      21 |   const cookies = await request.storageState();
      22 |   const session = cookies.cookies.find((c) => c.name === "sd-session");
    > 23 |   expect(session).toBeTruthy();
         |                   ^
      24 |   return session!.value;
      25 | }
      26 |
        at signInAs (/Users/michaelfuscoletti/Desktop/scroll-down-web/web/tests/freemium/billing.spec.ts:23:19)
        at /Users/michaelfuscoletti/Desktop/scroll-down-web/web/tests/freemium/billing.spec.ts:71:5

    Error Context: test-results/freemium-billing-GET-api-b-04c13-ut-no-Stripe-customer-smoke-chromium/error-context.md


[1A[2K(node:1334) Warning: The 'NO_COLOR' env is ignored due to the 'FORCE_COLOR' env being set.
(Use `node --trace-warnings ...` to show where the warning was created)


[1A[2K[133/837] [chromium] › tests/freemium/billing.spec.ts:84:7 › POST /api/billing/webhook › returns 400 when stripe-signature header is missing @smoke
[1A[2K(node:1349) Warning: The 'NO_COLOR' env is ignored due to the 'FORCE_COLOR' env being set.
(Use `node --trace-warnings ...` to show where the warning was created)


[1A[2K(node:1349) Warning: The 'NO_COLOR' env is ignored due to the 'FORCE_COLOR' env being set.
(Use `node --trace-warnings ...` to show where the warning was created)


[1A[2K[134/837] [chromium] › tests/freemium/billing.spec.ts:94:7 › POST /api/billing/webhook › returns 400 with a forged signature @smoke
[1A[2K[135/837] [chromium] › tests/freemium/billing.spec.ts:118:7 › Session tier refresh › session route returns authenticated user after sign-in @smoke
[1A[2K[136/837] [chromium] › tests/freemium/billing.spec.ts:109:7 › Session tier refresh › session route returns authenticated: false without cookie @smoke
[1A[2K[137/837] [chromium] › tests/freemium/billing.spec.ts:140:7 › ProGateSheet — checkout CTA › Upgrade to Pro button is present and not disabled when sheet is open @smoke
[1A[2K[138/837] [chromium] › tests/freemium/billing.spec.ts:157:7 › ProGateSheet — checkout CTA › unauthenticated upgrade click redirects to /login @smoke
[1A[2K  51) [chromium] › tests/fairbet.spec.ts:570:7 › FairBet E2E Suite › advanced filters: free user sees gated button that opens pro-gate sheet @smoke 

    [31mTest timeout of 30000ms exceeded.[39m

    attachment #1: screenshot (image/png) ──────────────────────────────────────────────────────────
    test-results/fairbet-FairBet-E2E-Suite--cb0fd--opens-pro-gate-sheet-smoke-chromium/test-failed-1.png
    ────────────────────────────────────────────────────────────────────────────────────────────────

    attachment #2: video (video/webm) ──────────────────────────────────────────────────────────────
    test-results/fairbet-FairBet-E2E-Suite--cb0fd--opens-pro-gate-sheet-smoke-chromium/video.webm
    ────────────────────────────────────────────────────────────────────────────────────────────────

    Error Context: test-results/fairbet-FairBet-E2E-Suite--cb0fd--opens-pro-gate-sheet-smoke-chromium/error-context.md


[1A[2K(node:1546) Warning: The 'NO_COLOR' env is ignored due to the 'FORCE_COLOR' env being set.
(Use `node --trace-warnings ...` to show where the warning was created)


[1A[2K(node:1546) Warning: The 'NO_COLOR' env is ignored due to the 'FORCE_COLOR' env being set.
(Use `node --trace-warnings ...` to show where the warning was created)


[1A[2K[139/837] [chromium] › tests/freemium/magic-link.spec.ts:15:7 › POST /api/auth/send-link › returns 200 for a valid email @smoke
[1A[2K[140/837] [chromium] › tests/freemium/magic-link.spec.ts:24:7 › POST /api/auth/send-link › returns 200 for an invalid email — no enumeration @smoke
[1A[2K[141/837] [chromium] › tests/freemium/magic-link.spec.ts:31:7 › POST /api/auth/send-link › returns 200 for an unknown email — no enumeration
[1A[2K[142/837] [chromium] › tests/freemium/magic-link.spec.ts:38:7 › POST /api/auth/send-link › exposes devToken in non-production @smoke
[1A[2K[143/837] [chromium] › tests/freemium/magic-link.spec.ts:55:7 › GET /api/auth/verify › missing token redirects to /login with error @smoke
[1A[2K[144/837] [chromium] › tests/freemium/magic-link.spec.ts:61:7 › GET /api/auth/verify › invalid token redirects to /login with error @smoke
[1A[2K[145/837] [chromium] › tests/freemium/magic-link.spec.ts:71:7 › GET /api/auth/session › returns anonymous when no cookie is present @smoke
[1A[2K[146/837] [chromium] › tests/freemium/magic-link.spec.ts:82:7 › Magic-link end-to-end flow › verify → session cookie set → sign-out clears session @smoke
[1A[2K[147/837] [chromium] › tests/freemium/magic-link.spec.ts:122:7 › Magic-link end-to-end flow › same token cannot be used twice
[1A[2K[148/837] [chromium] › tests/freemium/magic-link.spec.ts:143:7 › Magic-link end-to-end flow › anon ID from cookie is associated with new account
[1A[2K[149/837] [chromium] › tests/freemium/pro-gate-sheet.spec.ts:20:7 › ProGateSheet — upgrade prompt › sheet opens and shows benefit copy for the requested feature @smoke
[1A[2K[150/837] [chromium] › tests/freemium/pro-gate-sheet.spec.ts:37:7 › ProGateSheet — upgrade prompt › sheet displays monthly and annual pricing @smoke
[1A[2K[151/837] [chromium] › tests/freemium/pro-gate-sheet.spec.ts:47:7 › ProGateSheet — upgrade prompt › Upgrade to Pro CTA is visible
[1A[2K  52) [chromium] › tests/freemium/billing.spec.ts:140:7 › ProGateSheet — checkout CTA › Upgrade to Pro button is present and not disabled when sheet is open @smoke 

    [31mTest timeout of 30000ms exceeded.[39m

    Error: page.waitForFunction: Test timeout of 30000ms exceeded.

       at helpers.ts:68

      66 | /** `window.__openProGateSheet` is assigned in layout; wait so `page.goto` does not race it. */
      67 | export async function waitForProGateTestHook(page: Page): Promise<void> {
    > 68 |   await page.waitForFunction(
         |              ^
      69 |     () =>
      70 |       typeof (window as unknown as { __openProGateSheet?: unknown }).__openProGateSheet ===
      71 |       "function",
        at waitForProGateTestHook (/Users/michaelfuscoletti/Desktop/scroll-down-web/web/tests/helpers.ts:68:14)
        at /Users/michaelfuscoletti/Desktop/scroll-down-web/web/tests/freemium/billing.spec.ts:144:33

    attachment #1: screenshot (image/png) ──────────────────────────────────────────────────────────
    test-results/freemium-billing-ProGateSh-a301c-ed-when-sheet-is-open-smoke-chromium/test-failed-1.png
    ────────────────────────────────────────────────────────────────────────────────────────────────

    attachment #2: video (video/webm) ──────────────────────────────────────────────────────────────
    test-results/freemium-billing-ProGateSh-a301c-ed-when-sheet-is-open-smoke-chromium/video.webm
    ────────────────────────────────────────────────────────────────────────────────────────────────

    Error Context: test-results/freemium-billing-ProGateSh-a301c-ed-when-sheet-is-open-smoke-chromium/error-context.md


[1A[2K(node:1950) Warning: The 'NO_COLOR' env is ignored due to the 'FORCE_COLOR' env being set.
(Use `node --trace-warnings ...` to show where the warning was created)


[1A[2K  53) [chromium] › tests/freemium/billing.spec.ts:157:7 › ProGateSheet — checkout CTA › unauthenticated upgrade click redirects to /login @smoke 

    [31mTest timeout of 30000ms exceeded.[39m

    Error: page.waitForFunction: Test timeout of 30000ms exceeded.

       at helpers.ts:68

      66 | /** `window.__openProGateSheet` is assigned in layout; wait so `page.goto` does not race it. */
      67 | export async function waitForProGateTestHook(page: Page): Promise<void> {
    > 68 |   await page.waitForFunction(
         |              ^
      69 |     () =>
      70 |       typeof (window as unknown as { __openProGateSheet?: unknown }).__openProGateSheet ===
      71 |       "function",
        at waitForProGateTestHook (/Users/michaelfuscoletti/Desktop/scroll-down-web/web/tests/helpers.ts:68:14)
        at /Users/michaelfuscoletti/Desktop/scroll-down-web/web/tests/freemium/billing.spec.ts:161:33

    attachment #1: screenshot (image/png) ──────────────────────────────────────────────────────────
    test-results/freemium-billing-ProGateSh-1f685-ck-redirects-to-login-smoke-chromium/test-failed-1.png
    ────────────────────────────────────────────────────────────────────────────────────────────────

    attachment #2: video (video/webm) ──────────────────────────────────────────────────────────────
    test-results/freemium-billing-ProGateSh-1f685-ck-redirects-to-login-smoke-chromium/video.webm
    ────────────────────────────────────────────────────────────────────────────────────────────────

    Error Context: test-results/freemium-billing-ProGateSh-1f685-ck-redirects-to-login-smoke-chromium/error-context.md


[1A[2K(node:1951) Warning: The 'NO_COLOR' env is ignored due to the 'FORCE_COLOR' env being set.
(Use `node --trace-warnings ...` to show where the warning was created)


[1A[2K(node:1950) Warning: The 'NO_COLOR' env is ignored due to the 'FORCE_COLOR' env being set.
(Use `node --trace-warnings ...` to show where the warning was created)


[1A[2K[152/837] [chromium] › tests/freemium/pro-gate-sheet.spec.ts:54:7 › ProGateSheet — upgrade prompt › dismissing sheet via close button hides the sheet @smoke
[1A[2K(node:1951) Warning: The 'NO_COLOR' env is ignored due to the 'FORCE_COLOR' env being set.
(Use `node --trace-warnings ...` to show where the warning was created)


[1A[2K[153/837] [chromium] › tests/freemium/pro-gate-sheet.spec.ts:65:7 › ProGateSheet — upgrade prompt › clicking backdrop dismisses the sheet
[1A[2K  54) [chromium] › tests/freemium/pro-gate-sheet.spec.ts:20:7 › ProGateSheet — upgrade prompt › sheet opens and shows benefit copy for the requested feature @smoke 

    [31mTest timeout of 30000ms exceeded.[39m

    Error: page.waitForFunction: Test timeout of 30000ms exceeded.

       at helpers.ts:68

      66 | /** `window.__openProGateSheet` is assigned in layout; wait so `page.goto` does not race it. */
      67 | export async function waitForProGateTestHook(page: Page): Promise<void> {
    > 68 |   await page.waitForFunction(
         |              ^
      69 |     () =>
      70 |       typeof (window as unknown as { __openProGateSheet?: unknown }).__openProGateSheet ===
      71 |       "function",
        at waitForProGateTestHook (/Users/michaelfuscoletti/Desktop/scroll-down-web/web/tests/helpers.ts:68:14)
        at openSheet (/Users/michaelfuscoletti/Desktop/scroll-down-web/web/tests/freemium/pro-gate-sheet.spec.ts:7:31)
        at /Users/michaelfuscoletti/Desktop/scroll-down-web/web/tests/freemium/pro-gate-sheet.spec.ts:25:11

    attachment #1: screenshot (image/png) ──────────────────────────────────────────────────────────
    test-results/freemium-pro-gate-sheet-Pr-569fb-the-requested-feature-smoke-chromium/test-failed-1.png
    ────────────────────────────────────────────────────────────────────────────────────────────────

    attachment #2: video (video/webm) ──────────────────────────────────────────────────────────────
    test-results/freemium-pro-gate-sheet-Pr-569fb-the-requested-feature-smoke-chromium/video.webm
    ────────────────────────────────────────────────────────────────────────────────────────────────

    Error Context: test-results/freemium-pro-gate-sheet-Pr-569fb-the-requested-feature-smoke-chromium/error-context.md


[1A[2K(node:2260) Warning: The 'NO_COLOR' env is ignored due to the 'FORCE_COLOR' env being set.
(Use `node --trace-warnings ...` to show where the warning was created)


[1A[2K(node:2260) Warning: The 'NO_COLOR' env is ignored due to the 'FORCE_COLOR' env being set.
(Use `node --trace-warnings ...` to show where the warning was created)


[1A[2K[154/837] [chromium] › tests/freemium/pro-gate-sheet.spec.ts:76:7 › ProGateSheet — upgrade prompt › Escape key closes the sheet
[1A[2K  55) [chromium] › tests/freemium/pro-gate-sheet.spec.ts:37:7 › ProGateSheet — upgrade prompt › sheet displays monthly and annual pricing @smoke 

    [31mTest timeout of 30000ms exceeded.[39m

    Error: page.waitForFunction: Test timeout of 30000ms exceeded.

       at helpers.ts:68

      66 | /** `window.__openProGateSheet` is assigned in layout; wait so `page.goto` does not race it. */
      67 | export async function waitForProGateTestHook(page: Page): Promise<void> {
    > 68 |   await page.waitForFunction(
         |              ^
      69 |     () =>
      70 |       typeof (window as unknown as { __openProGateSheet?: unknown }).__openProGateSheet ===
      71 |       "function",
        at waitForProGateTestHook (/Users/michaelfuscoletti/Desktop/scroll-down-web/web/tests/helpers.ts:68:14)
        at openSheet (/Users/michaelfuscoletti/Desktop/scroll-down-web/web/tests/freemium/pro-gate-sheet.spec.ts:7:31)
        at /Users/michaelfuscoletti/Desktop/scroll-down-web/web/tests/freemium/pro-gate-sheet.spec.ts:39:11

    attachment #1: screenshot (image/png) ──────────────────────────────────────────────────────────
    test-results/freemium-pro-gate-sheet-Pr-69be7-ly-and-annual-pricing-smoke-chromium/test-failed-1.png
    ────────────────────────────────────────────────────────────────────────────────────────────────

    attachment #2: video (video/webm) ──────────────────────────────────────────────────────────────
    test-results/freemium-pro-gate-sheet-Pr-69be7-ly-and-annual-pricing-smoke-chromium/video.webm
    ────────────────────────────────────────────────────────────────────────────────────────────────

    Error Context: test-results/freemium-pro-gate-sheet-Pr-69be7-ly-and-annual-pricing-smoke-chromium/error-context.md


[1A[2K(node:2299) Warning: The 'NO_COLOR' env is ignored due to the 'FORCE_COLOR' env being set.
(Use `node --trace-warnings ...` to show where the warning was created)


[1A[2K  56) [chromium] › tests/freemium/pro-gate-sheet.spec.ts:47:7 › ProGateSheet — upgrade prompt › Upgrade to Pro CTA is visible 

    [31mTest timeout of 30000ms exceeded.[39m

    Error: page.waitForFunction: Test timeout of 30000ms exceeded.

       at helpers.ts:68

      66 | /** `window.__openProGateSheet` is assigned in layout; wait so `page.goto` does not race it. */
      67 | export async function waitForProGateTestHook(page: Page): Promise<void> {
    > 68 |   await page.waitForFunction(
         |              ^
      69 |     () =>
      70 |       typeof (window as unknown as { __openProGateSheet?: unknown }).__openProGateSheet ===
      71 |       "function",
        at waitForProGateTestHook (/Users/michaelfuscoletti/Desktop/scroll-down-web/web/tests/helpers.ts:68:14)
        at openSheet (/Users/michaelfuscoletti/Desktop/scroll-down-web/web/tests/freemium/pro-gate-sheet.spec.ts:7:31)
        at /Users/michaelfuscoletti/Desktop/scroll-down-web/web/tests/freemium/pro-gate-sheet.spec.ts:49:11

    attachment #1: screenshot (image/png) ──────────────────────────────────────────────────────────
    test-results/freemium-pro-gate-sheet-Pr-cdf64-grade-to-Pro-CTA-is-visible-chromium/test-failed-1.png
    ────────────────────────────────────────────────────────────────────────────────────────────────

    attachment #2: video (video/webm) ──────────────────────────────────────────────────────────────
    test-results/freemium-pro-gate-sheet-Pr-cdf64-grade-to-Pro-CTA-is-visible-chromium/video.webm
    ────────────────────────────────────────────────────────────────────────────────────────────────

    Error Context: test-results/freemium-pro-gate-sheet-Pr-cdf64-grade-to-Pro-CTA-is-visible-chromium/error-context.md


[1A[2K(node:2299) Warning: The 'NO_COLOR' env is ignored due to the 'FORCE_COLOR' env being set.
(Use `node --trace-warnings ...` to show where the warning was created)


[1A[2K[155/837] [chromium] › tests/freemium/pro-gate-sheet.spec.ts:87:7 › ProGateSheet — upgrade prompt › focus moves into the sheet when it opens
[1A[2K(node:2313) Warning: The 'NO_COLOR' env is ignored due to the 'FORCE_COLOR' env being set.
(Use `node --trace-warnings ...` to show where the warning was created)


[1A[2K(node:2313) Warning: The 'NO_COLOR' env is ignored due to the 'FORCE_COLOR' env being set.
(Use `node --trace-warnings ...` to show where the warning was created)


[1A[2K[156/837] [chromium] › tests/freemium/pro-gate-sheet.spec.ts:103:7 › ProGateSheet — upgrade prompt › sheet shows 'Create free account' for anonymous users @smoke
[1A[2K  57) [chromium] › tests/freemium/pro-gate-sheet.spec.ts:54:7 › ProGateSheet — upgrade prompt › dismissing sheet via close button hides the sheet @smoke 

    [31mTest timeout of 30000ms exceeded.[39m

    Error: page.waitForFunction: Test timeout of 30000ms exceeded.

       at helpers.ts:68

      66 | /** `window.__openProGateSheet` is assigned in layout; wait so `page.goto` does not race it. */
      67 | export async function waitForProGateTestHook(page: Page): Promise<void> {
    > 68 |   await page.waitForFunction(
         |              ^
      69 |     () =>
      70 |       typeof (window as unknown as { __openProGateSheet?: unknown }).__openProGateSheet ===
      71 |       "function",
        at waitForProGateTestHook (/Users/michaelfuscoletti/Desktop/scroll-down-web/web/tests/helpers.ts:68:14)
        at openSheet (/Users/michaelfuscoletti/Desktop/scroll-down-web/web/tests/freemium/pro-gate-sheet.spec.ts:7:31)
        at /Users/michaelfuscoletti/Desktop/scroll-down-web/web/tests/freemium/pro-gate-sheet.spec.ts:56:11

    attachment #1: screenshot (image/png) ──────────────────────────────────────────────────────────
    test-results/freemium-pro-gate-sheet-Pr-f4b28-utton-hides-the-sheet-smoke-chromium/test-failed-1.png
    ────────────────────────────────────────────────────────────────────────────────────────────────

    attachment #2: video (video/webm) ──────────────────────────────────────────────────────────────
    test-results/freemium-pro-gate-sheet-Pr-f4b28-utton-hides-the-sheet-smoke-chromium/video.webm
    ────────────────────────────────────────────────────────────────────────────────────────────────

    Error Context: test-results/freemium-pro-gate-sheet-Pr-f4b28-utton-hides-the-sheet-smoke-chromium/error-context.md


[1A[2K(node:2511) Warning: The 'NO_COLOR' env is ignored due to the 'FORCE_COLOR' env being set.
(Use `node --trace-warnings ...` to show where the warning was created)


[1A[2K  58) [chromium] › tests/freemium/pro-gate-sheet.spec.ts:65:7 › ProGateSheet — upgrade prompt › clicking backdrop dismisses the sheet 

    [31mTest timeout of 30000ms exceeded.[39m

    Error: page.waitForFunction: Test timeout of 30000ms exceeded.

       at helpers.ts:68

      66 | /** `window.__openProGateSheet` is assigned in layout; wait so `page.goto` does not race it. */
      67 | export async function waitForProGateTestHook(page: Page): Promise<void> {
    > 68 |   await page.waitForFunction(
         |              ^
      69 |     () =>
      70 |       typeof (window as unknown as { __openProGateSheet?: unknown }).__openProGateSheet ===
      71 |       "function",
        at waitForProGateTestHook (/Users/michaelfuscoletti/Desktop/scroll-down-web/web/tests/helpers.ts:68:14)
        at openSheet (/Users/michaelfuscoletti/Desktop/scroll-down-web/web/tests/freemium/pro-gate-sheet.spec.ts:7:31)
        at /Users/michaelfuscoletti/Desktop/scroll-down-web/web/tests/freemium/pro-gate-sheet.spec.ts:67:11

    attachment #1: screenshot (image/png) ──────────────────────────────────────────────────────────
    test-results/freemium-pro-gate-sheet-Pr-a4fae-ackdrop-dismisses-the-sheet-chromium/test-failed-1.png
    ────────────────────────────────────────────────────────────────────────────────────────────────

    attachment #2: video (video/webm) ──────────────────────────────────────────────────────────────
    test-results/freemium-pro-gate-sheet-Pr-a4fae-ackdrop-dismisses-the-sheet-chromium/video.webm
    ────────────────────────────────────────────────────────────────────────────────────────────────

    Error Context: test-results/freemium-pro-gate-sheet-Pr-a4fae-ackdrop-dismisses-the-sheet-chromium/error-context.md


[1A[2K(node:2512) Warning: The 'NO_COLOR' env is ignored due to the 'FORCE_COLOR' env being set.
(Use `node --trace-warnings ...` to show where the warning was created)


[1A[2K(node:2511) Warning: The 'NO_COLOR' env is ignored due to the 'FORCE_COLOR' env being set.
(Use `node --trace-warnings ...` to show where the warning was created)


[1A[2K[157/837] [chromium] › tests/freemium/pro-gate-sheet.spec.ts:121:7 › ProGateSheet — upgrade prompt › all interactive elements inside the sheet have data-testid attributes
[1A[2K(node:2512) Warning: The 'NO_COLOR' env is ignored due to the 'FORCE_COLOR' env being set.
(Use `node --trace-warnings ...` to show where the warning was created)


[1A[2K[158/837] [chromium] › tests/freemium/pro-gate-sheet.spec.ts:145:7 › ProGateSheet — upgrade prompt › different features show different title and benefit text
[1A[2K  59) [chromium] › tests/freemium/pro-gate-sheet.spec.ts:76:7 › ProGateSheet — upgrade prompt › Escape key closes the sheet 

    [31mTest timeout of 30000ms exceeded.[39m

    Error: page.waitForFunction: Test timeout of 30000ms exceeded.

       at helpers.ts:68

      66 | /** `window.__openProGateSheet` is assigned in layout; wait so `page.goto` does not race it. */
      67 | export async function waitForProGateTestHook(page: Page): Promise<void> {
    > 68 |   await page.waitForFunction(
         |              ^
      69 |     () =>
      70 |       typeof (window as unknown as { __openProGateSheet?: unknown }).__openProGateSheet ===
      71 |       "function",
        at waitForProGateTestHook (/Users/michaelfuscoletti/Desktop/scroll-down-web/web/tests/helpers.ts:68:14)
        at openSheet (/Users/michaelfuscoletti/Desktop/scroll-down-web/web/tests/freemium/pro-gate-sheet.spec.ts:7:31)
        at /Users/michaelfuscoletti/Desktop/scroll-down-web/web/tests/freemium/pro-gate-sheet.spec.ts:78:11

    attachment #1: screenshot (image/png) ──────────────────────────────────────────────────────────
    test-results/freemium-pro-gate-sheet-Pr-b7762-Escape-key-closes-the-sheet-chromium/test-failed-1.png
    ────────────────────────────────────────────────────────────────────────────────────────────────

    attachment #2: video (video/webm) ──────────────────────────────────────────────────────────────
    test-results/freemium-pro-gate-sheet-Pr-b7762-Escape-key-closes-the-sheet-chromium/video.webm
    ────────────────────────────────────────────────────────────────────────────────────────────────

    Error Context: test-results/freemium-pro-gate-sheet-Pr-b7762-Escape-key-closes-the-sheet-chromium/error-context.md


[1A[2K(node:2847) Warning: The 'NO_COLOR' env is ignored due to the 'FORCE_COLOR' env being set.
(Use `node --trace-warnings ...` to show where the warning was created)


[1A[2K(node:2847) Warning: The 'NO_COLOR' env is ignored due to the 'FORCE_COLOR' env being set.
(Use `node --trace-warnings ...` to show where the warning was created)


[1A[2K[159/837] [chromium] › tests/freemium/pro-gate.spec.ts:33:7 › Pro gate — tier store › generates and persists a stable anon ID @smoke
[1A[2K  60) [chromium] › tests/freemium/pro-gate-sheet.spec.ts:87:7 › ProGateSheet — upgrade prompt › focus moves into the sheet when it opens 

    [31mTest timeout of 30000ms exceeded.[39m

    Error: page.waitForFunction: Test timeout of 30000ms exceeded.

       at helpers.ts:68

      66 | /** `window.__openProGateSheet` is assigned in layout; wait so `page.goto` does not race it. */
      67 | export async function waitForProGateTestHook(page: Page): Promise<void> {
    > 68 |   await page.waitForFunction(
         |              ^
      69 |     () =>
      70 |       typeof (window as unknown as { __openProGateSheet?: unknown }).__openProGateSheet ===
      71 |       "function",
        at waitForProGateTestHook (/Users/michaelfuscoletti/Desktop/scroll-down-web/web/tests/helpers.ts:68:14)
        at openSheet (/Users/michaelfuscoletti/Desktop/scroll-down-web/web/tests/freemium/pro-gate-sheet.spec.ts:7:31)
        at /Users/michaelfuscoletti/Desktop/scroll-down-web/web/tests/freemium/pro-gate-sheet.spec.ts:89:11

    attachment #1: screenshot (image/png) ──────────────────────────────────────────────────────────
    test-results/freemium-pro-gate-sheet-Pr-3f40c-nto-the-sheet-when-it-opens-chromium/test-failed-1.png
    ────────────────────────────────────────────────────────────────────────────────────────────────

    attachment #2: video (video/webm) ──────────────────────────────────────────────────────────────
    test-results/freemium-pro-gate-sheet-Pr-3f40c-nto-the-sheet-when-it-opens-chromium/video.webm
    ────────────────────────────────────────────────────────────────────────────────────────────────

    Error Context: test-results/freemium-pro-gate-sheet-Pr-3f40c-nto-the-sheet-when-it-opens-chromium/error-context.md


[1A[2K(node:2888) Warning: The 'NO_COLOR' env is ignored due to the 'FORCE_COLOR' env being set.
(Use `node --trace-warnings ...` to show where the warning was created)


[1A[2K(node:2888) Warning: The 'NO_COLOR' env is ignored due to the 'FORCE_COLOR' env being set.
(Use `node --trace-warnings ...` to show where the warning was created)


[1A[2K  61) [chromium] › tests/freemium/pro-gate-sheet.spec.ts:103:7 › ProGateSheet — upgrade prompt › sheet shows 'Create free account' for anonymous users @smoke 

    [31mTest timeout of 30000ms exceeded.[39m

    Error: page.waitForFunction: Test timeout of 30000ms exceeded.

       at helpers.ts:68

      66 | /** `window.__openProGateSheet` is assigned in layout; wait so `page.goto` does not race it. */
      67 | export async function waitForProGateTestHook(page: Page): Promise<void> {
    > 68 |   await page.waitForFunction(
         |              ^
      69 |     () =>
      70 |       typeof (window as unknown as { __openProGateSheet?: unknown }).__openProGateSheet ===
      71 |       "function",
        at waitForProGateTestHook (/Users/michaelfuscoletti/Desktop/scroll-down-web/web/tests/helpers.ts:68:14)
        at openSheet (/Users/michaelfuscoletti/Desktop/scroll-down-web/web/tests/freemium/pro-gate-sheet.spec.ts:7:31)
        at /Users/michaelfuscoletti/Desktop/scroll-down-web/web/tests/freemium/pro-gate-sheet.spec.ts:108:11

    attachment #1: screenshot (image/png) ──────────────────────────────────────────────────────────
    test-results/freemium-pro-gate-sheet-Pr-be8b5-t-for-anonymous-users-smoke-chromium/test-failed-1.png
    ────────────────────────────────────────────────────────────────────────────────────────────────

    attachment #2: video (video/webm) ──────────────────────────────────────────────────────────────
    test-results/freemium-pro-gate-sheet-Pr-be8b5-t-for-anonymous-users-smoke-chromium/video.webm
    ────────────────────────────────────────────────────────────────────────────────────────────────

    Error Context: test-results/freemium-pro-gate-sheet-Pr-be8b5-t-for-anonymous-users-smoke-chromium/error-context.md


[1A[2K[160/837] [chromium] › tests/freemium/pro-gate.spec.ts:48:7 › Pro gate — tier store › sd-anon-id cookie is set after page load @smoke
[1A[2K(node:2900) Warning: The 'NO_COLOR' env is ignored due to the 'FORCE_COLOR' env being set.
(Use `node --trace-warnings ...` to show where the warning was created)


[1A[2K(node:2900) Warning: The 'NO_COLOR' env is ignored due to the 'FORCE_COLOR' env being set.
(Use `node --trace-warnings ...` to show where the warning was created)


[1A[2K[161/837] [chromium] › tests/freemium/pro-gate.spec.ts:57:7 › Pro gate — tier store › sd-tier cookie is set to free by default @smoke
[1A[2K  62) [chromium] › tests/freemium/pro-gate-sheet.spec.ts:121:7 › ProGateSheet — upgrade prompt › all interactive elements inside the sheet have data-testid attributes 

    [31mTest timeout of 30000ms exceeded.[39m

    Error: page.waitForFunction: Test timeout of 30000ms exceeded.

       at helpers.ts:68

      66 | /** `window.__openProGateSheet` is assigned in layout; wait so `page.goto` does not race it. */
      67 | export async function waitForProGateTestHook(page: Page): Promise<void> {
    > 68 |   await page.waitForFunction(
         |              ^
      69 |     () =>
      70 |       typeof (window as unknown as { __openProGateSheet?: unknown }).__openProGateSheet ===
      71 |       "function",
        at waitForProGateTestHook (/Users/michaelfuscoletti/Desktop/scroll-down-web/web/tests/helpers.ts:68:14)
        at openSheet (/Users/michaelfuscoletti/Desktop/scroll-down-web/web/tests/freemium/pro-gate-sheet.spec.ts:7:31)
        at /Users/michaelfuscoletti/Desktop/scroll-down-web/web/tests/freemium/pro-gate-sheet.spec.ts:125:11

    attachment #1: screenshot (image/png) ──────────────────────────────────────────────────────────
    test-results/freemium-pro-gate-sheet-Pr-e5471-have-data-testid-attributes-chromium/test-failed-1.png
    ────────────────────────────────────────────────────────────────────────────────────────────────

    attachment #2: video (video/webm) ──────────────────────────────────────────────────────────────
    test-results/freemium-pro-gate-sheet-Pr-e5471-have-data-testid-attributes-chromium/video.webm
    ────────────────────────────────────────────────────────────────────────────────────────────────

    Error Context: test-results/freemium-pro-gate-sheet-Pr-e5471-have-data-testid-attributes-chromium/error-context.md


[1A[2K(node:3089) Warning: The 'NO_COLOR' env is ignored due to the 'FORCE_COLOR' env being set.
(Use `node --trace-warnings ...` to show where the warning was created)


[1A[2K  63) [chromium] › tests/freemium/pro-gate-sheet.spec.ts:145:7 › ProGateSheet — upgrade prompt › different features show different title and benefit text 

    [31mTest timeout of 30000ms exceeded.[39m

    Error: page.waitForFunction: Test timeout of 30000ms exceeded.

       at helpers.ts:68

      66 | /** `window.__openProGateSheet` is assigned in layout; wait so `page.goto` does not race it. */
      67 | export async function waitForProGateTestHook(page: Page): Promise<void> {
    > 68 |   await page.waitForFunction(
         |              ^
      69 |     () =>
      70 |       typeof (window as unknown as { __openProGateSheet?: unknown }).__openProGateSheet ===
      71 |       "function",
        at waitForProGateTestHook (/Users/michaelfuscoletti/Desktop/scroll-down-web/web/tests/helpers.ts:68:14)
        at openSheet (/Users/michaelfuscoletti/Desktop/scroll-down-web/web/tests/freemium/pro-gate-sheet.spec.ts:7:31)
        at /Users/michaelfuscoletti/Desktop/scroll-down-web/web/tests/freemium/pro-gate-sheet.spec.ts:148:11

    attachment #1: screenshot (image/png) ──────────────────────────────────────────────────────────
    test-results/freemium-pro-gate-sheet-Pr-8e5b5-rent-title-and-benefit-text-chromium/test-failed-1.png
    ────────────────────────────────────────────────────────────────────────────────────────────────

    attachment #2: video (video/webm) ──────────────────────────────────────────────────────────────
    test-results/freemium-pro-gate-sheet-Pr-8e5b5-rent-title-and-benefit-text-chromium/video.webm
    ────────────────────────────────────────────────────────────────────────────────────────────────

    Error Context: test-results/freemium-pro-gate-sheet-Pr-8e5b5-rent-title-and-benefit-text-chromium/error-context.md


[1A[2K(node:3091) Warning: The 'NO_COLOR' env is ignored due to the 'FORCE_COLOR' env being set.
(Use `node --trace-warnings ...` to show where the warning was created)


[1A[2K(node:3089) Warning: The 'NO_COLOR' env is ignored due to the 'FORCE_COLOR' env being set.
(Use `node --trace-warnings ...` to show where the warning was created)


[1A[2K[162/837] [chromium] › tests/freemium/pro-gate.spec.ts:65:7 › Pro gate — tier store › default tier is free
[1A[2K(node:3091) Warning: The 'NO_COLOR' env is ignored due to the 'FORCE_COLOR' env being set.
(Use `node --trace-warnings ...` to show where the warning was created)


[1A[2K[163/837] [chromium] › tests/freemium/pro-gate.spec.ts:73:7 › Pro gate — tier store › anon ID in cookie matches localStorage value
[1A[2K  64) [chromium] › tests/freemium/pro-gate.spec.ts:33:7 › Pro gate — tier store › generates and persists a stable anon ID @smoke 

    [31mTest timeout of 30000ms exceeded.[39m

    Error: page.waitForFunction: Test timeout of 30000ms exceeded.

       at helpers.ts:78

      76 | /** Tier persist seeds `sd-tier` in localStorage after async rehydration. */
      77 | export async function waitForTierPersist(page: Page): Promise<void> {
    > 78 |   await page.waitForFunction(
         |              ^
      79 |     () => {
      80 |       const raw = localStorage.getItem("sd-tier");
      81 |       if (!raw) return false;
        at waitForTierPersist (/Users/michaelfuscoletti/Desktop/scroll-down-web/web/tests/helpers.ts:78:14)
        at /Users/michaelfuscoletti/Desktop/scroll-down-web/web/tests/freemium/pro-gate.spec.ts:35:29

    attachment #1: screenshot (image/png) ──────────────────────────────────────────────────────────
    test-results/freemium-pro-gate-Pro-gate-b6b56-ists-a-stable-anon-ID-smoke-chromium/test-failed-1.png
    ────────────────────────────────────────────────────────────────────────────────────────────────

    attachment #2: video (video/webm) ──────────────────────────────────────────────────────────────
    test-results/freemium-pro-gate-Pro-gate-b6b56-ists-a-stable-anon-ID-smoke-chromium/video.webm
    ────────────────────────────────────────────────────────────────────────────────────────────────

    Error Context: test-results/freemium-pro-gate-Pro-gate-b6b56-ists-a-stable-anon-ID-smoke-chromium/error-context.md


[1A[2K(node:3423) Warning: The 'NO_COLOR' env is ignored due to the 'FORCE_COLOR' env being set.
(Use `node --trace-warnings ...` to show where the warning was created)


[1A[2K(node:3423) Warning: The 'NO_COLOR' env is ignored due to the 'FORCE_COLOR' env being set.
(Use `node --trace-warnings ...` to show where the warning was created)


[1A[2K[164/837] [chromium] › tests/freemium/pro-gate.spec.ts:84:7 › Pro gate — tier store › ?tier=pro query param sets tier cookie in dev mode @smoke
[1A[2K  65) [chromium] › tests/freemium/pro-gate.spec.ts:48:7 › Pro gate — tier store › sd-anon-id cookie is set after page load @smoke 

    [31mTest timeout of 30000ms exceeded.[39m

    Error: page.waitForFunction: Test timeout of 30000ms exceeded.

       at helpers.ts:78

      76 | /** Tier persist seeds `sd-tier` in localStorage after async rehydration. */
      77 | export async function waitForTierPersist(page: Page): Promise<void> {
    > 78 |   await page.waitForFunction(
         |              ^
      79 |     () => {
      80 |       const raw = localStorage.getItem("sd-tier");
      81 |       if (!raw) return false;
        at waitForTierPersist (/Users/michaelfuscoletti/Desktop/scroll-down-web/web/tests/helpers.ts:78:14)
        at /Users/michaelfuscoletti/Desktop/scroll-down-web/web/tests/freemium/pro-gate.spec.ts:50:29

    attachment #1: screenshot (image/png) ──────────────────────────────────────────────────────────
    test-results/freemium-pro-gate-Pro-gate-1f136-s-set-after-page-load-smoke-chromium/test-failed-1.png
    ────────────────────────────────────────────────────────────────────────────────────────────────

    attachment #2: video (video/webm) ──────────────────────────────────────────────────────────────
    test-results/freemium-pro-gate-Pro-gate-1f136-s-set-after-page-load-smoke-chromium/video.webm
    ────────────────────────────────────────────────────────────────────────────────────────────────

    Error Context: test-results/freemium-pro-gate-Pro-gate-1f136-s-set-after-page-load-smoke-chromium/error-context.md


[1A[2K(node:3452) Warning: The 'NO_COLOR' env is ignored due to the 'FORCE_COLOR' env being set.
(Use `node --trace-warnings ...` to show where the warning was created)


[1A[2K  66) [chromium] › tests/freemium/pro-gate.spec.ts:57:7 › Pro gate — tier store › sd-tier cookie is set to free by default @smoke 

    [31mTest timeout of 30000ms exceeded.[39m

    Error: page.waitForFunction: Test timeout of 30000ms exceeded.

       at helpers.ts:78

      76 | /** Tier persist seeds `sd-tier` in localStorage after async rehydration. */
      77 | export async function waitForTierPersist(page: Page): Promise<void> {
    > 78 |   await page.waitForFunction(
         |              ^
      79 |     () => {
      80 |       const raw = localStorage.getItem("sd-tier");
      81 |       if (!raw) return false;
        at waitForTierPersist (/Users/michaelfuscoletti/Desktop/scroll-down-web/web/tests/helpers.ts:78:14)
        at /Users/michaelfuscoletti/Desktop/scroll-down-web/web/tests/freemium/pro-gate.spec.ts:59:29

    attachment #1: screenshot (image/png) ──────────────────────────────────────────────────────────
    test-results/freemium-pro-gate-Pro-gate-ecb8f-et-to-free-by-default-smoke-chromium/test-failed-1.png
    ────────────────────────────────────────────────────────────────────────────────────────────────

    attachment #2: video (video/webm) ──────────────────────────────────────────────────────────────
    test-results/freemium-pro-gate-Pro-gate-ecb8f-et-to-free-by-default-smoke-chromium/video.webm
    ────────────────────────────────────────────────────────────────────────────────────────────────

    Error Context: test-results/freemium-pro-gate-Pro-gate-ecb8f-et-to-free-by-default-smoke-chromium/error-context.md


[1A[2K(node:3452) Warning: The 'NO_COLOR' env is ignored due to the 'FORCE_COLOR' env being set.
(Use `node --trace-warnings ...` to show where the warning was created)


[1A[2K[165/837] [chromium] › tests/freemium/pro-gate.spec.ts:98:7 › Pro gate — API route (requirePro) › live odds API returns 402 for free-tier requests @smoke
[1A[2K(node:3464) Warning: The 'NO_COLOR' env is ignored due to the 'FORCE_COLOR' env being set.
(Use `node --trace-warnings ...` to show where the warning was created)


[1A[2K(node:3464) Warning: The 'NO_COLOR' env is ignored due to the 'FORCE_COLOR' env being set.
(Use `node --trace-warnings ...` to show where the warning was created)


[1A[2K[166/837] [chromium] › tests/freemium/pro-gate.spec.ts:116:7 › Pro gate — API route (requirePro) › ?tier=pro override allows access in non-production
[1A[2K[167/837] [chromium] › tests/freemium/tier-gating-suite.spec.ts:28:7 › ISSUE-047 / free tier gated feature › free user opening a gated feature sees ProGateSheet, then dismisses @smoke
[1A[2K[168/837] [chromium] › tests/freemium/tier-gating-suite.spec.ts:53:7 › ISSUE-047 / ?tier=pro suppresses gate + ads › pro tier override hides native ad cards on home feed @smoke
[1A[2K  67) [chromium] › tests/freemium/pro-gate.spec.ts:65:7 › Pro gate — tier store › default tier is free 

    [31mTest timeout of 30000ms exceeded.[39m

    Error: page.waitForFunction: Test timeout of 30000ms exceeded.

       at helpers.ts:78

      76 | /** Tier persist seeds `sd-tier` in localStorage after async rehydration. */
      77 | export async function waitForTierPersist(page: Page): Promise<void> {
    > 78 |   await page.waitForFunction(
         |              ^
      79 |     () => {
      80 |       const raw = localStorage.getItem("sd-tier");
      81 |       if (!raw) return false;
        at waitForTierPersist (/Users/michaelfuscoletti/Desktop/scroll-down-web/web/tests/helpers.ts:78:14)
        at /Users/michaelfuscoletti/Desktop/scroll-down-web/web/tests/freemium/pro-gate.spec.ts:67:29

    attachment #1: screenshot (image/png) ──────────────────────────────────────────────────────────
    test-results/freemium-pro-gate-Pro-gate-—-tier-store-default-tier-is-free-chromium/test-failed-1.png
    ────────────────────────────────────────────────────────────────────────────────────────────────

    attachment #2: video (video/webm) ──────────────────────────────────────────────────────────────
    test-results/freemium-pro-gate-Pro-gate-—-tier-store-default-tier-is-free-chromium/video.webm
    ────────────────────────────────────────────────────────────────────────────────────────────────

    Error Context: test-results/freemium-pro-gate-Pro-gate-—-tier-store-default-tier-is-free-chromium/error-context.md


[1A[2K(node:3655) Warning: The 'NO_COLOR' env is ignored due to the 'FORCE_COLOR' env being set.
(Use `node --trace-warnings ...` to show where the warning was created)


[1A[2K  68) [chromium] › tests/freemium/pro-gate.spec.ts:73:7 › Pro gate — tier store › anon ID in cookie matches localStorage value 

    [31mTest timeout of 30000ms exceeded.[39m

    Error: page.waitForFunction: Test timeout of 30000ms exceeded.

       at helpers.ts:78

      76 | /** Tier persist seeds `sd-tier` in localStorage after async rehydration. */
      77 | export async function waitForTierPersist(page: Page): Promise<void> {
    > 78 |   await page.waitForFunction(
         |              ^
      79 |     () => {
      80 |       const raw = localStorage.getItem("sd-tier");
      81 |       if (!raw) return false;
        at waitForTierPersist (/Users/michaelfuscoletti/Desktop/scroll-down-web/web/tests/helpers.ts:78:14)
        at /Users/michaelfuscoletti/Desktop/scroll-down-web/web/tests/freemium/pro-gate.spec.ts:75:29

    attachment #1: screenshot (image/png) ──────────────────────────────────────────────────────────
    test-results/freemium-pro-gate-Pro-gate-71db3--matches-localStorage-value-chromium/test-failed-1.png
    ────────────────────────────────────────────────────────────────────────────────────────────────

    attachment #2: video (video/webm) ──────────────────────────────────────────────────────────────
    test-results/freemium-pro-gate-Pro-gate-71db3--matches-localStorage-value-chromium/video.webm
    ────────────────────────────────────────────────────────────────────────────────────────────────

    Error Context: test-results/freemium-pro-gate-Pro-gate-71db3--matches-localStorage-value-chromium/error-context.md


[1A[2K(node:3658) Warning: The 'NO_COLOR' env is ignored due to the 'FORCE_COLOR' env being set.
(Use `node --trace-warnings ...` to show where the warning was created)


[1A[2K(node:3655) Warning: The 'NO_COLOR' env is ignored due to the 'FORCE_COLOR' env being set.
(Use `node --trace-warnings ...` to show where the warning was created)


[1A[2K[169/837] [chromium] › tests/freemium/tier-gating-suite.spec.ts:66:7 › ISSUE-047 / ?tier=pro suppresses gate + ads › pro tier override hides detail banner ad on game detail @smoke
[1A[2K(node:3658) Warning: The 'NO_COLOR' env is ignored due to the 'FORCE_COLOR' env being set.
(Use `node --trace-warnings ...` to show where the warning was created)


[1A[2K[170/837] [chromium] › tests/freemium/tier-gating-suite.spec.ts:89:7 › ISSUE-047 / ?tier=pro suppresses gate + ads › pro tier does not open ProGateSheet for gated feature
[1A[2K[171/837] [chromium] › tests/freemium/tier-gating-suite.spec.ts:109:7 › ISSUE-047 / magic-link sign-in › verify token sets sd-session cookie and redirects to home @smoke
[1A[2K  69) [chromium] › tests/freemium/tier-gating-suite.spec.ts:109:7 › ISSUE-047 / magic-link sign-in › verify token sets sd-session cookie and redirects to home @smoke 

    Error: [2mexpect([22m[31mreceived[39m[2m).[22mtoMatch[2m([22m[32mexpected[39m[2m)[22m

    Expected pattern: [32m/\/$/[39m
    Received string:  [31m"http://localhost:3001/login?error=invalid_token"[39m

      122 |
      123 |     await page.goto(`/api/auth/verify?token=${devToken}`);
    > 124 |     expect(page.url()).toMatch(/\/$/);
          |                        ^
      125 |
      126 |     const session = await cookieValue(page, "sd-session");
      127 |     expect(session).not.toBeNull();
        at /Users/michaelfuscoletti/Desktop/scroll-down-web/web/tests/freemium/tier-gating-suite.spec.ts:124:24

    attachment #1: screenshot (image/png) ──────────────────────────────────────────────────────────
    test-results/freemium-tier-gating-suite-03ae3-and-redirects-to-home-smoke-chromium/test-failed-1.png
    ────────────────────────────────────────────────────────────────────────────────────────────────

    attachment #2: video (video/webm) ──────────────────────────────────────────────────────────────
    test-results/freemium-tier-gating-suite-03ae3-and-redirects-to-home-smoke-chromium/video.webm
    ────────────────────────────────────────────────────────────────────────────────────────────────

    Error Context: test-results/freemium-tier-gating-suite-03ae3-and-redirects-to-home-smoke-chromium/error-context.md


[1A[2K(node:3828) Warning: The 'NO_COLOR' env is ignored due to the 'FORCE_COLOR' env being set.
(Use `node --trace-warnings ...` to show where the warning was created)


[1A[2K(node:3828) Warning: The 'NO_COLOR' env is ignored due to the 'FORCE_COLOR' env being set.
(Use `node --trace-warnings ...` to show where the warning was created)


[1A[2K[172/837] [chromium] › tests/freemium/tier-gating-suite.spec.ts:139:7 › ISSUE-047 / sign-out restores gate › after sign-out user is anonymous and gated feature reopens sheet @smoke
[1A[2K  70) [chromium] › tests/freemium/pro-gate.spec.ts:84:7 › Pro gate — tier store › ?tier=pro query param sets tier cookie in dev mode @smoke 

    [31mTest timeout of 30000ms exceeded.[39m

    Error: page.waitForFunction: Test timeout of 30000ms exceeded.

       at helpers.ts:78

      76 | /** Tier persist seeds `sd-tier` in localStorage after async rehydration. */
      77 | export async function waitForTierPersist(page: Page): Promise<void> {
    > 78 |   await page.waitForFunction(
         |              ^
      79 |     () => {
      80 |       const raw = localStorage.getItem("sd-tier");
      81 |       if (!raw) return false;
        at waitForTierPersist (/Users/michaelfuscoletti/Desktop/scroll-down-web/web/tests/helpers.ts:78:14)
        at /Users/michaelfuscoletti/Desktop/scroll-down-web/web/tests/freemium/pro-gate.spec.ts:86:29

    attachment #1: screenshot (image/png) ──────────────────────────────────────────────────────────
    test-results/freemium-pro-gate-Pro-gate-dec21-er-cookie-in-dev-mode-smoke-chromium/test-failed-1.png
    ────────────────────────────────────────────────────────────────────────────────────────────────

    attachment #2: video (video/webm) ──────────────────────────────────────────────────────────────
    test-results/freemium-pro-gate-Pro-gate-dec21-er-cookie-in-dev-mode-smoke-chromium/video.webm
    ────────────────────────────────────────────────────────────────────────────────────────────────

    Error Context: test-results/freemium-pro-gate-Pro-gate-dec21-er-cookie-in-dev-mode-smoke-chromium/error-context.md


[1A[2K(node:3998) Warning: The 'NO_COLOR' env is ignored due to the 'FORCE_COLOR' env being set.
(Use `node --trace-warnings ...` to show where the warning was created)


[1A[2K(node:3998) Warning: The 'NO_COLOR' env is ignored due to the 'FORCE_COLOR' env being set.
(Use `node --trace-warnings ...` to show where the warning was created)


[1A[2K[173/837] [chromium] › tests/game/ai-story-e2e.spec.ts:34:7 › AI game story — section absent when disabled @smoke › game-story-section not in DOM when quality gate is on (default)
[1A[2K  71) [chromium] › tests/freemium/tier-gating-suite.spec.ts:28:7 › ISSUE-047 / free tier gated feature › free user opening a gated feature sees ProGateSheet, then dismisses @smoke 

    [31mTest timeout of 30000ms exceeded.[39m

    Error: page.waitForFunction: Test timeout of 30000ms exceeded.

       at helpers.ts:78

      76 | /** Tier persist seeds `sd-tier` in localStorage after async rehydration. */
      77 | export async function waitForTierPersist(page: Page): Promise<void> {
    > 78 |   await page.waitForFunction(
         |              ^
      79 |     () => {
      80 |       const raw = localStorage.getItem("sd-tier");
      81 |       if (!raw) return false;
        at waitForTierPersist (/Users/michaelfuscoletti/Desktop/scroll-down-web/web/tests/helpers.ts:78:14)
        at /Users/michaelfuscoletti/Desktop/scroll-down-web/web/tests/freemium/tier-gating-suite.spec.ts:32:29

    attachment #1: screenshot (image/png) ──────────────────────────────────────────────────────────
    test-results/freemium-tier-gating-suite-77b98-eSheet-then-dismisses-smoke-chromium/test-failed-1.png
    ────────────────────────────────────────────────────────────────────────────────────────────────

    attachment #2: video (video/webm) ──────────────────────────────────────────────────────────────
    test-results/freemium-tier-gating-suite-77b98-eSheet-then-dismisses-smoke-chromium/video.webm
    ────────────────────────────────────────────────────────────────────────────────────────────────

    Error Context: test-results/freemium-tier-gating-suite-77b98-eSheet-then-dismisses-smoke-chromium/error-context.md


[1A[2K(node:4045) Warning: The 'NO_COLOR' env is ignored due to the 'FORCE_COLOR' env being set.
(Use `node --trace-warnings ...` to show where the warning was created)


[1A[2K  72) [chromium] › tests/freemium/tier-gating-suite.spec.ts:53:7 › ISSUE-047 / ?tier=pro suppresses gate + ads › pro tier override hides native ad cards on home feed @smoke 

    [31mTest timeout of 30000ms exceeded.[39m

    Error: page.waitForFunction: Test timeout of 30000ms exceeded.

       at helpers.ts:78

      76 | /** Tier persist seeds `sd-tier` in localStorage after async rehydration. */
      77 | export async function waitForTierPersist(page: Page): Promise<void> {
    > 78 |   await page.waitForFunction(
         |              ^
      79 |     () => {
      80 |       const raw = localStorage.getItem("sd-tier");
      81 |       if (!raw) return false;
        at waitForTierPersist (/Users/michaelfuscoletti/Desktop/scroll-down-web/web/tests/helpers.ts:78:14)
        at /Users/michaelfuscoletti/Desktop/scroll-down-web/web/tests/freemium/tier-gating-suite.spec.ts:55:29

    attachment #1: screenshot (image/png) ──────────────────────────────────────────────────────────
    test-results/freemium-tier-gating-suite-580a2-ad-cards-on-home-feed-smoke-chromium/test-failed-1.png
    ────────────────────────────────────────────────────────────────────────────────────────────────

    attachment #2: video (video/webm) ──────────────────────────────────────────────────────────────
    test-results/freemium-tier-gating-suite-580a2-ad-cards-on-home-feed-smoke-chromium/video.webm
    ────────────────────────────────────────────────────────────────────────────────────────────────

    Error Context: test-results/freemium-tier-gating-suite-580a2-ad-cards-on-home-feed-smoke-chromium/error-context.md


[1A[2K(node:4048) Warning: The 'NO_COLOR' env is ignored due to the 'FORCE_COLOR' env being set.
(Use `node --trace-warnings ...` to show where the warning was created)


[1A[2K(node:4045) Warning: The 'NO_COLOR' env is ignored due to the 'FORCE_COLOR' env being set.
(Use `node --trace-warnings ...` to show where the warning was created)


[1A[2K[174/837] [chromium] › tests/game/ai-story-e2e.spec.ts:51:7 › AI game story — fact-check guard › game-story-section absent when server rejects story (fact-check 422)
[1A[2K(node:4048) Warning: The 'NO_COLOR' env is ignored due to the 'FORCE_COLOR' env being set.
(Use `node --trace-warnings ...` to show where the warning was created)


[1A[2K[175/837] [chromium] › tests/game/ai-story-e2e.spec.ts:75:7 › AI game story — fact-check guard › no error state visible in story area when fact-check rejects
[1A[2K  73) [chromium] › tests/freemium/tier-gating-suite.spec.ts:89:7 › ISSUE-047 / ?tier=pro suppresses gate + ads › pro tier does not open ProGateSheet for gated feature 

    [31mTest timeout of 30000ms exceeded.[39m

    Error: page.waitForFunction: Test timeout of 30000ms exceeded.

       at helpers.ts:78

      76 | /** Tier persist seeds `sd-tier` in localStorage after async rehydration. */
      77 | export async function waitForTierPersist(page: Page): Promise<void> {
    > 78 |   await page.waitForFunction(
         |              ^
      79 |     () => {
      80 |       const raw = localStorage.getItem("sd-tier");
      81 |       if (!raw) return false;
        at waitForTierPersist (/Users/michaelfuscoletti/Desktop/scroll-down-web/web/tests/helpers.ts:78:14)
        at /Users/michaelfuscoletti/Desktop/scroll-down-web/web/tests/freemium/tier-gating-suite.spec.ts:91:29

    attachment #1: screenshot (image/png) ──────────────────────────────────────────────────────────
    test-results/freemium-tier-gating-suite-bf843-GateSheet-for-gated-feature-chromium/test-failed-1.png
    ────────────────────────────────────────────────────────────────────────────────────────────────

    attachment #2: video (video/webm) ──────────────────────────────────────────────────────────────
    test-results/freemium-tier-gating-suite-bf843-GateSheet-for-gated-feature-chromium/video.webm
    ────────────────────────────────────────────────────────────────────────────────────────────────

    Error Context: test-results/freemium-tier-gating-suite-bf843-GateSheet-for-gated-feature-chromium/error-context.md


[1A[2K(node:4223) Warning: The 'NO_COLOR' env is ignored due to the 'FORCE_COLOR' env being set.
(Use `node --trace-warnings ...` to show where the warning was created)


[1A[2K(node:4223) Warning: The 'NO_COLOR' env is ignored due to the 'FORCE_COLOR' env being set.
(Use `node --trace-warnings ...` to show where the warning was created)


[1A[2K[176/837] [chromium] › tests/game/ai-story-e2e.spec.ts:102:7 › AI game story — graceful degradation on 5xx @smoke › box score renders normally when AI story API returns 500
[1A[2K[177/837] [chromium] › tests/game/ai-story-e2e.spec.ts:126:7 › AI game story — graceful degradation on 5xx @smoke › story section absent (no error shown) when AI story API returns 500
[1A[2K[178/837] [chromium] › tests/game/ai-story-e2e.spec.ts:147:7 › AI game story — graceful degradation on 5xx @smoke › play-by-play timeline accessible when AI story API unavailable
[1A[2K[179/837] [chromium] › tests/game/ai-story-e2e.spec.ts:169:7 › AI game story — feedback API contract @smoke › POST /api/story-feedback accepts up vote
[1A[2K[180/837] [chromium] › tests/game/ai-story-e2e.spec.ts:180:7 › AI game story — feedback API contract @smoke › POST /api/story-feedback accepts down vote
[1A[2K[181/837] [chromium] › tests/game/ai-story-e2e.spec.ts:191:7 › AI game story — feedback API contract @smoke › POST /api/story-feedback rejects missing storyId
[1A[2K[182/837] [chromium] › tests/game/ai-story-e2e.spec.ts:198:7 › AI game story — feedback API contract @smoke › POST /api/story-feedback rejects invalid vote value
[1A[2K[183/837] [chromium] › tests/game/bet-outcome.spec.ts:13:7 › Bet outcome badges on settled game odds › no outcome badges shown on live or future game
[1A[2K  74) [chromium] › tests/freemium/tier-gating-suite.spec.ts:139:7 › ISSUE-047 / sign-out restores gate › after sign-out user is anonymous and gated feature reopens sheet @smoke 

    [31mTest timeout of 30000ms exceeded.[39m

    Error: page.waitForFunction: Test timeout of 30000ms exceeded.

       at helpers.ts:78

      76 | /** Tier persist seeds `sd-tier` in localStorage after async rehydration. */
      77 | export async function waitForTierPersist(page: Page): Promise<void> {
    > 78 |   await page.waitForFunction(
         |              ^
      79 |     () => {
      80 |       const raw = localStorage.getItem("sd-tier");
      81 |       if (!raw) return false;
        at waitForTierPersist (/Users/michaelfuscoletti/Desktop/scroll-down-web/web/tests/helpers.ts:78:14)
        at /Users/michaelfuscoletti/Desktop/scroll-down-web/web/tests/freemium/tier-gating-suite.spec.ts:168:29

    attachment #1: screenshot (image/png) ──────────────────────────────────────────────────────────
    test-results/freemium-tier-gating-suite-77865-feature-reopens-sheet-smoke-chromium/test-failed-1.png
    ────────────────────────────────────────────────────────────────────────────────────────────────

    attachment #2: video (video/webm) ──────────────────────────────────────────────────────────────
    test-results/freemium-tier-gating-suite-77865-feature-reopens-sheet-smoke-chromium/video.webm
    ────────────────────────────────────────────────────────────────────────────────────────────────

    Error Context: test-results/freemium-tier-gating-suite-77865-feature-reopens-sheet-smoke-chromium/error-context.md


[1A[2K(node:4394) Warning: The 'NO_COLOR' env is ignored due to the 'FORCE_COLOR' env being set.
(Use `node --trace-warnings ...` to show where the warning was created)


[1A[2K(node:4394) Warning: The 'NO_COLOR' env is ignored due to the 'FORCE_COLOR' env being set.
(Use `node --trace-warnings ...` to show where the warning was created)


[1A[2K[184/837] [chromium] › tests/game/bet-outcome.spec.ts:31:7 › Bet outcome badges on settled game odds › outcome badges appear on final game odds section
[1A[2K[185/837] [chromium] › tests/game/bet-outcome.spec.ts:55:7 › Bet outcome badges on settled game odds › outcome badges use correct color classes (green/gray/red)
[1A[2K[186/837] [chromium] › tests/game/bet-outcome.spec.ts:78:7 › Bet outcome badges on settled game odds › spread outcome badge has correct testid
[1A[2K[187/837] [chromium] › tests/game/bet-outcome.spec.ts:99:7 › Bet outcome badges on settled game odds › total outcome badge has correct testid
[1A[2K[188/837] [chromium] › tests/game/bet-outcome.spec.ts:120:7 › Bet outcome badges on settled game odds › moneyline outcome badge has correct testid
[1A[2K[189/837] [chromium] › tests/game/detail.spec.ts:9:7 › Game Detail Page › navigate to a game from home page loads game detail
[1A[2K[190/837] [chromium] › tests/game/detail.spec.ts:22:7 › Game Detail Page › game detail shows team information
[1A[2K[191/837] [chromium] › tests/game/detail.spec.ts:36:7 › Game Detail Page › section nav is visible with section buttons
[1A[2K[192/837] [chromium] › tests/game/detail.spec.ts:52:7 › Game Detail Page › sections can be expanded and collapsed
[1A[2K[193/837] [chromium] › tests/game/detail.spec.ts:76:7 › Game Detail Page › pin button works on game detail page
[1A[2K[194/837] [chromium] › tests/game/detail.spec.ts:100:7 › Game Detail Page › back navigation returns to home page
[1A[2K[195/837] [chromium] › tests/game/detail.spec.ts:115:7 › Game Detail Page › game story section is collapsed by default and shows beta label when present
[1A[2K[196/837] [chromium] › tests/game/detail.spec.ts:149:7 › Game Detail Page › score data-testid attributes exist and no score-flash on initial load
[1A[2K[197/837] [chromium] › tests/game/detail.spec.ts:184:7 › Game Detail Page › player stat rows collapse by default and expand on click
[1A[2K[198/837] [chromium] › tests/game/detail.spec.ts:224:7 › Game Detail Page › social reaction sections are not visible for non-admin users @smoke
[1A[2K[199/837] [chromium] › tests/game/fact-verification.spec.ts:121:7 › fact-verification — valid stories @smoke › fixture 1 (NBA): LeBron 30 pts, 115-98 — passes
[1A[2K[200/837] [chromium] › tests/game/fact-verification.spec.ts:127:7 › fact-verification — valid stories @smoke › fixture 2 (NFL): Mahomes 312 yds, Chiefs 27-14 — passes
[1A[2K[201/837] [chromium] › tests/game/fact-verification.spec.ts:133:7 › fact-verification — valid stories @smoke › fixture 3 (MLB): Freeman 2 HR, 3 RBI, Dodgers 5-3 — passes
[1A[2K[202/837] [chromium] › tests/game/fact-verification.spec.ts:139:7 › fact-verification — valid stories @smoke › fixture 4 (NBA): SGA 40 pts, Thunder 98-87 — passes
[1A[2K[203/837] [chromium] › tests/game/fact-verification.spec.ts:145:7 › fact-verification — valid stories @smoke › fixture 5 (NFL): Harris 120 yds, Bills 24-17 — passes
[1A[2K[204/837] [chromium] › tests/game/fact-verification.spec.ts:155:7 › fact-verification — injected numeric errors @smoke › fixture 1 (NBA): hallucinated 35 pts (actual 30) — rejected
[1A[2K[205/837] [chromium] › tests/game/fact-verification.spec.ts:161:7 › fact-verification — injected numeric errors @smoke › fixture 2 (NFL): hallucinated 350 yds (actual 312) — rejected
[1A[2K[206/837] [chromium] › tests/game/fact-verification.spec.ts:167:7 › fact-verification — injected numeric errors @smoke › fixture 3 (MLB): hallucinated 6 RBI (actual 3) — rejected
[1A[2K[207/837] [chromium] › tests/game/fact-verification.spec.ts:173:7 › fact-verification — injected numeric errors @smoke › fixture 4 (NBA): hallucinated 45 pts (actual 40) — rejected
[1A[2K[208/837] [chromium] › tests/game/fact-verification.spec.ts:179:7 › fact-verification — injected numeric errors @smoke › fixture 5 (NFL): hallucinated 130 yds (actual 120) — rejected
[1A[2K[209/837] [chromium] › tests/game/fact-verification.spec.ts:189:7 › fact-verification — API contract @smoke › returns 400 when story is missing
[1A[2K[210/837] [chromium] › tests/game/fact-verification.spec.ts:194:7 › fact-verification — API contract @smoke › returns 400 when boxScore fields are missing
[1A[2K[211/837] [chromium] › tests/game/fact-verification.spec.ts:201:7 › fact-verification — API contract @smoke › response always includes valid, rejectedNumbers, storyNumbers, whitelistSize
[1A[2K[212/837] [chromium] › tests/game/fact-verification.spec.ts:210:7 › fact-verification — API contract @smoke › storyNumbers contains every distinct number from the story
[1A[2K[213/837] [chromium] › tests/game/player-stats.spec.ts:16:7 › Player Stats — headline and expansion › player-stats-table is visible and shows team title when player data exists @smoke
[1A[2K[214/837] [chromium] › tests/game/player-stats.spec.ts:37:7 › Player Stats — headline and expansion › collapsed player row shows headline stat labels
[1A[2K[215/837] [chromium] › tests/game/player-stats.spec.ts:59:7 › Player Stats — headline and expansion › all player rows are collapsed by default
[1A[2K[216/837] [chromium] › tests/game/player-stats.spec.ts:80:7 › Player Stats — headline and expansion › expanding a player row reveals additional stat columns
[1A[2K[217/837] [chromium] › tests/game/player-stats.spec.ts:102:7 › Player Stats — headline and expansion › collapsing an expanded player row hides detail stats
[1A[2K[218/837] [chromium] › tests/game/player-stats.spec.ts:128:7 › Player Stats — headline and expansion › multiple player rows can be independently expanded
[1A[2K[219/837] [chromium] › tests/game/player-stats.spec.ts:157:7 › Player Stats — headline and expansion › no player-stats-table rendered when game has no player data
[1A[2K[220/837] [chromium] › tests/game/reading-position.spec.ts:9:7 › Game Detail Reading Position › scrolling on game detail page saves reading position to localStorage
[1A[2K[221/837] [chromium] › tests/game/reading-position.spec.ts:29:7 › Game Detail Reading Position › reading position data exists in localStorage after scrolling
[1A[2K[222/837] [chromium] › tests/game/reading-position.spec.ts:53:7 › Game Detail Reading Position › navigate away and back preserves reading position data
[1A[2K[223/837] [chromium] › tests/game/reading-position.spec.ts:87:7 › Game Detail Reading Position › localStorage key sd-reading-position contains game-specific data
[1A[2K[224/837] [chromium] › tests/game/reading-position.spec.ts:111:7 › Game Detail Reading Position › play elements have data-play-index attributes when timeline is expanded
[1A[2K[225/837] [chromium] › tests/game/reading-position.spec.ts:144:7 › Game Detail Reading Position › resume from stale or missing position fails gracefully without errors
[1A[2K[226/837] [chromium] › tests/game/reading-position.spec.ts:184:7 › Game Detail Reading Position › resume scrolls to saved play after in-app navigation away and back
[1A[2K[227/837] [chromium] › tests/game/salient-events.spec.ts:106:7 › salient-events API — core contract @smoke › POST returns events array and narrativeType
[1A[2K[228/837] [chromium] › tests/game/salient-events.spec.ts:112:7 › salient-events API — core contract @smoke › events array has at most 15 items across all sports
[1A[2K[229/837] [chromium] › tests/game/salient-events.spec.ts:119:7 › salient-events API — core contract @smoke › every event has type, description, and impactWeight in valid ranges
[1A[2K[230/837] [chromium] › tests/game/salient-events.spec.ts:133:7 › salient-events API — core contract @smoke › events are sorted by impactWeight descending
[1A[2K[231/837] [chromium] › tests/game/salient-events.spec.ts:144:7 › salient-events API — core contract @smoke › narrativeType is exactly one of the five valid values
[1A[2K[232/837] [chromium] › tests/game/salient-events.spec.ts:152:7 › salient-events API — core contract @smoke › 400 returned for missing required fields
[1A[2K[233/837] [chromium] › tests/game/salient-events.spec.ts:161:7 › NBA box score › detects at least one lead-change event
[1A[2K[234/837] [chromium] › tests/game/salient-events.spec.ts:166:7 › NBA box score › detects 38-point standout stat for LeBron
[1A[2K[235/837] [chromium] › tests/game/salient-events.spec.ts:172:7 › NBA box score › detects triple-double for J. Holiday
[1A[2K[236/837] [chromium] › tests/game/salient-events.spec.ts:179:7 › NBA box score › detects 16-rebound standout stat for A. Davis
[1A[2K[237/837] [chromium] › tests/game/salient-events.spec.ts:185:7 › NBA box score › detects tier-1 key play for LeBron walk-off
[1A[2K[238/837] [chromium] › tests/game/salient-events.spec.ts:192:7 › NBA box score › detects scoring run from plays
[1A[2K[239/837] [chromium] › tests/game/salient-events.spec.ts:197:7 › NBA box score › close game yields back-and-forth or comeback narrative
[1A[2K[240/837] [chromium] › tests/game/salient-events.spec.ts:206:7 › NFL box score › detects 300+ passing yards standout stat
[1A[2K[241/837] [chromium] › tests/game/salient-events.spec.ts:212:7 › NFL box score › detects 3-TD-pass standout stat
[1A[2K[242/837] [chromium] › tests/game/salient-events.spec.ts:218:7 › NFL box score › detects 100+ rushing yards for Pacheco
[1A[2K[243/837] [chromium] › tests/game/salient-events.spec.ts:224:7 › NFL box score › detects tier-1 key play
[1A[2K[244/837] [chromium] › tests/game/salient-events.spec.ts:230:7 › NFL box score › blowout narrative for 17-point margin
[1A[2K[245/837] [chromium] › tests/game/salient-events.spec.ts:239:7 › MLB box score › detects 2-home-run standout stat for Freeman
[1A[2K[246/837] [chromium] › tests/game/salient-events.spec.ts:245:7 › MLB box score › detects 3-RBI standout stat for Soto
[1A[2K[247/837] [chromium] › tests/game/salient-events.spec.ts:251:7 › MLB box score › detects complete-game standout with K count
[1A[2K[248/837] [chromium] › tests/game/salient-events.spec.ts:259:7 › MLB box score › detects lead-change when teams swap leads
[1A[2K[249/837] [chromium] › tests/game/salient-events.spec.ts:264:7 › MLB box score › dominant or back-and-forth narrative for 4-run margin
[1A[2K  75) [chromium] › tests/game/salient-events.spec.ts:264:7 › MLB box score › dominant or back-and-forth narrative for 4-run margin 

    Error: [2mexpect([22m[31mreceived[39m[2m).[22mtoBe[2m([22m[32mexpected[39m[2m) // Object.is equality[22m

    Expected: [32mtrue[39m
    Received: [31mfalse[39m

       97 | ): Promise<SalientEventResult> {
       98 |   const res = await request.post(ENDPOINT, { data: body });
    >  99 |   expect(res.ok()).toBe(true);
          |                    ^
      100 |   return (await res.json()) as SalientEventResult;
      101 | }
      102 |
        at post (/Users/michaelfuscoletti/Desktop/scroll-down-web/web/tests/game/salient-events.spec.ts:99:20)
        at /Users/michaelfuscoletti/Desktop/scroll-down-web/web/tests/game/salient-events.spec.ts:266:31

    Error Context: test-results/game-salient-events-MLB-bo-ac6ec--narrative-for-4-run-margin-chromium/error-context.md


[1A[2K(node:6071) Warning: The 'NO_COLOR' env is ignored due to the 'FORCE_COLOR' env being set.
(Use `node --trace-warnings ...` to show where the warning was created)


[1A[2K(node:6071) Warning: The 'NO_COLOR' env is ignored due to the 'FORCE_COLOR' env being set.
(Use `node --trace-warnings ...` to show where the warning was created)


[1A[2K[250/837] [chromium] › tests/game/salient-events.spec.ts:274:7 › edge cases › no plays or stats returns valid structure
[1A[2K  76) [chromium] › tests/game/salient-events.spec.ts:274:7 › edge cases › no plays or stats returns valid structure 

    Error: [2mexpect([22m[31mreceived[39m[2m).[22mtoBe[2m([22m[32mexpected[39m[2m) // Object.is equality[22m

    Expected: [32mtrue[39m
    Received: [31mfalse[39m

       97 | ): Promise<SalientEventResult> {
       98 |   const res = await request.post(ENDPOINT, { data: body });
    >  99 |   expect(res.ok()).toBe(true);
          |                    ^
      100 |   return (await res.json()) as SalientEventResult;
      101 | }
      102 |
        at post (/Users/michaelfuscoletti/Desktop/scroll-down-web/web/tests/game/salient-events.spec.ts:99:20)
        at /Users/michaelfuscoletti/Desktop/scroll-down-web/web/tests/game/salient-events.spec.ts:276:20

    Error Context: test-results/game-salient-events-edge-c-3f034-ats-returns-valid-structure-chromium/error-context.md


[1A[2K(node:6083) Warning: The 'NO_COLOR' env is ignored due to the 'FORCE_COLOR' env being set.
(Use `node --trace-warnings ...` to show where the warning was created)


[1A[2K[251/837] [chromium] › tests/game/salient-events.spec.ts:295:7 › edge cases › defensive narrative for low-scoring NFL game (total ≤ 27)
[1A[2K  77) [chromium] › tests/game/salient-events.spec.ts:295:7 › edge cases › defensive narrative for low-scoring NFL game (total ≤ 27) 

    Error: [2mexpect([22m[31mreceived[39m[2m).[22mtoBe[2m([22m[32mexpected[39m[2m) // Object.is equality[22m

    Expected: [32mtrue[39m
    Received: [31mfalse[39m

       97 | ): Promise<SalientEventResult> {
       98 |   const res = await request.post(ENDPOINT, { data: body });
    >  99 |   expect(res.ok()).toBe(true);
          |                    ^
      100 |   return (await res.json()) as SalientEventResult;
      101 | }
      102 |
        at post (/Users/michaelfuscoletti/Desktop/scroll-down-web/web/tests/game/salient-events.spec.ts:99:20)
        at /Users/michaelfuscoletti/Desktop/scroll-down-web/web/tests/game/salient-events.spec.ts:296:31

    Error Context: test-results/game-salient-events-edge-c-9649e-coring-NFL-game-total-≤-27--chromium/error-context.md


[1A[2K(node:6083) Warning: The 'NO_COLOR' env is ignored due to the 'FORCE_COLOR' env being set.
(Use `node --trace-warnings ...` to show where the warning was created)


[1A[2K(node:6084) Warning: The 'NO_COLOR' env is ignored due to the 'FORCE_COLOR' env being set.
(Use `node --trace-warnings ...` to show where the warning was created)


[1A[2K[252/837] [chromium] › tests/game/salient-events.spec.ts:288:7 › edge cases › defensive narrative for low-scoring NBA game (total < 185)
[1A[2K  78) [chromium] › tests/game/salient-events.spec.ts:288:7 › edge cases › defensive narrative for low-scoring NBA game (total < 185) 

    Error: [2mexpect([22m[31mreceived[39m[2m).[22mtoBe[2m([22m[32mexpected[39m[2m) // Object.is equality[22m

    Expected: [32mtrue[39m
    Received: [31mfalse[39m

       97 | ): Promise<SalientEventResult> {
       98 |   const res = await request.post(ENDPOINT, { data: body });
    >  99 |   expect(res.ok()).toBe(true);
          |                    ^
      100 |   return (await res.json()) as SalientEventResult;
      101 | }
      102 |
        at post (/Users/michaelfuscoletti/Desktop/scroll-down-web/web/tests/game/salient-events.spec.ts:99:20)
        at /Users/michaelfuscoletti/Desktop/scroll-down-web/web/tests/game/salient-events.spec.ts:289:31

    Error Context: test-results/game-salient-events-edge-c-79c47-scoring-NBA-game-total-185--chromium/error-context.md


[1A[2K(node:6087) Warning: The 'NO_COLOR' env is ignored due to the 'FORCE_COLOR' env being set.
(Use `node --trace-warnings ...` to show where the warning was created)


[1A[2K(node:6084) Warning: The 'NO_COLOR' env is ignored due to the 'FORCE_COLOR' env being set.
(Use `node --trace-warnings ...` to show where the warning was created)


[1A[2K[253/837] [chromium] › tests/game/salient-events.spec.ts:302:7 › edge cases › defensive narrative for low-scoring MLB game (total ≤ 4)
[1A[2K  79) [chromium] › tests/game/salient-events.spec.ts:302:7 › edge cases › defensive narrative for low-scoring MLB game (total ≤ 4) 

    Error: [2mexpect([22m[31mreceived[39m[2m).[22mtoBe[2m([22m[32mexpected[39m[2m) // Object.is equality[22m

    Expected: [32mtrue[39m
    Received: [31mfalse[39m

       97 | ): Promise<SalientEventResult> {
       98 |   const res = await request.post(ENDPOINT, { data: body });
    >  99 |   expect(res.ok()).toBe(true);
          |                    ^
      100 |   return (await res.json()) as SalientEventResult;
      101 | }
      102 |
        at post (/Users/michaelfuscoletti/Desktop/scroll-down-web/web/tests/game/salient-events.spec.ts:99:20)
        at /Users/michaelfuscoletti/Desktop/scroll-down-web/web/tests/game/salient-events.spec.ts:303:31

    Error Context: test-results/game-salient-events-edge-c-4f52e-scoring-MLB-game-total-≤-4--chromium/error-context.md


[1A[2K(node:6087) Warning: The 'NO_COLOR' env is ignored due to the 'FORCE_COLOR' env being set.
(Use `node --trace-warnings ...` to show where the warning was created)


[1A[2K(node:6099) Warning: The 'NO_COLOR' env is ignored due to the 'FORCE_COLOR' env being set.
(Use `node --trace-warnings ...` to show where the warning was created)


[1A[2K[254/837] [chromium] › tests/game/salient-events.spec.ts:309:7 › edge cases › comeback narrative when winner overcame large deficit
[1A[2K  80) [chromium] › tests/game/salient-events.spec.ts:309:7 › edge cases › comeback narrative when winner overcame large deficit 

    Error: [2mexpect([22m[31mreceived[39m[2m).[22mtoBe[2m([22m[32mexpected[39m[2m) // Object.is equality[22m

    Expected: [32mtrue[39m
    Received: [31mfalse[39m

       97 | ): Promise<SalientEventResult> {
       98 |   const res = await request.post(ENDPOINT, { data: body });
    >  99 |   expect(res.ok()).toBe(true);
          |                    ^
      100 |   return (await res.json()) as SalientEventResult;
      101 | }
      102 |
        at post (/Users/michaelfuscoletti/Desktop/scroll-down-web/web/tests/game/salient-events.spec.ts:99:20)
        at /Users/michaelfuscoletti/Desktop/scroll-down-web/web/tests/game/salient-events.spec.ts:310:31

    Error Context: test-results/game-salient-events-edge-c-96737-nner-overcame-large-deficit-chromium/error-context.md


[1A[2K(node:6104) Warning: The 'NO_COLOR' env is ignored due to the 'FORCE_COLOR' env being set.
(Use `node --trace-warnings ...` to show where the warning was created)


[1A[2K(node:6099) Warning: The 'NO_COLOR' env is ignored due to the 'FORCE_COLOR' env being set.
(Use `node --trace-warnings ...` to show where the warning was created)


[1A[2K[255/837] [chromium] › tests/game/salient-events.spec.ts:327:7 › edge cases › sport string is case-insensitive
[1A[2K  81) [chromium] › tests/game/salient-events.spec.ts:327:7 › edge cases › sport string is case-insensitive 

    Error: [2mexpect([22m[31mreceived[39m[2m).[22mtoBe[2m([22m[32mexpected[39m[2m) // Object.is equality[22m

    Expected: [32mtrue[39m
    Received: [31mfalse[39m

       97 | ): Promise<SalientEventResult> {
       98 |   const res = await request.post(ENDPOINT, { data: body });
    >  99 |   expect(res.ok()).toBe(true);
          |                    ^
      100 |   return (await res.json()) as SalientEventResult;
      101 | }
      102 |
        at post (/Users/michaelfuscoletti/Desktop/scroll-down-web/web/tests/game/salient-events.spec.ts:99:20)
        at /Users/michaelfuscoletti/Desktop/scroll-down-web/web/tests/game/salient-events.spec.ts:328:19

    Error Context: test-results/game-salient-events-edge-c-d71be--string-is-case-insensitive-chromium/error-context.md


[1A[2K(node:6104) Warning: The 'NO_COLOR' env is ignored due to the 'FORCE_COLOR' env being set.
(Use `node --trace-warnings ...` to show where the warning was created)


[1A[2K(node:6106) Warning: The 'NO_COLOR' env is ignored due to the 'FORCE_COLOR' env being set.
(Use `node --trace-warnings ...` to show where the warning was created)


[1A[2K[256/837] [chromium] › tests/game/source-attribution.spec.ts:13:7 › Game detail source attribution › game detail page shows data attribution footer
[1A[2K(node:6106) Warning: The 'NO_COLOR' env is ignored due to the 'FORCE_COLOR' env being set.
(Use `node --trace-warnings ...` to show where the warning was created)


[1A[2K[257/837] [chromium] › tests/game/source-attribution.spec.ts:28:7 › Game detail source attribution › attribution footer not present on home page
[1A[2K[258/837] [chromium] › tests/game/source-attribution.spec.ts:33:7 › Game detail source attribution › odds table shows book logos in column headers
[1A[2K[259/837] [chromium] › tests/game/source-attribution.spec.ts:51:7 › Game detail source attribution › book logos in odds table use local /books/ assets only
[1A[2K[260/837] [chromium] › tests/game/story-generation.spec.ts:233:7 › story-generation — NBA @smoke › comeback: no banned phrases, valid word/sentence counts
[1A[2K  82) [chromium] › tests/game/story-generation.spec.ts:233:7 › story-generation — NBA @smoke › comeback: no banned phrases, valid word/sentence counts 

    Error: Unexpected 401 for {"sport":"NBA","homeTeam":"Nets","awayTeam":"Knicks","homeScore":108,"awayScore":100,"playerStats":[{"team":"Nets","playerName":"Ben Simmons","points":22,"rebounds":9,"assists":11,"rawStats":{}},{"team":"Knicks","playerName":"Julius Randle","points":35,"rebounds":11,"assists":5,"rawStats":{}}],"plays":[{"playIndex":1,"quarter":1,"homeScore":0,"awayScore":18,"scoreChanged":true,"pointsScored":18,"periodLabel":"Q1"},{"playIndex":2,"quarter":2,"homeScore":10,"awayScore":22,"scoreChanged":true,"pointsScored":10,"periodLabel":"Q2"},{"playIndex":3,"quarter":3,"homeScore":30,"awayScore":30,"scoreChanged":true,"pointsScored":20,"periodLabel":"Q3"},{"playIndex":4,"quarter":4,"homeScore":55,"awayScore":40,"scoreChanged":true,"pointsScored":25,"periodLabel":"Q4"},{"playIndex":5,"quarter":4,"homeScore":108,"awayScore":100,"scoreChanged":true,"pointsScored":8,"tier":1,"description":"Simmons finishes the alley-oop to seal it","periodLabel":"Q4"}]}

    [2mexpect([22m[31mreceived[39m[2m).[22mtoBe[2m([22m[32mexpected[39m[2m) // Object.is equality[22m

    Expected: [32mtrue[39m
    Received: [31mfalse[39m

      214 |   }
      215 |
    > 216 |   expect(res.ok(), `Unexpected ${res.status()} for ${JSON.stringify(box)}`).toBe(true);
          |                                                                             ^
      217 |   return (await res.json()) as StoryResponse;
      218 | }
      219 |
        at postStory (/Users/michaelfuscoletti/Desktop/scroll-down-web/web/tests/game/story-generation.spec.ts:216:77)
        at /Users/michaelfuscoletti/Desktop/scroll-down-web/web/tests/game/story-generation.spec.ts:234:20

    Error Context: test-results/game-story-generation-stor-703aa--valid-word-sentence-counts-chromium/error-context.md


[1A[2K(node:6319) Warning: The 'NO_COLOR' env is ignored due to the 'FORCE_COLOR' env being set.
(Use `node --trace-warnings ...` to show where the warning was created)


[1A[2K(node:6319) Warning: The 'NO_COLOR' env is ignored due to the 'FORCE_COLOR' env being set.
(Use `node --trace-warnings ...` to show where the warning was created)


[1A[2K[261/837] [chromium] › tests/game/story-generation.spec.ts:242:7 › story-generation — NBA @smoke › blowout: no banned phrases, valid word/sentence counts
[1A[2K  83) [chromium] › tests/game/story-generation.spec.ts:242:7 › story-generation — NBA @smoke › blowout: no banned phrases, valid word/sentence counts 

    Error: Unexpected 401 for {"sport":"NBA","homeTeam":"Bucks","awayTeam":"Pistons","homeScore":128,"awayScore":94,"playerStats":[{"team":"Bucks","playerName":"Giannis Antetokounmpo","points":42,"rebounds":14,"assists":6,"rawStats":{}},{"team":"Bucks","playerName":"Khris Middleton","points":31,"rebounds":6,"assists":4,"rawStats":{}}],"plays":[{"playIndex":1,"quarter":1,"homeScore":12,"awayScore":4,"scoreChanged":true,"pointsScored":8,"periodLabel":"Q1"},{"playIndex":2,"quarter":2,"homeScore":38,"awayScore":14,"scoreChanged":true,"pointsScored":10,"periodLabel":"Q2"},{"playIndex":3,"quarter":3,"homeScore":80,"awayScore":50,"scoreChanged":true,"pointsScored":8,"periodLabel":"Q3"},{"playIndex":4,"quarter":4,"homeScore":128,"awayScore":94,"scoreChanged":true,"pointsScored":6,"periodLabel":"Q4"}]}

    [2mexpect([22m[31mreceived[39m[2m).[22mtoBe[2m([22m[32mexpected[39m[2m) // Object.is equality[22m

    Expected: [32mtrue[39m
    Received: [31mfalse[39m

      214 |   }
      215 |
    > 216 |   expect(res.ok(), `Unexpected ${res.status()} for ${JSON.stringify(box)}`).toBe(true);
          |                                                                             ^
      217 |   return (await res.json()) as StoryResponse;
      218 | }
      219 |
        at postStory (/Users/michaelfuscoletti/Desktop/scroll-down-web/web/tests/game/story-generation.spec.ts:216:77)
        at /Users/michaelfuscoletti/Desktop/scroll-down-web/web/tests/game/story-generation.spec.ts:243:20

    Error Context: test-results/game-story-generation-stor-774e4--valid-word-sentence-counts-chromium/error-context.md


[1A[2K(node:6331) Warning: The 'NO_COLOR' env is ignored due to the 'FORCE_COLOR' env being set.
(Use `node --trace-warnings ...` to show where the warning was created)


[1A[2K(node:6331) Warning: The 'NO_COLOR' env is ignored due to the 'FORCE_COLOR' env being set.
(Use `node --trace-warnings ...` to show where the warning was created)


[1A[2K[262/837] [chromium] › tests/game/story-generation.spec.ts:251:7 › story-generation — NBA @smoke › defensive: no banned phrases, valid word/sentence counts
[1A[2K  84) [chromium] › tests/game/story-generation.spec.ts:251:7 › story-generation — NBA @smoke › defensive: no banned phrases, valid word/sentence counts 

    Error: Unexpected 401 for {"sport":"NBA","homeTeam":"Jazz","awayTeam":"Grizzlies","homeScore":88,"awayScore":82,"playerStats":[{"team":"Jazz","playerName":"Walker Kessler","points":14,"rebounds":16,"assists":3,"rawStats":{}},{"team":"Grizzlies","playerName":"Ja Morant","points":26,"rebounds":6,"assists":9,"rawStats":{}}],"plays":[{"playIndex":1,"quarter":1,"homeScore":0,"awayScore":5,"scoreChanged":true,"pointsScored":5,"periodLabel":"Q1"},{"playIndex":2,"quarter":2,"homeScore":8,"awayScore":5,"scoreChanged":true,"pointsScored":8,"periodLabel":"Q2"},{"playIndex":3,"quarter":3,"homeScore":20,"awayScore":18,"scoreChanged":true,"pointsScored":5,"periodLabel":"Q3"},{"playIndex":4,"quarter":4,"homeScore":88,"awayScore":82,"scoreChanged":true,"pointsScored":4,"tier":1,"description":"Kessler blocks Morant's drive to preserve the lead","periodLabel":"Q4"}]}

    [2mexpect([22m[31mreceived[39m[2m).[22mtoBe[2m([22m[32mexpected[39m[2m) // Object.is equality[22m

    Expected: [32mtrue[39m
    Received: [31mfalse[39m

      214 |   }
      215 |
    > 216 |   expect(res.ok(), `Unexpected ${res.status()} for ${JSON.stringify(box)}`).toBe(true);
          |                                                                             ^
      217 |   return (await res.json()) as StoryResponse;
      218 | }
      219 |
        at postStory (/Users/michaelfuscoletti/Desktop/scroll-down-web/web/tests/game/story-generation.spec.ts:216:77)
        at /Users/michaelfuscoletti/Desktop/scroll-down-web/web/tests/game/story-generation.spec.ts:252:20

    Error Context: test-results/game-story-generation-stor-5fd42--valid-word-sentence-counts-chromium/error-context.md


[1A[2K(node:6332) Warning: The 'NO_COLOR' env is ignored due to the 'FORCE_COLOR' env being set.
(Use `node --trace-warnings ...` to show where the warning was created)


[1A[2K(node:6332) Warning: The 'NO_COLOR' env is ignored due to the 'FORCE_COLOR' env being set.
(Use `node --trace-warnings ...` to show where the warning was created)


[1A[2K[263/837] [chromium] › tests/game/story-generation.spec.ts:264:7 › story-generation — NFL › blowout: no banned phrases, valid word/sentence counts
[1A[2K  85) [chromium] › tests/game/story-generation.spec.ts:264:7 › story-generation — NFL › blowout: no banned phrases, valid word/sentence counts 

    Error: Unexpected 401 for {"sport":"NFL","homeTeam":"Chiefs","awayTeam":"Eagles","homeScore":35,"awayScore":10,"playerStats":[{"team":"Chiefs","playerName":"Patrick Mahomes","yards":0,"touchdowns":0,"rawStats":{"passingYards":321,"passingTouchdowns":4}},{"team":"Chiefs","playerName":"Isiah Pacheco","yards":112,"touchdowns":2,"rawStats":{}}],"plays":[{"playIndex":1,"quarter":1,"homeScore":7,"awayScore":0,"scoreChanged":true,"pointsScored":7},{"playIndex":2,"quarter":2,"homeScore":14,"awayScore":3,"scoreChanged":true,"pointsScored":7},{"playIndex":3,"quarter":3,"homeScore":28,"awayScore":3,"scoreChanged":true,"pointsScored":14},{"playIndex":4,"quarter":3,"homeScore":28,"awayScore":10,"scoreChanged":true,"pointsScored":7},{"playIndex":5,"quarter":4,"homeScore":35,"awayScore":10,"scoreChanged":true,"pointsScored":7,"tier":1,"description":"Pacheco punches it in from the 2-yard line"}]}

    [2mexpect([22m[31mreceived[39m[2m).[22mtoBe[2m([22m[32mexpected[39m[2m) // Object.is equality[22m

    Expected: [32mtrue[39m
    Received: [31mfalse[39m

      214 |   }
      215 |
    > 216 |   expect(res.ok(), `Unexpected ${res.status()} for ${JSON.stringify(box)}`).toBe(true);
          |                                                                             ^
      217 |   return (await res.json()) as StoryResponse;
      218 | }
      219 |
        at postStory (/Users/michaelfuscoletti/Desktop/scroll-down-web/web/tests/game/story-generation.spec.ts:216:77)
        at /Users/michaelfuscoletti/Desktop/scroll-down-web/web/tests/game/story-generation.spec.ts:265:20

    Error Context: test-results/game-story-generation-stor-86e38--valid-word-sentence-counts-chromium/error-context.md


[1A[2K(node:6350) Warning: The 'NO_COLOR' env is ignored due to the 'FORCE_COLOR' env being set.
(Use `node --trace-warnings ...` to show where the warning was created)


[1A[2K(node:6350) Warning: The 'NO_COLOR' env is ignored due to the 'FORCE_COLOR' env being set.
(Use `node --trace-warnings ...` to show where the warning was created)


[1A[2K[264/837] [chromium] › tests/game/story-generation.spec.ts:273:7 › story-generation — NFL › comeback: no banned phrases, valid word/sentence counts
[1A[2K  86) [chromium] › tests/game/story-generation.spec.ts:273:7 › story-generation — NFL › comeback: no banned phrases, valid word/sentence counts 

    Error: Unexpected 401 for {"sport":"NFL","homeTeam":"Bills","awayTeam":"Ravens","homeScore":31,"awayScore":28,"playerStats":[{"team":"Bills","playerName":"Josh Allen","yards":55,"touchdowns":2,"rawStats":{"passingYards":348,"passingTouchdowns":3}},{"team":"Ravens","playerName":"Lamar Jackson","yards":72,"touchdowns":2,"rawStats":{"passingYards":290,"passingTouchdowns":2}}],"plays":[{"playIndex":1,"quarter":1,"homeScore":0,"awayScore":14,"scoreChanged":true,"pointsScored":14},{"playIndex":2,"quarter":2,"homeScore":7,"awayScore":21,"scoreChanged":true,"pointsScored":7},{"playIndex":3,"quarter":3,"homeScore":14,"awayScore":21,"scoreChanged":true,"pointsScored":7},{"playIndex":4,"quarter":4,"homeScore":21,"awayScore":21,"scoreChanged":true,"pointsScored":7},{"playIndex":5,"quarter":4,"homeScore":28,"awayScore":28,"scoreChanged":true,"pointsScored":7},{"playIndex":6,"quarter":4,"homeScore":31,"awayScore":28,"scoreChanged":true,"pointsScored":3,"tier":1,"description":"Tyler Bass hits the 48-yard field goal with 0:03 left"}]}

    [2mexpect([22m[31mreceived[39m[2m).[22mtoBe[2m([22m[32mexpected[39m[2m) // Object.is equality[22m

    Expected: [32mtrue[39m
    Received: [31mfalse[39m

      214 |   }
      215 |
    > 216 |   expect(res.ok(), `Unexpected ${res.status()} for ${JSON.stringify(box)}`).toBe(true);
          |                                                                             ^
      217 |   return (await res.json()) as StoryResponse;
      218 | }
      219 |
        at postStory (/Users/michaelfuscoletti/Desktop/scroll-down-web/web/tests/game/story-generation.spec.ts:216:77)
        at /Users/michaelfuscoletti/Desktop/scroll-down-web/web/tests/game/story-generation.spec.ts:274:20

    Error Context: test-results/game-story-generation-stor-7d5d5--valid-word-sentence-counts-chromium/error-context.md


[1A[2K(node:6351) Warning: The 'NO_COLOR' env is ignored due to the 'FORCE_COLOR' env being set.
(Use `node --trace-warnings ...` to show where the warning was created)


[1A[2K(node:6351) Warning: The 'NO_COLOR' env is ignored due to the 'FORCE_COLOR' env being set.
(Use `node --trace-warnings ...` to show where the warning was created)


[1A[2K[265/837] [chromium] › tests/game/story-generation.spec.ts:282:7 › story-generation — NFL › dominant: no banned phrases, valid word/sentence counts
[1A[2K  87) [chromium] › tests/game/story-generation.spec.ts:282:7 › story-generation — NFL › dominant: no banned phrases, valid word/sentence counts 

    Error: Unexpected 401 for {"sport":"NFL","homeTeam":"49ers","awayTeam":"Panthers","homeScore":24,"awayScore":7,"playerStats":[{"team":"49ers","playerName":"Brock Purdy","yards":0,"touchdowns":0,"rawStats":{"passingYards":267,"passingTouchdowns":3}},{"team":"49ers","playerName":"Christian McCaffrey","yards":125,"touchdowns":1,"rawStats":{}}],"plays":[{"playIndex":1,"quarter":1,"homeScore":7,"awayScore":0,"scoreChanged":true,"pointsScored":7},{"playIndex":2,"quarter":2,"homeScore":17,"awayScore":0,"scoreChanged":true,"pointsScored":10},{"playIndex":3,"quarter":3,"homeScore":24,"awayScore":0,"scoreChanged":true,"pointsScored":7},{"playIndex":4,"quarter":4,"homeScore":24,"awayScore":7,"scoreChanged":true,"pointsScored":7}]}

    [2mexpect([22m[31mreceived[39m[2m).[22mtoBe[2m([22m[32mexpected[39m[2m) // Object.is equality[22m

    Expected: [32mtrue[39m
    Received: [31mfalse[39m

      214 |   }
      215 |
    > 216 |   expect(res.ok(), `Unexpected ${res.status()} for ${JSON.stringify(box)}`).toBe(true);
          |                                                                             ^
      217 |   return (await res.json()) as StoryResponse;
      218 | }
      219 |
        at postStory (/Users/michaelfuscoletti/Desktop/scroll-down-web/web/tests/game/story-generation.spec.ts:216:77)
        at /Users/michaelfuscoletti/Desktop/scroll-down-web/web/tests/game/story-generation.spec.ts:283:20

    Error Context: test-results/game-story-generation-stor-4efd4--valid-word-sentence-counts-chromium/error-context.md


[1A[2K(node:6364) Warning: The 'NO_COLOR' env is ignored due to the 'FORCE_COLOR' env being set.
(Use `node --trace-warnings ...` to show where the warning was created)


[1A[2K(node:6364) Warning: The 'NO_COLOR' env is ignored due to the 'FORCE_COLOR' env being set.
(Use `node --trace-warnings ...` to show where the warning was created)


[1A[2K[266/837] [chromium] › tests/game/story-generation.spec.ts:295:7 › story-generation — MLB › comeback: no banned phrases, valid word/sentence counts
[1A[2K  88) [chromium] › tests/game/story-generation.spec.ts:295:7 › story-generation — MLB › comeback: no banned phrases, valid word/sentence counts 

    Error: Unexpected 401 for {"sport":"MLB","homeTeam":"Dodgers","awayTeam":"Giants","homeScore":6,"awayScore":5,"mlbBatters":[{"team":"Dodgers","playerName":"Freddie Freeman","homeRuns":1,"rbi":3,"hits":3,"atBats":4},{"team":"Giants","playerName":"Matt Chapman","homeRuns":2,"rbi":4,"hits":2,"atBats":4}],"mlbPitchers":[{"team":"Dodgers","playerName":"Clayton Kershaw","inningsPitched":"7.0","strikeOuts":9,"earnedRuns":4,"era":"3.20"}],"plays":[{"playIndex":1,"quarter":1,"homeScore":0,"awayScore":4,"scoreChanged":true,"pointsScored":4},{"playIndex":2,"quarter":4,"homeScore":4,"awayScore":4,"scoreChanged":true,"pointsScored":4},{"playIndex":3,"quarter":7,"homeScore":4,"awayScore":5,"scoreChanged":true,"pointsScored":1},{"playIndex":4,"quarter":8,"homeScore":6,"awayScore":5,"scoreChanged":true,"pointsScored":2,"tier":1,"description":"Freeman hits a walk-off two-run double in the 8th"}]}

    [2mexpect([22m[31mreceived[39m[2m).[22mtoBe[2m([22m[32mexpected[39m[2m) // Object.is equality[22m

    Expected: [32mtrue[39m
    Received: [31mfalse[39m

      214 |   }
      215 |
    > 216 |   expect(res.ok(), `Unexpected ${res.status()} for ${JSON.stringify(box)}`).toBe(true);
          |                                                                             ^
      217 |   return (await res.json()) as StoryResponse;
      218 | }
      219 |
        at postStory (/Users/michaelfuscoletti/Desktop/scroll-down-web/web/tests/game/story-generation.spec.ts:216:77)
        at /Users/michaelfuscoletti/Desktop/scroll-down-web/web/tests/game/story-generation.spec.ts:296:20

    Error Context: test-results/game-story-generation-stor-ed08c--valid-word-sentence-counts-chromium/error-context.md


[1A[2K(node:6367) Warning: The 'NO_COLOR' env is ignored due to the 'FORCE_COLOR' env being set.
(Use `node --trace-warnings ...` to show where the warning was created)


[1A[2K[267/837] [chromium] › tests/game/story-generation.spec.ts:313:7 › story-generation — MLB › defensive: no banned phrases, valid word/sentence counts
[1A[2K  89) [chromium] › tests/game/story-generation.spec.ts:313:7 › story-generation — MLB › defensive: no banned phrases, valid word/sentence counts 

    Error: Unexpected 401 for {"sport":"MLB","homeTeam":"Mets","awayTeam":"Braves","homeScore":2,"awayScore":1,"mlbBatters":[{"team":"Mets","playerName":"Pete Alonso","homeRuns":1,"rbi":2,"hits":1,"atBats":4}],"mlbPitchers":[{"team":"Mets","playerName":"Kodai Senga","inningsPitched":"9.0","strikeOuts":12,"earnedRuns":1,"era":"2.45"},{"team":"Braves","playerName":"Spencer Strider","inningsPitched":"8.0","strikeOuts":10,"earnedRuns":2,"era":"2.61"}],"plays":[{"playIndex":1,"quarter":4,"homeScore":2,"awayScore":0,"scoreChanged":true,"pointsScored":2},{"playIndex":2,"quarter":9,"homeScore":2,"awayScore":1,"scoreChanged":true,"pointsScored":1}]}

    [2mexpect([22m[31mreceived[39m[2m).[22mtoBe[2m([22m[32mexpected[39m[2m) // Object.is equality[22m

    Expected: [32mtrue[39m
    Received: [31mfalse[39m

      214 |   }
      215 |
    > 216 |   expect(res.ok(), `Unexpected ${res.status()} for ${JSON.stringify(box)}`).toBe(true);
          |                                                                             ^
      217 |   return (await res.json()) as StoryResponse;
      218 | }
      219 |
        at postStory (/Users/michaelfuscoletti/Desktop/scroll-down-web/web/tests/game/story-generation.spec.ts:216:77)
        at /Users/michaelfuscoletti/Desktop/scroll-down-web/web/tests/game/story-generation.spec.ts:314:20

    Error Context: test-results/game-story-generation-stor-b8622--valid-word-sentence-counts-chromium/error-context.md


[1A[2K(node:6367) Warning: The 'NO_COLOR' env is ignored due to the 'FORCE_COLOR' env being set.
(Use `node --trace-warnings ...` to show where the warning was created)


[1A[2K[268/837] [chromium] › tests/game/story-generation.spec.ts:304:7 › story-generation — MLB › blowout: no banned phrases, valid word/sentence counts
[1A[2K  90) [chromium] › tests/game/story-generation.spec.ts:304:7 › story-generation — MLB › blowout: no banned phrases, valid word/sentence counts 

    Error: Unexpected 401 for {"sport":"MLB","homeTeam":"Yankees","awayTeam":"Orioles","homeScore":11,"awayScore":2,"mlbBatters":[{"team":"Yankees","playerName":"Aaron Judge","homeRuns":2,"rbi":5,"hits":3,"atBats":4},{"team":"Yankees","playerName":"Juan Soto","homeRuns":1,"rbi":3,"hits":2,"atBats":4}],"mlbPitchers":[{"team":"Yankees","playerName":"Gerrit Cole","inningsPitched":"8.0","strikeOuts":11,"earnedRuns":2,"era":"2.88"}],"plays":[{"playIndex":1,"quarter":1,"homeScore":4,"awayScore":0,"scoreChanged":true,"pointsScored":4},{"playIndex":2,"quarter":3,"homeScore":8,"awayScore":0,"scoreChanged":true,"pointsScored":4},{"playIndex":3,"quarter":5,"homeScore":8,"awayScore":2,"scoreChanged":true,"pointsScored":2},{"playIndex":4,"quarter":7,"homeScore":11,"awayScore":2,"scoreChanged":true,"pointsScored":3}]}

    [2mexpect([22m[31mreceived[39m[2m).[22mtoBe[2m([22m[32mexpected[39m[2m) // Object.is equality[22m

    Expected: [32mtrue[39m
    Received: [31mfalse[39m

      214 |   }
      215 |
    > 216 |   expect(res.ok(), `Unexpected ${res.status()} for ${JSON.stringify(box)}`).toBe(true);
          |                                                                             ^
      217 |   return (await res.json()) as StoryResponse;
      218 | }
      219 |
        at postStory (/Users/michaelfuscoletti/Desktop/scroll-down-web/web/tests/game/story-generation.spec.ts:216:77)
        at /Users/michaelfuscoletti/Desktop/scroll-down-web/web/tests/game/story-generation.spec.ts:305:20

    Error Context: test-results/game-story-generation-stor-daf84--valid-word-sentence-counts-chromium/error-context.md


[1A[2K(node:6379) Warning: The 'NO_COLOR' env is ignored due to the 'FORCE_COLOR' env being set.
(Use `node --trace-warnings ...` to show where the warning was created)


[1A[2K(node:6380) Warning: The 'NO_COLOR' env is ignored due to the 'FORCE_COLOR' env being set.
(Use `node --trace-warnings ...` to show where the warning was created)


[1A[2K(node:6379) Warning: The 'NO_COLOR' env is ignored due to the 'FORCE_COLOR' env being set.
(Use `node --trace-warnings ...` to show where the warning was created)


[1A[2K[269/837] [chromium] › tests/game/story-generation.spec.ts:326:7 › story API — validation contract @smoke › returns 400 for missing required fields
[1A[2K  91) [chromium] › tests/game/story-generation.spec.ts:326:7 › story API — validation contract @smoke › returns 400 for missing required fields 

    Error: [2mexpect([22m[31mreceived[39m[2m).[22mtoBe[2m([22m[32mexpected[39m[2m) // Object.is equality[22m

    Expected: [32m400[39m
    Received: [31m401[39m

      326 |   test("returns 400 for missing required fields", async ({ request }) => {
      327 |     const res = await request.post(ENDPOINT, { data: { sport: "NBA" } });
    > 328 |     expect(res.status()).toBe(400);
          |                          ^
      329 |   });
      330 |
      331 |   test("returns 503 or a valid story structure", async ({ request }) => {
        at /Users/michaelfuscoletti/Desktop/scroll-down-web/web/tests/game/story-generation.spec.ts:328:26

    Error Context: test-results/game-story-generation-stor-68682-for-missing-required-fields-chromium/error-context.md


[1A[2K(node:6380) Warning: The 'NO_COLOR' env is ignored due to the 'FORCE_COLOR' env being set.
(Use `node --trace-warnings ...` to show where the warning was created)


[1A[2K[270/837] [chromium] › tests/game/story-generation.spec.ts:331:7 › story API — validation contract @smoke › returns 503 or a valid story structure
[1A[2K  92) [chromium] › tests/game/story-generation.spec.ts:331:7 › story API — validation contract @smoke › returns 503 or a valid story structure 

    Error: [2mexpect([22m[31mreceived[39m[2m).[22mtoContain[2m([22m[32mexpected[39m[2m) // indexOf[22m

    Expected value: [32m401[39m
    Received array: [31m[200, 503][39m

      331 |   test("returns 503 or a valid story structure", async ({ request }) => {
      332 |     const res = await request.post(ENDPOINT, { data: NBA_COMEBACK });
    > 333 |     expect([200, 503]).toContain(res.status());
          |                        ^
      334 |     if (res.status() === 200) {
      335 |       const body = (await res.json()) as Record<string, unknown>;
      336 |       expect(typeof body.story).toBe("string");
        at /Users/michaelfuscoletti/Desktop/scroll-down-web/web/tests/game/story-generation.spec.ts:333:24

    Error Context: test-results/game-story-generation-stor-84849--or-a-valid-story-structure-chromium/error-context.md


[1A[2K(node:6383) Warning: The 'NO_COLOR' env is ignored due to the 'FORCE_COLOR' env being set.
(Use `node --trace-warnings ...` to show where the warning was created)


[1A[2K(node:6384) Warning: The 'NO_COLOR' env is ignored due to the 'FORCE_COLOR' env being set.
(Use `node --trace-warnings ...` to show where the warning was created)


[1A[2K(node:6383) Warning: The 'NO_COLOR' env is ignored due to the 'FORCE_COLOR' env being set.
(Use `node --trace-warnings ...` to show where the warning was created)


[1A[2K[271/837] [chromium] › tests/game/story-section.spec.ts:19:7 › story-feedback API @smoke › accepts valid up vote
[1A[2K(node:6384) Warning: The 'NO_COLOR' env is ignored due to the 'FORCE_COLOR' env being set.
(Use `node --trace-warnings ...` to show where the warning was created)


[1A[2K[272/837] [chromium] › tests/game/story-section.spec.ts:28:7 › story-feedback API @smoke › accepts valid down vote
[1A[2K[273/837] [chromium] › tests/game/story-section.spec.ts:37:7 › story-feedback API @smoke › rejects missing storyId
[1A[2K[274/837] [chromium] › tests/game/story-section.spec.ts:42:7 › story-feedback API @smoke › rejects invalid vote value
[1A[2K[275/837] [chromium] › tests/game/story-section.spec.ts:50:7 › story-feedback API @smoke › rejects invalid JSON
[1A[2K[276/837] [chromium] › tests/game/story-section.spec.ts:62:7 › story section — quality gate @smoke › game-story-section absent when STORY_QUALITY_GATE=true (default)
[1A[2K[277/837] [chromium] › tests/game/team-stats.spec.ts:18:7 › Team Stats Comparison › Team Stats section is collapsed by default
[1A[2K[278/837] [chromium] › tests/game/team-stats.spec.ts:32:7 › Team Stats Comparison › Team Stats section expands and shows comparison module
[1A[2K[279/837] [chromium] › tests/game/team-stats.spec.ts:52:7 › Team Stats Comparison › comparison module shows both team names in header
[1A[2K[280/837] [chromium] › tests/game/team-stats.spec.ts:74:7 › Team Stats Comparison › comparison module does not overflow horizontally on mobile
[1A[2K[281/837] [chromium] › tests/game/team-stats.spec.ts:98:7 › Team Stats Comparison › Team Stats section is absent when data is missing
[1A[2K[282/837] [chromium] › tests/game/timeline.spec.ts:19:7 › Game Timeline — highlights mode › timeline section renders and toggle button is present
[1A[2K[283/837] [chromium] › tests/game/timeline.spec.ts:39:7 › Game Timeline — highlights mode › toggle button switches to full play-by-play and back
[1A[2K[284/837] [chromium] › tests/game/timeline.spec.ts:67:7 › Game Timeline — highlights mode › toggle button is keyboard accessible
[1A[2K[285/837] [chromium] › tests/game/timeline.spec.ts:86:7 › Game Timeline — highlights mode › period cards have aria-expanded and aria-controls attributes
[1A[2K[286/837] [chromium] › tests/game/timeline.spec.ts:113:7 › Game Timeline — highlights mode › full play-by-play shows more plays than highlights mode
[1A[2K[287/837] [chromium] › tests/golf/leaderboard.spec.ts:7:7 › Golf: /api/golf/leaderboard › returns 404 when GOLF_ENABLED is not set
[1A[2K[288/837] [chromium] › tests/golf/leaderboard.spec.ts:18:7 › Golf: /api/golf/leaderboard › returns GolfLeaderboardEntry[] shape when enabled
[1A[2K[289/837] [chromium] › tests/golf/leaderboard.spec.ts:47:7 › Golf: /golf page › returns 404 when GOLF_ENABLED is not set
[1A[2K[290/837] [chromium] › tests/golf/leaderboard.spec.ts:57:7 › Golf: /golf page › renders golf leaderboard when GOLF_ENABLED=true
[1A[2K[291/837] [chromium] › tests/golf/leaderboard.spec.ts:78:7 › Golf: /golf page › scores are blurred by default and revealed on row tap
[1A[2K[292/837] [chromium] › tests/golf/leaderboard.spec.ts:113:7 › Golf: /golf page › cut line separator appears when missed-cut players exist
[1A[2K[293/837] [chromium] › tests/golf/leaderboard.spec.ts:142:7 › Golf: /golf page › all leaderboard rows have required data-testid attributes
[1A[2K[294/837] [chromium] › tests/golf/leaderboard.spec.ts:179:7 › Golf: /golf page › leaderboard auto-refreshes after polling interval elapses
[1A[2K[295/837] [chromium] › tests/golf/leaderboard.spec.ts:225:7 › Golf: Leaderboard › leaderboard loads on event page
[1A[2K[296/837] [chromium] › tests/golf/leaderboard.spec.ts:255:7 › Golf: Leaderboard › leaderboard rows have position, name, and score
[1A[2K[297/837] [chromium] › tests/golf/tournaments.spec.ts:5:7 › Golf: Tournaments page › page loads with tournament cards
[1A[2K[298/837] [chromium] › tests/golf/tournaments.spec.ts:16:7 › Golf: Tournaments page › tournament cards render with data
[1A[2K[299/837] [chromium] › tests/golf/tournaments.spec.ts:44:7 › Golf: Tournaments page › sections group tournaments correctly
[1A[2K  93) [chromium] › tests/golf/tournaments.spec.ts:16:7 › Golf: Tournaments page › tournament cards render with data 

    Error: [2mexpect([22m[31mreceived[39m[2m).[22mtoBeGreaterThan[2m([22m[32mexpected[39m[2m)[22m

    Expected: > [32m0[39m
    Received:   [31m0[39m

      34 |     const cards = page.locator("[data-testid='tournament-card']");
      35 |     const count = await cards.count();
    > 36 |     expect(count).toBeGreaterThan(0);
         |                   ^
      37 |
      38 |     // First card should have tournament name
      39 |     const firstCard = cards.first();
        at /Users/michaelfuscoletti/Desktop/scroll-down-web/web/tests/golf/tournaments.spec.ts:36:19

    attachment #1: screenshot (image/png) ──────────────────────────────────────────────────────────
    test-results/golf-tournaments-Golf-Tour-8a1a7-ment-cards-render-with-data-chromium/test-failed-1.png
    ────────────────────────────────────────────────────────────────────────────────────────────────

    Error Context: test-results/golf-tournaments-Golf-Tour-8a1a7-ment-cards-render-with-data-chromium/error-context.md


[1A[2K[300/837] [chromium] › tests/history/history-page.spec.ts:5:7 › History page › page loads for admin user
[1A[2K(node:7072) Warning: The 'NO_COLOR' env is ignored due to the 'FORCE_COLOR' env being set.
(Use `node --trace-warnings ...` to show where the warning was created)


[1A[2K[301/837] [chromium] › tests/history/history-page.spec.ts:20:7 › History page › date navigator is present when authorized
[1A[2K(node:7072) Warning: The 'NO_COLOR' env is ignored due to the 'FORCE_COLOR' env being set.
(Use `node --trace-warnings ...` to show where the warning was created)


[1A[2K[302/837] [chromium] › tests/golf/tournaments.spec.ts:61:7 › Golf: Tournaments page › clicking tournament card navigates to event page
[1A[2K  94) [chromium] › tests/history/history-page.spec.ts:5:7 › History page › page loads for admin user 

    Error: [2mexpect([22m[31mreceived[39m[2m).[22mtoBe[2m([22m[32mexpected[39m[2m) // Object.is equality[22m

    Expected: [32mtrue[39m
    Received: [31mfalse[39m

      15 |
      16 |     // One of these should be true
    > 17 |     expect(isHistory || isGated).toBe(true);
         |                                  ^
      18 |   });
      19 |
      20 |   test("date navigator is present when authorized", async ({
        at /Users/michaelfuscoletti/Desktop/scroll-down-web/web/tests/history/history-page.spec.ts:17:34

    attachment #1: screenshot (image/png) ──────────────────────────────────────────────────────────
    test-results/history-history-page-History-page-page-loads-for-admin-user-chromium/test-failed-1.png
    ────────────────────────────────────────────────────────────────────────────────────────────────

    Error Context: test-results/history-history-page-History-page-page-loads-for-admin-user-chromium/error-context.md


[1A[2K(node:7095) Warning: The 'NO_COLOR' env is ignored due to the 'FORCE_COLOR' env being set.
(Use `node --trace-warnings ...` to show where the warning was created)


[1A[2K[303/837] [chromium] › tests/history/history-page.spec.ts:59:7 › History page › non-admin sees auth gate
[1A[2K(node:7095) Warning: The 'NO_COLOR' env is ignored due to the 'FORCE_COLOR' env being set.
(Use `node --trace-warnings ...` to show where the warning was created)


[1A[2K[304/837] [chromium] › tests/history/history-page.spec.ts:41:7 › History page › search bar is functional
[1A[2K  95) [chromium] › tests/history/history-page.spec.ts:59:7 › History page › non-admin sees auth gate 

    Error: [2mexpect([22m[31mreceived[39m[2m).[22mtoBe[2m([22m[32mexpected[39m[2m) // Object.is equality[22m

    Expected: [32mtrue[39m
    Received: [31mfalse[39m

      70 |
      71 |     // Either gated or history shown (depends on auth state)
    > 72 |     expect(isGated || isHistory).toBe(true);
         |                                  ^
      73 |   });
      74 | });
      75 |
        at /Users/michaelfuscoletti/Desktop/scroll-down-web/web/tests/history/history-page.spec.ts:72:34

    attachment #1: screenshot (image/png) ──────────────────────────────────────────────────────────
    test-results/history-history-page-History-page-non-admin-sees-auth-gate-chromium/test-failed-1.png
    ────────────────────────────────────────────────────────────────────────────────────────────────

    attachment #2: video (video/webm) ──────────────────────────────────────────────────────────────
    test-results/history-history-page-History-page-non-admin-sees-auth-gate-chromium/video.webm
    ────────────────────────────────────────────────────────────────────────────────────────────────

    Error Context: test-results/history-history-page-History-page-non-admin-sees-auth-gate-chromium/error-context.md


[1A[2K(node:7118) Warning: The 'NO_COLOR' env is ignored due to the 'FORCE_COLOR' env being set.
(Use `node --trace-warnings ...` to show where the warning was created)


[1A[2K(node:7118) Warning: The 'NO_COLOR' env is ignored due to the 'FORCE_COLOR' env being set.
(Use `node --trace-warnings ...` to show where the warning was created)


[1A[2K[305/837] [chromium] › tests/home/freshness-label.spec.ts:29:7 › Freshness label on live game cards › freshness label not present immediately after page load (data is fresh)
[1A[2K[306/837] [chromium] › tests/home/freshness-label.spec.ts:9:7 › Freshness label on live game cards › freshness label is absent on pregame and final rows
[1A[2K[307/837] [chromium] › tests/home/freshness-label.spec.ts:45:7 › Freshness label on live game cards › freshness label appears with muted style when data is 30s–2min stale
[1A[2K  96) [chromium] › tests/golf/tournaments.spec.ts:5:7 › Golf: Tournaments page › page loads with tournament cards 

    Error: [2mexpect([22m[31mlocator[39m[2m).[22mtoBeVisible[2m([22m[2m)[22m failed

    Locator: locator('[data-testid=\'page-golf\']')
    Expected: visible
    Timeout: 10000ms
    Error: element(s) not found

    Call log:
    [2m  - Expect "toBeVisible" with timeout 10000ms[22m
    [2m  - waiting for locator('[data-testid=\'page-golf\']')[22m


       8 |
       9 |     const golfPage = page.locator("[data-testid='page-golf']");
    > 10 |     await expect(golfPage).toBeVisible();
         |                            ^
      11 |
      12 |     // Should have a heading
      13 |     await expect(page.locator("h1")).toContainText("PGA Tour");
        at /Users/michaelfuscoletti/Desktop/scroll-down-web/web/tests/golf/tournaments.spec.ts:10:28

    attachment #1: screenshot (image/png) ──────────────────────────────────────────────────────────
    test-results/golf-tournaments-Golf-Tour-aa411-loads-with-tournament-cards-chromium/test-failed-1.png
    ────────────────────────────────────────────────────────────────────────────────────────────────

    Error Context: test-results/golf-tournaments-Golf-Tour-aa411-loads-with-tournament-cards-chromium/error-context.md


[1A[2K(node:7280) Warning: The 'NO_COLOR' env is ignored due to the 'FORCE_COLOR' env being set.
(Use `node --trace-warnings ...` to show where the warning was created)


[1A[2K(node:7280) Warning: The 'NO_COLOR' env is ignored due to the 'FORCE_COLOR' env being set.
(Use `node --trace-warnings ...` to show where the warning was created)


[1A[2K[308/837] [chromium] › tests/home/freshness-label.spec.ts:93:7 › Freshness label on live game cards › freshness label shows amber 'May be delayed' at 2–5min threshold
[1A[2K  97) [chromium] › tests/history/history-page.spec.ts:20:7 › History page › date navigator is present when authorized 

    Error: [2mexpect([22m[31mlocator[39m[2m).[22mtoBeVisible[2m([22m[2m)[22m failed

    Locator: locator('[data-testid=\'auth-gate\']')
    Expected: visible
    Timeout: 10000ms
    Error: element(s) not found

    Call log:
    [2m  - Expect "toBeVisible" with timeout 10000ms[22m
    [2m  - waiting for locator('[data-testid=\'auth-gate\']')[22m


      30 |       // User is not admin, auth gate should show
      31 |       const authGate = page.locator("[data-testid='auth-gate']");
    > 32 |       await expect(authGate).toBeVisible();
         |                              ^
      33 |       return;
      34 |     }
      35 |
        at /Users/michaelfuscoletti/Desktop/scroll-down-web/web/tests/history/history-page.spec.ts:32:30

    attachment #1: screenshot (image/png) ──────────────────────────────────────────────────────────
    test-results/history-history-page-Histo-73153--is-present-when-authorized-chromium/test-failed-1.png
    ────────────────────────────────────────────────────────────────────────────────────────────────

    Error Context: test-results/history-history-page-Histo-73153--is-present-when-authorized-chromium/error-context.md


[1A[2K(node:7311) Warning: The 'NO_COLOR' env is ignored due to the 'FORCE_COLOR' env being set.
(Use `node --trace-warnings ...` to show where the warning was created)


[1A[2K(node:7311) Warning: The 'NO_COLOR' env is ignored due to the 'FORCE_COLOR' env being set.
(Use `node --trace-warnings ...` to show where the warning was created)


[1A[2K[309/837] [chromium] › tests/home/freshness-label.spec.ts:136:7 › Freshness label on live game cards › freshness label shows red 'Data delayed' beyond 5min threshold
[1A[2K[310/837] [chromium] › tests/home/game-list.spec.ts:9:7 › Home page – game list › loads and shows game content
[1A[2K[311/837] [chromium] › tests/home/game-list.spec.ts:19:7 › Home page – game list › league filter pills are visible and clicking one filters games
[1A[2K[312/837] [chromium] › tests/home/game-list.spec.ts:49:7 › Home page – game list › search bar filters games by team name
[1A[2K[313/837] [chromium] › tests/home/game-list.spec.ts:70:7 › Home page – game list › combined league filter and search works
[1A[2K[314/837] [chromium] › tests/home/game-list.spec.ts:93:7 › Home page – game list › search with no matches shows appropriate state
[1A[2K[315/837] [chromium] › tests/home/game-list.spec.ts:105:7 › Home page – game list › sections are visible with date-based headings
[1A[2K[316/837] [chromium] › tests/home/game-list.spec.ts:121:7 › Home page – game list › game row click navigates to /game/[id]
[1A[2K[317/837] [chromium] › tests/home/game-list.spec.ts:134:7 › Home page – game list › reveal gesture: blur overlay visible then fades on reveal click
[1A[2K[318/837] [chromium] › tests/home/game-list.spec.ts:166:7 › Home page – game list › reveal visual states: unrevealed rows have data-reveal-state attribute
[1A[2K[319/837] [chromium] › tests/home/game-list.spec.ts:189:7 › Home page – game list › reveal visual states: revealed row transitions to revealed state
[1A[2K[320/837] [chromium] › tests/home/game-list.spec.ts:216:7 › Home page – game list › reveal visual states: updated rows show UPDATE indicator
[1A[2K[321/837] [chromium] › tests/home/game-list.spec.ts:237:7 › Home page – game list › refresh triggers data reload
[1A[2K[322/837] [chromium] › tests/home/game-list.spec.ts:249:7 › Home page – game list › batch reveal: Reveal All marks all section games as revealed
[1A[2K  98) [chromium] › tests/home/game-list.spec.ts:93:7 › Home page – game list › search with no matches shows appropriate state 

    [31mTest timeout of 30000ms exceeded.[39m

    Error: locator.fill: Target page, context or browser has been closed
    Call log:
    [2m  - waiting for getByPlaceholder(/search/i)[22m


       96 |     await authedPage.getByTestId("search-toggle").click();
       97 |     const searchInput = authedPage.getByPlaceholder(/search/i);
    >  98 |     await searchInput.fill("xyznonexistentteam99");
          |                       ^
       99 |     await authedPage.waitForTimeout(400);
      100 |
      101 |     const rows = authedPage.locator("[data-testid='game-row']");
        at /Users/michaelfuscoletti/Desktop/scroll-down-web/web/tests/home/game-list.spec.ts:98:23

    attachment #1: screenshot (image/png) ──────────────────────────────────────────────────────────
    test-results/home-game-list-Home-page-–-bc409-hes-shows-appropriate-state-chromium/test-failed-1.png
    ────────────────────────────────────────────────────────────────────────────────────────────────

    Error Context: test-results/home-game-list-Home-page-–-bc409-hes-shows-appropriate-state-chromium/error-context.md


[1A[2K(node:8155) Warning: The 'NO_COLOR' env is ignored due to the 'FORCE_COLOR' env being set.
(Use `node --trace-warnings ...` to show where the warning was created)


[1A[2K(node:8155) Warning: The 'NO_COLOR' env is ignored due to the 'FORCE_COLOR' env being set.
(Use `node --trace-warnings ...` to show where the warning was created)


[1A[2K[323/837] [chromium] › tests/home/game-list.spec.ts:277:7 › Home page – game list › score-value data-testid present for non-pregame games in always mode
[1A[2K[324/837] [chromium] › tests/home/game-list.spec.ts:306:7 › Home page – game list › batch reveal: Mark All Read hides scores and removes unread indicators
[1A[2K[325/837] [chromium] › tests/home/live-badge.spec.ts:9:7 › Live badge indicator on game rows and game detail › live game rows show live-badge with LIVE text
[1A[2K[326/837] [chromium] › tests/home/live-badge.spec.ts:30:7 › Live badge indicator on game rows and game detail › live-badge is absent from final game rows
[1A[2K[327/837] [chromium] › tests/home/live-badge.spec.ts:53:7 › Live badge indicator on game rows and game detail › live-badge absent from pregame rows (no dot shown)
[1A[2K[328/837] [chromium] › tests/home/live-badge.spec.ts:83:7 › Live badge indicator on game rows and game detail › live-badge on game detail page for live game
[1A[2K[329/837] [chromium] › tests/home/onboarding.spec.ts:4:7 › Reveal hero strip › is always visible on fresh load
[1A[2K  99) [chromium] › tests/home/game-list.spec.ts:237:7 › Home page – game list › refresh triggers data reload 

    [31mTest timeout of 30000ms exceeded.[39m

    Error: page.waitForResponse: Target page, context or browser has been closed

      239 |     await expect(refreshBtn).toBeVisible();
      240 |
    > 241 |     const responsePromise = authedPage.waitForResponse(
          |                                        ^
      242 |       (resp) => resp.url().includes("/api/") && resp.status() === 200,
      243 |     );
      244 |     await refreshBtn.click();
        at /Users/michaelfuscoletti/Desktop/scroll-down-web/web/tests/home/game-list.spec.ts:241:40

    attachment #1: screenshot (image/png) ──────────────────────────────────────────────────────────
    test-results/home-game-list-Home-page-–-86ee8-efresh-triggers-data-reload-chromium/test-failed-1.png
    ────────────────────────────────────────────────────────────────────────────────────────────────

    Error Context: test-results/home-game-list-Home-page-–-86ee8-efresh-triggers-data-reload-chromium/error-context.md


[1A[2K(node:8571) Warning: The 'NO_COLOR' env is ignored due to the 'FORCE_COLOR' env being set.
(Use `node --trace-warnings ...` to show where the warning was created)


[1A[2K[330/837] [chromium] › tests/home/onboarding.spec.ts:29:7 › Reveal hero strip › is visible for logged-out users
[1A[2K(node:8571) Warning: The 'NO_COLOR' env is ignored due to the 'FORCE_COLOR' env being set.
(Use `node --trace-warnings ...` to show where the warning was created)


[1A[2K[331/837] [chromium] › tests/home/onboarding.spec.ts:14:7 › Reveal hero strip › remains visible after onboarding is dismissed and page reloaded
[1A[2K[332/837] [chromium] › tests/home/onboarding.spec.ts:41:7 › Reveal mode onboarding banner › shows on first visit (no sd-onboarding-seen flag)
[1A[2K  100) [chromium] › tests/home/onboarding.spec.ts:41:7 › Reveal mode onboarding banner › shows on first visit (no sd-onboarding-seen flag) 

    Error: [2mexpect([22m[31mlocator[39m[2m).[22mtoBeVisible[2m([22m[2m)[22m failed

    Locator: getByTestId('reveal-onboarding')
    Expected: visible
    Timeout: 5000ms
    Error: element(s) not found

    Call log:
    [2m  - Expect "toBeVisible" with timeout 5000ms[22m
    [2m  - waiting for getByTestId('reveal-onboarding')[22m


      44 |
      45 |     await page.goto("/");
    > 46 |     await expect(page.getByTestId("reveal-onboarding")).toBeVisible({ timeout: 5_000 });
         |                                                         ^
      47 |
      48 |     await ctx.close();
      49 |   });
        at /Users/michaelfuscoletti/Desktop/scroll-down-web/web/tests/home/onboarding.spec.ts:46:57

    attachment #1: screenshot (image/png) ──────────────────────────────────────────────────────────
    test-results/home-onboarding-Reveal-mod-c6bc6-no-sd-onboarding-seen-flag--chromium/test-failed-1.png
    ────────────────────────────────────────────────────────────────────────────────────────────────

    Error Context: test-results/home-onboarding-Reveal-mod-c6bc6-no-sd-onboarding-seen-flag--chromium/error-context.md


[1A[2K(node:8697) Warning: The 'NO_COLOR' env is ignored due to the 'FORCE_COLOR' env being set.
(Use `node --trace-warnings ...` to show where the warning was created)


[1A[2K(node:8697) Warning: The 'NO_COLOR' env is ignored due to the 'FORCE_COLOR' env being set.
(Use `node --trace-warnings ...` to show where the warning was created)


[1A[2K[333/837] [chromium] › tests/home/onboarding.spec.ts:51:7 › Reveal mode onboarding banner › does not show after dismiss + reload
[1A[2K[334/837] [chromium] › tests/home/onboarding.spec.ts:75:7 › Reveal mode onboarding banner › does not show when user already has revealed games
[1A[2K[335/837] [chromium] › tests/home/pinning.spec.ts:13:7 › Home page – pinning › pin icon is visible on game rows
[1A[2K[336/837] [chromium] › tests/home/pinning.spec.ts:21:7 › Home page – pinning › clicking pin icon toggles to Unpin
[1A[2K  101) [chromium] › tests/home/onboarding.spec.ts:51:7 › Reveal mode onboarding banner › does not show after dismiss + reload 

    Error: [2mexpect([22m[31mlocator[39m[2m).[22mtoBeVisible[2m([22m[2m)[22m failed

    Locator: getByTestId('reveal-onboarding')
    Expected: visible
    Timeout: 5000ms
    Error: element(s) not found

    Call log:
    [2m  - Expect "toBeVisible" with timeout 5000ms[22m
    [2m  - waiting for getByTestId('reveal-onboarding')[22m


      55 |     await page.goto("/");
      56 |     const banner = page.getByTestId("reveal-onboarding");
    > 57 |     await expect(banner).toBeVisible({ timeout: 5_000 });
         |                          ^
      58 |
      59 |     // Step 1 → click Next
      60 |     await page.getByTestId("reveal-onboarding-dismiss").click();
        at /Users/michaelfuscoletti/Desktop/scroll-down-web/web/tests/home/onboarding.spec.ts:57:26

    attachment #1: screenshot (image/png) ──────────────────────────────────────────────────────────
    test-results/home-onboarding-Reveal-mod-bb86a-t-show-after-dismiss-reload-chromium/test-failed-1.png
    ────────────────────────────────────────────────────────────────────────────────────────────────

    Error Context: test-results/home-onboarding-Reveal-mod-bb86a-t-show-after-dismiss-reload-chromium/error-context.md


[1A[2K(node:8811) Warning: The 'NO_COLOR' env is ignored due to the 'FORCE_COLOR' env being set.
(Use `node --trace-warnings ...` to show where the warning was created)


[1A[2K(node:8811) Warning: The 'NO_COLOR' env is ignored due to the 'FORCE_COLOR' env being set.
(Use `node --trace-warnings ...` to show where the warning was created)


[1A[2K[337/837] [chromium] › tests/home/pinning.spec.ts:32:7 › Home page – pinning › PinnedBar appears in header after pinning
[1A[2K[338/837] [chromium] › tests/home/pinning.spec.ts:45:7 › Home page – pinning › clicking X on pinned chip removes it
